env,role,name,email,phone,request,approved,used
qa,CLUB,nvgbelshabory,nvgbelshabory@mailinator.com,+201095227668,9b455438-badb-4c93-afc8-9cc638f2f3a9,true,true
qa,CLUB,pbycelshabory,pbycelshabory@mailinator.com,+201016977867,e353dbe8-04a1-4ac2-bc59-56ecad5a503b,true,true
uat,CLUB,jislelshabory,jislelshabory@mailinator.com,+201073843341,894e3d42-f9ac-48e4-ad1e-23670d5f4250,true,true
uat,CLUB,gvvgelshabory,gvvgelshabory@mailinator.com,+201021409948,88483ef0-c014-418e-a584-e7237bb0a8b9,true
uat,CLUB,aljpelshabory,aljpelshabory@mailinator.com,+201061453740,5f186c00-16ac-45da-a3ce-aafd8b9c1d57,true
uat,CLUB,bffjelshabory,bffjelshabory@mailinator.com,+201011818718,72fb80ad-e8dc-4ea2-bda7-a9b05e775a79,true
uat,CLUB,vehgelshabory,vehgelshabory@mailinator.com,+201033093179,2b8d8623-fa21-472b-b666-23cd8a4ea20b,true
uat,CLUB,ylbwelshabory,ylbwelshabory@mailinator.com,+201004585381,ed843966-022a-486f-8d98-222a6853a027,true
dev,CLUB,onbvelshabory,onbvelshabory@mailinator.com,+201072471700,1e4cd9db-fdd7-4443-9473-426a05b12de4,true
qa,CLUB,uesrelshabory,uesrelshabory@mailinator.com,+201020586544,56bda44e-39f1-4886-87dd-e7ac5773eb88,true,true
dev,CLUB,qqskelshabory,qqskelshabory@mailinator.com,+201070531549,77426f54-abac-489c-81e2-989da6139e12,true
qa,CLUB,vfzxelshabory,vfzxelshabory@mailinator.com,+201014244751,cc71c946-7c95-48b5-9f31-c150e2eeb2a0,true,true
qa,CLUB,shdoelshabory,shdoelshabory@mailinator.com,+201055426664,38c158b1-71fb-4e68-8250-a94af7d61ccf,true,true
qa,CLUB,jjznelshabory,jjznelshabory@mailinator.com,+201046455457,00713ce8-faf3-4197-9fe9-8d6917f81b73,true
cr,CLUB,lykmelshabory,lykmelshabory@mailinator.com,+201033760675,f75b0e02-73b4-4208-9597-6b45519ff805,true,true
cr,CLUB,mtblelshabory,mtblelshabory@mailinator.com,+201085787701,5b552c30-1663-4493-b566-5ccd7d616155,true,true
cr,CLUB,ooazelshabory,ooazelshabory@mailinator.com,+201060234637,5e01ead0-e5bf-4646-af50-83902ff3b8ea,true,true
cr,CLUB,zrgwelshabory,zrgwelshabory@mailinator.com,+201060052485,a13e37df-77ad-4cac-bb65-960070e28f35,true,true
cr,CLUB,vbtjelshabory,vbtjelshabory@mailinator.com,+201076310281,3d0504da-08b5-4d70-a22c-bb8699a2997f,true
cr,CLUB,aynbelshabory,aynbelshabory@mailinator.com,+201075884378,3eeda018-3538-4e70-b2d1-69c6c0d24b21,true,true
local,CLUB,notuelshabory,notuelshabory@mailinator.com,+201049196040,69151741-93a6-4d58-984b-60562a12ab38,true
qa,CLUB,rqqmelshabory,rqqmelshabory@mailinator.com,+201018845705,bcb166ad-3d5b-4e6b-bb10-fbe1b852ed27,true
local,CLUB,gjheelshabory,gjheelshabory@mailinator.com,+201022515846,84d44d8b-a78c-4c0a-b91d-fb0266085e4f,true
local,CLUB,grvvelshabory,grvvelshabory@mailinator.com,+201077104853,f52b33a5-a224-4811-9f49-fa7eb1f98ebd,true
