env,role,name,email,phone,used
local,PLAYER,lnouelshabory,lnouelshabory@mailinator.com,+201056286464,true
local,PLAYER,hyjjelshabory,hyjjelshabory@mailinator.com,+201015263191,true
local,PLAYER,estnelshabory,estnelshabory@mailinator.com,+201024057829,true
local,PLAYER,cibselshabory,cibselshabory@mailinator.com,+201027299883
local,PLAYER,vxhzelshabory,vxhzelshabory@mailinator.com,+201002098545
cr,PLAYER,zntaelshabory,zntaelshabory@mailinator.com,+201097327618
uat,PLAYER,wwzfelshabory,wwzfelshabory@mailinator.com,+201022789928
uat,PLAYER,dwepelshabory,dwepelshabory@mailinator.com,+201009861503
uat,PLAYER,hoowelshabory,hoowelshabory@mailinator.com,+201027514048
uat,PLAYER,ltymelshabory,ltymelshabory@mailinator.com,+201056910817
uat,PLAYER,ascielshabory,ascielshabory@mailinator.com,+201085516922
local,PLAYER,wxwcelshabory,wxwcelshabory@mailinator.com,+201090882917,true
local,PLAYER,kwftelshabory,kwftelshabory@mailinator.com,+201073282954,true
local,PLAYER,wirzelshabory,wirzelshabory@mailinator.com,+201038265350,true
local,PLAYER,pwiyelshabory,pwiyelshabory@mailinator.com,+201043843976,true
local,PLAYER,irieelshabory,irieelshabory@mailinator.com,+201074926551,true
local,PLAYER,pjaielshabory,pjaielshabory@mailinator.com,+201084680784,true
local,PLAYER,bloselshabory,bloselshabory@mailinator.com,+201062342494,true
local,PLAYER,dpyyelshabory,dpyyelshabory@mailinator.com,+201011574475,true
local,PLAYER,stooelshabory,stooelshabory@mailinator.com,+201061637140,true
local,PLAYER,gsijelshabory,gsijelshabory@mailinator.com,+201064319851,true
local,PLAYER,vovkelshabory,vovkelshabory@mailinator.com,+201009390866
dev,PLAYER,ampnelshabory,ampnelshabory@mailinator.com,+201099705773
dev,PLAYER,nxjoelshabory,nxjoelshabory@mailinator.com,+201009986504,true
dev,PLAYER,qqyqelshabory,qqyqelshabory@mailinator.com,+201090025770,true
dev,PLAYER,qrwielshabory,qrwielshabory@mailinator.com,+201032883040,true
dev,PLAYER,xadrelshabory,xadrelshabory@mailinator.com,+201039697268
dev,PLAYER,ujmbelshabory,ujmbelshabory@mailinator.com,+201028043095
dev,PLAYER,hdwmelshabory,hdwmelshabory@mailinator.com,+201000568644
dev,PLAYER,uaauelshabory,uaauelshabory@mailinator.com,+201071954443
dev,PLAYER,awemelshabory,awemelshabory@mailinator.com,+201077574895
dev,PLAYER,txidelshabory,txidelshabory@mailinator.com,+201032294245
qa,PLAYER,kryyelshabory,kryyelshabory@mailinator.com,+201077537490,true
qa,PLAYER,zqdgelshabory,zqdgelshabory@mailinator.com,+201011559158,true
qa,PLAYER,yczqelshabory,yczqelshabory@mailinator.com,+201095845828,true
qa,PLAYER,jqcfelshabory,jqcfelshabory@mailinator.com,+201081936290,true
qa,PLAYER,ebebelshabory,ebebelshabory@mailinator.com,+201039015837,true
qa,PLAYER,svbtelshabory,svbtelshabory@mailinator.com,+201028534819,true
qa,PLAYER,bacfelshabory,bacfelshabory@mailinator.com,+201065758657
qa,PLAYER,govtelshabory,govtelshabory@mailinator.com,+201070830218
local,CLUB_ADMIN,lalhelshabory,lalhelshabory@mailinator.com,+201071325424
cr,CLUB_ADMIN,ftfvelshabory,ftfvelshabory@mailinator.com,+201096281504
cr,CLUB_ADMIN,dvpselshabory,dvpselshabory@mailinator.com,+201027495298
qa,PLAYER,wvbdelshabory,wvbdelshabory@mailinator.com,+201012541433
qa,PLAYER,nxqqelshabory,nxqqelshabory@mailinator.com,+201031053002
qa,PLAYER,ptpxelshabory,ptpxelshabory@mailinator.com,+201061963050
local,PLAYER,flaselshabory,flaselshabory@mailinator.com,+201072847210
