-- MySQL dump 10.13  Distrib 8.0.33, for Linux (x86_64)
--
-- Host: 10.11.4.11    Database: team-club-dev
-- ------------------------------------------------------
-- Server version	8.0.32-u3-cloud

/*!40101 SET @OLD_CHARACTER_SET_CLIENT=@@CHARACTER_SET_CLIENT */;
/*!40101 SET @OLD_CHARACTER_SET_RESULTS=@@CHARACTER_SET_RESULTS */;
/*!40101 SET @OLD_COLLATION_CONNECTION=@@COLLATION_CONNECTION */;
/*!50503 SET NAMES utf8mb4 */;
/*!40103 SET @OLD_TIME_ZONE=@@TIME_ZONE */;
/*!40103 SET TIME_ZONE='+00:00' */;
/*!40014 SET @OLD_UNIQUE_CHECKS=@@UNIQUE_CHECKS, UNIQUE_CHECKS=0 */;
/*!40014 SET @OLD_FOREIGN_KEY_CHECKS=@@FOREIGN_KEY_CHECKS, FOREIGN_KEY_CHECKS=0 */;
/*!40101 SET @OLD_SQL_MODE=@@SQL_MODE, SQL_MODE='NO_AUTO_VALUE_ON_ZERO' */;
/*!40111 SET @OLD_SQL_NOTES=@@SQL_NOTES, SQL_NOTES=0 */;

--
-- Current Database: `team-club-dev`
--

CREATE DATABASE /*!32312 IF NOT EXISTS*/ `team-club-dev` /*!40100 DEFAULT CHARACTER SET utf8mb4 COLLATE utf8mb4_0900_ai_ci */ /*!80016 DEFAULT ENCRYPTION='N' */;

USE `team-club-dev`;

--
-- Table structure for table `DATABASECHANGELOG`
--

DROP TABLE IF EXISTS `DATABASECHANGELOG`;
/*!40101 SET @saved_cs_client     = @@character_set_client */;
/*!50503 SET character_set_client = utf8mb4 */;
CREATE TABLE `DATABASECHANGELOG` (
  `my_row_id` bigint unsigned NOT NULL AUTO_INCREMENT /*!80023 INVISIBLE */,
  `ID` varchar(255) NOT NULL,
  `AUTHOR` varchar(255) NOT NULL,
  `FILENAME` varchar(255) NOT NULL,
  `DATEEXECUTED` datetime NOT NULL,
  `ORDEREXECUTED` int NOT NULL,
  `EXECTYPE` varchar(10) NOT NULL,
  `MD5SUM` varchar(35) DEFAULT NULL,
  `DESCRIPTION` varchar(255) DEFAULT NULL,
  `COMMENTS` varchar(255) DEFAULT NULL,
  `TAG` varchar(255) DEFAULT NULL,
  `LIQUIBASE` varchar(20) DEFAULT NULL,
  `CONTEXTS` varchar(255) DEFAULT NULL,
  `LABELS` varchar(255) DEFAULT NULL,
  `DEPLOYMENT_ID` varchar(10) DEFAULT NULL,
  PRIMARY KEY (`my_row_id`)
) ENGINE=InnoDB AUTO_INCREMENT=100 DEFAULT CHARSET=utf8mb4 COLLATE=utf8mb4_0900_ai_ci;
/*!40101 SET character_set_client = @saved_cs_client */;

--
-- Dumping data for table `DATABASECHANGELOG`
--

LOCK TABLES `DATABASECHANGELOG` WRITE;
/*!40000 ALTER TABLE `DATABASECHANGELOG` DISABLE KEYS */;
INSERT INTO `DATABASECHANGELOG` (`my_row_id`, `ID`, `AUTHOR`, `FILENAME`, `DATEEXECUTED`, `ORDEREXECUTED`, `EXECTYPE`, `MD5SUM`, `DESCRIPTION`, `COMMENTS`, `TAG`, `LIQUIBASE`, `CONTEXTS`, `LABELS`, `DEPLOYMENT_ID`) VALUES (1,'raw','includeAll','db/changelog/mysql/changes/V1-all-scripts.sql','2023-02-07 15:28:29',1,'EXECUTED','8:a9d0bb40d5e7d02fca099c9ec3a42588','sql','',NULL,'4.3.1',NULL,NULL,'5783708612'),(2,'raw','includeAll','db/changelog/mysql/changes/V9_club_owner_request_ddl.sql','2023-02-13 12:35:03',2,'EXECUTED','8:5e58afaaba34fcf0919e13334a2d6f40','sql','',NULL,'4.3.1',NULL,NULL,'6291703132'),(3,'raw','includeAll','db/changelog/mysql/changes/V1_club_license_path_ddl.sql','2023-02-13 12:49:19',3,'EXECUTED','8:b2b55a7fed9e6f4fac1867c0980fca96','sql','',NULL,'4.3.1',NULL,NULL,'6292559643'),(4,'raw','includeAll','db/changelog/mysql/changes/V1_club_license_ddl.sql','2023-02-14 07:47:37',4,'EXECUTED','8:cbcdee497790da3f39b363f7b979c63d','sql','',NULL,'4.3.1',NULL,NULL,'6360857580'),(5,'raw','includeAll','db/changelog/mysql/changes/V1_club_license_id_ddl.sql','2023-02-14 09:28:40',5,'EXECUTED','8:f3cac7fe1041810bdc6c26bcdbbcbc85','sql','',NULL,'4.3.1',NULL,NULL,'6366920323'),(6,'raw','includeAll','db/changelog/mysql/changes/V1_club_license_clubId_ddl.sql','2023-02-14 09:47:35',6,'EXECUTED','8:f70e3b8d0318ed7a67618e2f430f4a0f','sql','',NULL,'4.3.1',NULL,NULL,'6368055857'),(7,'raw','includeAll','db/changelog/mysql/changes/V1_country_data_issue_dml_sql.sql','2023-02-14 12:12:28',7,'EXECUTED','8:55c8350410de0433a056e8d5b350e1e0','sql','',NULL,'4.3.1',NULL,NULL,'6376748261'),(8,'raw','includeAll','db/changelog/mysql/changes/V2_country_data_issue_dml_sql.sql','2023-02-14 13:44:35',8,'EXECUTED','8:ee00deddc4121891f141bb029ae12428','sql','',NULL,'4.3.1',NULL,NULL,'6382275331'),(9,'raw','includeAll','db/changelog/mysql/changes/V1_country_add_missing_dml.sql','2023-02-14 21:41:37',9,'EXECUTED','8:a25ee49972e3a1fb639f2eeb58cd1d6a','sql','',NULL,'4.3.1',NULL,NULL,'6410897322'),(10,'raw','includeAll','db/changelog/mysql/changes/V1_club_license_reg_id_ddl.sql','2023-02-19 14:48:07',10,'EXECUTED','8:e0122d2915a9aaa541364ede06e5a1ba','sql','',NULL,'4.3.1',NULL,NULL,'6818087137'),(11,'raw','includeAll','db/changelog/mysql/changes/V2_club_ddl.sql','2023-02-26 10:06:38',11,'EXECUTED','8:5ceb2eca93785bfa73cd24752821a9ee','sql','',NULL,'4.3.1',NULL,NULL,'7405998342'),(12,'raw','includeAll','db/changelog/mysql/changes/V3_club_ddl.sql','2023-02-27 07:18:39',12,'EXECUTED','8:9d5c782e608513496e8ab8be87821edd','sql','',NULL,'4.3.1',NULL,NULL,'7482319121'),(13,'raw','includeAll','db/changelog/mysql/changes/v1_club_social_media_ddl.sql','2023-02-28 08:41:48',13,'EXECUTED','8:3b666eb1b692f319100b8286a2333b57','sql','',NULL,'4.3.1',NULL,NULL,'7573708177'),(14,'raw','includeAll','db/changelog/mysql/changes/v1_club_social_account_link.sql','2023-02-28 08:41:48',14,'EXECUTED','8:337141a1c53d705930bf8be9c6625bb2','sql','',NULL,'4.3.1',NULL,NULL,'7573708177'),(15,'raw','includeAll','db/changelog/mysql/changes/v1_game_metadata_dml.sql','2023-03-11 10:16:41',15,'EXECUTED','8:34e82e19ea768d34503b00012b5a1a44','sql','',NULL,'4.3.1',NULL,NULL,'8529801081'),(16,'raw','includeAll','db/changelog/mysql/changes/V1_team_ddl.sql','2023-03-11 14:46:38',16,'EXECUTED','8:97744216c95f423c3f68c6d0cbe37902','sql','',NULL,'4.3.1',NULL,NULL,'8545998073'),(17,'raw','includeAll','db/changelog/mysql/changes/V1_team_member_ddl.sql','2023-03-11 14:46:38',17,'EXECUTED','8:84ed5f2092c8be6f4cf9308c36ba115b','sql','',NULL,'4.3.1',NULL,NULL,'8545998073'),(18,'raw','includeAll','db/changelog/mysql/changes/V1_team_social_media_ddl.sql','2023-03-11 14:46:38',18,'EXECUTED','8:77e0ffe8f3f8961c9d812c5232ee60af','sql','',NULL,'4.3.1',NULL,NULL,'8545998073'),(19,'raw','includeAll','db/changelog/mysql/changes/V10_invitation_ddl.sql','2023-03-11 14:46:38',19,'EXECUTED','8:cea198ed744ca7b9e5acf23abbc5e292','sql','',NULL,'4.3.1',NULL,NULL,'8545998073'),(20,'raw','includeAll','db/changelog/mysql/changes/v1_game_attribute_ddl.sql','2023-03-12 08:22:40',20,'EXECUTED','8:227690c496b02dcdc25c6419c6d75aa2','sql','',NULL,'4.3.1',NULL,NULL,'8609360521'),(21,'raw','includeAll','db/changelog/mysql/changes/v1_club_sponsor_ddl.sql','2023-03-12 08:22:40',21,'EXECUTED','8:b9e9207b1c32e561728430a7cf2938f3','sql','',NULL,'4.3.1',NULL,NULL,'8609360521'),(22,'raw','includeAll','db/changelog/mysql/changes/v1_social_media_sorting.sql','2023-03-12 11:10:37',22,'EXECUTED','8:45d39ed4922e49d14fee6e654ffaed19','sql','',NULL,'4.3.1',NULL,NULL,'8619437152'),(23,'raw','includeAll','db/changelog/mysql/changes/V2_team_ddl.sql','2023-03-12 12:34:38',23,'EXECUTED','8:44791d142c5f2275f83caf2f655d13a9','sql','',NULL,'4.3.1',NULL,NULL,'8624477910'),(24,'raw','includeAll','db/changelog/mysql/changes/v1_setting_ddl.sql','2023-03-12 16:25:38',24,'EXECUTED','8:4bd56c43fe4c32c1ecec0be722b40036','sql','',NULL,'4.3.1',NULL,NULL,'8638338283'),(25,'raw','includeAll','db/changelog/mysql/changes/v11_invitation_seq.sql','2023-03-12 18:10:38',25,'EXECUTED','8:7c4fedc0f7d6a4174a9c1c1c878c54aa','sql','',NULL,'4.3.1',NULL,NULL,'8644638562'),(26,'raw','includeAll','db/changelog/mysql/changes/v12_invitation_seq.sql','2023-03-12 19:07:38',26,'EXECUTED','8:ebf00a9a3c712626b1b9f3149d1d41c0','sql','',NULL,'4.3.1',NULL,NULL,'8648058474'),(27,'raw','includeAll','db/changelog/mysql/changes/V0-game-metadata.sql','2023-03-12 20:38:31',27,'EXECUTED','8:70cb75237a4d95e2b25134930747b5be','sql','',NULL,'4.3.1',NULL,NULL,'8653511137'),(28,'raw','includeAll','db/changelog/mysql/changes/V1-game-metadata.sql','2023-03-12 20:38:31',28,'EXECUTED','8:4e6b92a0f6a0460e83beb0cd5535377d','sql','',NULL,'4.3.1',NULL,NULL,'8653511137'),(29,'raw','includeAll','db/changelog/mysql/changes/V2-game-metadata.sql','2023-03-12 20:38:33',29,'EXECUTED','8:e273b8b1e34235959a7135a3b03a6b98','sql','',NULL,'4.3.1',NULL,NULL,'8653511137'),(30,'raw','includeAll','db/changelog/mysql/changes/V2_club_owner_request_dml.sql','2023-03-13 07:52:39',30,'EXECUTED','8:d97b4c988d1429494e12e8b0e8a4ce30','sql','',NULL,'4.3.1',NULL,NULL,'8693959809'),(31,'raw','includeAll','db/changelog/mysql/changes/V3_team_ddl.sql','2023-03-13 11:22:37',31,'EXECUTED','8:908c4690c015a79dda26be7897fbfcb8','sql','',NULL,'4.3.1',NULL,NULL,'8706557268'),(32,'raw','includeAll','db/changelog/mysql/changes/V2_setting_ddl.sql','2023-03-13 13:04:39',32,'EXECUTED','8:091bf44d92eff1ca6603e9a29a5da77b','sql','',NULL,'4.3.1',NULL,NULL,'8712678889'),(33,'raw','includeAll','db/changelog/mysql/changes/V13-invitation_add_team_col.sql','2023-03-13 18:16:38',33,'EXECUTED','8:4a46e978a536820b671fcc4276f50624','sql','',NULL,'4.3.1',NULL,NULL,'8731398579'),(34,'raw','includeAll','db/changelog/mysql/changes/V3_setting_ddl.sql','2023-03-14 13:07:40',34,'EXECUTED','8:da3afba5cc81e506f18e420cb07f068c','sql','',NULL,'4.3.1',NULL,NULL,'8799260750'),(35,'raw','includeAll','db/changelog/mysql/changes/V1-game-order-col.sql','2023-03-14 20:40:39',35,'EXECUTED','8:f6315bec49252826fe04d90e507fbb1a','sql','',NULL,'4.3.1',NULL,NULL,'8826439595'),(36,'raw','includeAll','db/changelog/mysql/changes/V4_team_ddl.sql','2023-03-16 11:40:02',36,'EXECUTED','8:8a0f96f4a9f2fa4c4c236590c55cf9d5','sql','',NULL,'4.3.1',NULL,NULL,'8966801985'),(37,'raw','includeAll','db/changelog/mysql/changes/V1_member_social_media_ddl.sql','2023-03-16 13:16:02',37,'EXECUTED','8:e5a0ee1c4956493489987578871c813c','sql','',NULL,'4.3.1',NULL,NULL,'8972561913'),(38,'raw','includeAll','db/changelog/mysql/changes/v14_invitation_code.sql','2023-03-16 14:09:59',38,'EXECUTED','8:a26826859dd83bf7c05a9447a3820fec','sql','',NULL,'4.3.1',NULL,NULL,'8975799284'),(39,'raw','includeAll','db/changelog/mysql/changes/v1_add_club_code_ddl.sql','2023-03-18 09:45:59',39,'EXECUTED','8:88d4077d518107518adfce6a0c3dcfc4','sql','',NULL,'4.3.1',NULL,NULL,'9132759104'),(40,'raw','includeAll','db/changelog/mysql/changes/V2_game_attributes_translation.sql','2023-03-21 21:40:47',40,'EXECUTED','8:0e54073061e94d1202f43b95ca44b919','sql','',NULL,'4.3.1',NULL,NULL,'9434847570'),(41,'raw','includeAll','db/changelog/mysql/changes/V1_invitation_status_ddl.sql','2023-03-22 14:29:37',41,'EXECUTED','8:8a936cf78fc8287d980e84d689a434fe','sql','',NULL,'4.3.1',NULL,NULL,'9495377757'),(42,'raw','includeAll','db/changelog/mysql/changes/V2_invitation_status_dml.sql','2023-03-23 13:32:09',42,'EXECUTED','8:c82cca689ea7ca6bb383e39532a268c5','sql','',NULL,'4.3.1',NULL,NULL,'9578328969'),(43,'raw','includeAll','db/changelog/mysql/changes/v1_add_team_code_ddl.sql','2023-03-27 11:38:12',43,'EXECUTED','8:72b36fe9b88583863133f58d55e2aa5a','sql','',NULL,'4.3.1',NULL,NULL,'9917092018'),(44,'raw','includeAll','db/changelog/mysql/changes/v1_update_social_media_link.sql','2023-03-27 15:35:12',44,'EXECUTED','8:624754b84d5df641ad208efb0f03371a','sql','',NULL,'4.3.1',NULL,NULL,'9931312494'),(45,'raw','includeAll','db/changelog/mysql/changes/V1_announcement_ddl.sql','2023-03-27 19:35:10',45,'EXECUTED','8:1f9c9a1a6483f10993a6c4ad36bab9f0','sql','',NULL,'4.3.1',NULL,NULL,'9945710262'),(46,'raw','includeAll','db/changelog/mysql/changes/V14_person_new_fields.sql','2023-03-27 22:05:09',46,'EXECUTED','8:fb3b954ceb89f4b8474567c111f36aa8','sql','',NULL,'4.3.1',NULL,NULL,'9954709597'),(47,'raw','includeAll','db/changelog/mysql/changes/V1_remainder_assginemnt_ddl.sql','2023-03-27 23:05:10',47,'EXECUTED','8:994dfad3ee757745bd5e6151ba700644','sql','',NULL,'4.3.1',NULL,NULL,'9958310572'),(48,'raw','includeAll','db/changelog/mysql/changes/V14_person_member_codes.sql','2023-03-28 10:29:10',48,'EXECUTED','8:190df533f3170a9bcb6ab3007bfcd74a','sql','',NULL,'4.3.1',NULL,NULL,'9999350060'),(49,'raw','includeAll','db/changelog/mysql/changes/V1_settings_table.sql','2023-03-28 17:56:09',49,'EXECUTED','8:af7ca2adc87994be0fddaaafd464d52f','sql','',NULL,'4.3.1',NULL,NULL,'0026169661'),(50,'raw','includeAll','db/changelog/mysql/changes/V15_teams_archived.sql','2023-03-29 09:26:10',50,'EXECUTED','8:8539a27d34d1ceb837ba9a7f4cb54480','sql','',NULL,'4.3.1',NULL,NULL,'0081970435'),(51,'raw','includeAll','db/changelog/mysql/changes/V16_teams_archived.sql','2023-03-29 14:59:10',51,'EXECUTED','8:88ab7f019346b35b6e65ca74b1fd82b3','sql','',NULL,'4.3.1',NULL,NULL,'0101950825'),(52,'raw','includeAll','db/changelog/mysql/changes/V1_add_cr_expiration_cols.sql','2023-03-29 19:53:57',52,'EXECUTED','8:b3fdebb6d09e2298925bdb5706b9ce4f','sql','',NULL,'4.3.1',NULL,NULL,'0119637563'),(53,'raw','includeAll','db/changelog/mysql/changes/V2_update_game_attrs_validations.sql','2023-03-29 19:53:57',53,'EXECUTED','8:1214c5a482258606f4ae0d37d3b95ceb','sql','',NULL,'4.3.1',NULL,NULL,'0119637563'),(54,'raw','includeAll','db/changelog/mysql/changes/V15_teams_blocked.sql','2023-03-30 11:57:16',54,'EXECUTED','8:26465b7d16c12cccb97068840059ee92','sql','',NULL,'4.3.1',NULL,NULL,'0177436267'),(55,'raw','includeAll','db/changelog/mysql/changes/V11_1_invitation_ddl.sql','2023-03-30 22:14:12',55,'EXECUTED','8:e27e186f6c5082161bff1485081f920f','sql','',NULL,'4.3.1',NULL,NULL,'0214452594'),(56,'raw','includeAll','db/changelog/mysql/changes/V15_teams_arhieve_reason.sql','2023-03-30 22:14:12',56,'EXECUTED','8:16b3fa30db3ac6dd50ee60c638661888','sql','',NULL,'4.3.1',NULL,NULL,'0214452594'),(57,'raw','includeAll','db/changelog/mysql/changes/V2_club_block_data.sql','2023-03-31 12:29:12',57,'EXECUTED','8:529396f559c5f07cead609bcdc9efad9','sql','',NULL,'4.3.1',NULL,NULL,'0265752119'),(58,'raw','includeAll','db/changelog/mysql/changes/v17_team_archived_by.sql','2023-04-02 10:02:13',58,'EXECUTED','8:a7d26e206c620ead6b719823d8013a71','sql','',NULL,'4.3.1',NULL,NULL,'0429732985'),(59,'raw','includeAll','db/changelog/mysql/changes/V1_applicant_ddl.sql','2023-04-02 10:02:13',59,'EXECUTED','8:46ae84010227f033227ef43b9fc17f18','sql','',NULL,'4.3.1',NULL,NULL,'0429732985'),(60,'raw','includeAll','db/changelog/mysql/changes/V1_club_request_admin_ddl.sql','2023-04-03 10:38:14',60,'EXECUTED','8:4afe1fefa9aa88dd4fbb9e89b6c076dc','sql','',NULL,'4.3.1',NULL,NULL,'0518294328'),(61,'raw','includeAll','db/changelog/mysql/changes/V18_club_request_admin_status.sql','2023-04-03 16:05:14',61,'EXECUTED','8:baf0537e598767aef7cf48c89e93db80','sql','',NULL,'4.3.1',NULL,NULL,'0537914772'),(62,'raw','includeAll','db/changelog/mysql/changes/attrs.sql','2023-04-04 11:38:12',62,'EXECUTED','8:dda8c68e0f21bc77583fe4f35edca8c1','sql','',NULL,'4.3.1',NULL,NULL,'0608292456'),(63,'raw','includeAll','db/changelog/mysql/changes/V1_invitation_type_ddl.sql','2023-04-04 17:23:13',63,'EXECUTED','8:10f666b6a685ec18a07648d23e590202','sql','',NULL,'4.3.1',NULL,NULL,'0628993639'),(64,'raw','includeAll','db/changelog/mysql/changes/V2_applicant_ddl.sql','2023-04-04 17:23:13',64,'EXECUTED','8:9a0ed18b062e81b42bb3f12037d6ab70','sql','',NULL,'4.3.1',NULL,NULL,'0628993639'),(65,'raw','includeAll','db/changelog/mysql/changes/V1_gam_attributes_udpate.sql','2023-04-07 16:53:14',65,'EXECUTED','8:2a5034dc485f3a2a1c1c1910ac74a540','sql','',NULL,'4.3.1',NULL,NULL,'0886394698'),(66,'raw','includeAll','db/changelog/mysql/changes/V1_club_content_creator.sql','2023-04-07 16:53:14',66,'EXECUTED','8:678430ebb2d793b8d5ea1c0fc9e21c56','sql','',NULL,'4.3.1',NULL,NULL,'0886394698'),(67,'raw','includeAll','db/changelog/mysql/changes/V1-add-member-profile-picture.sql','2023-04-07 20:47:15',67,'EXECUTED','8:b025d74cedafbf8b73ace0c1c2696d7a','sql','',NULL,'4.3.1',NULL,NULL,'0900435459'),(68,'raw','includeAll','db/changelog/mysql/changes/v1-add-tracker-social-media.sql','2023-04-08 18:47:14',68,'EXECUTED','8:f151149f2051f007a8412c9287142cf8','sql','',NULL,'4.3.1',NULL,NULL,'0979634582'),(69,'raw','includeAll','db/changelog/mysql/changes/v1-update-club-scripts.sql','2023-04-08 23:11:13',69,'EXECUTED','8:7c304280c867a81f47c0d1c8aeaee0e6','sql','',NULL,'4.3.1',NULL,NULL,'0995473435'),(70,'raw','includeAll','db/changelog/mysql/changes/v1-add-cancel-requst-scripts.sql','2023-04-09 16:56:15',70,'EXECUTED','8:2df78bd7368910e6d14be06e425ca7a3','sql','',NULL,'4.3.1',NULL,NULL,'1059375341'),(71,'raw','includeAll','db/changelog/mysql/changes/V1-block-member-ddl.sql','2023-04-09 21:47:14',71,'EXECUTED','8:cd56d83f9001cab2feef245f7b1182cf','sql','',NULL,'4.3.1',NULL,NULL,'1076834616'),(72,'raw','includeAll','db/changelog/mysql/changes/v19_block_reason_type.sql','2023-04-09 23:20:15',72,'EXECUTED','8:d217039cdfb3afc3358133bd727e52d5','sql','',NULL,'4.3.1',NULL,NULL,'1082414869'),(73,'raw','includeAll','db/changelog/mysql/changes/V1_required_actions_list.sql','2023-04-10 23:47:15',73,'EXECUTED','8:08445eae458f48ca7f3487e04b492656','sql','',NULL,'4.3.1',NULL,NULL,'1170435542'),(74,'raw','includeAll','db/changelog/mysql/changes/V1_announcement_status_ddl.sql','2023-04-11 09:08:13',74,'EXECUTED','8:baeddc2b69109eed3a0a7b1dd2afb93e','sql','',NULL,'4.3.1',NULL,NULL,'1204093626'),(75,'raw','includeAll','db/changelog/mysql/changes/V15_invitation_announcement_ddl.sql','2023-04-11 09:08:13',75,'EXECUTED','8:e5f51311476b0fbc17aa21e2849afa38','sql','',NULL,'4.3.1',NULL,NULL,'1204093626'),(76,'raw','includeAll','db/changelog/mysql/changes/V2_announcement_ddl.sql','2023-04-11 09:08:13',76,'EXECUTED','8:0079b6dc8761faf3f6b4a6edf5f4a807','sql','',NULL,'4.3.1',NULL,NULL,'1204093626'),(77,'raw','includeAll','db/changelog/mysql/changes/V1_club_admin.sql','2023-04-11 13:47:15',77,'EXECUTED','8:b461cefed68898f542b32d335f64385b','sql','',NULL,'4.3.1',NULL,NULL,'1220835358'),(78,'raw','includeAll','db/changelog/mysql/changes/V1_announcement_photo_ddl.sql','2023-04-11 19:29:15',78,'EXECUTED','8:5f7835948683dec72491d68f5f2fffd8','sql','',NULL,'4.3.1',NULL,NULL,'1241355834'),(79,'raw','includeAll','db/changelog/mysql/changes/V1_announcement_team_ddl.sql','2023-04-11 19:29:16',79,'EXECUTED','8:cc0414f855258f8fb721875cd7ee13f3','sql','',NULL,'4.3.1',NULL,NULL,'1241355834'),(80,'raw','includeAll','db/changelog/mysql/changes/V1_announcement_type_ddl.sql','2023-04-11 19:29:16',80,'EXECUTED','8:435748fcb87cfde5c7daeff422e7923e','sql','',NULL,'4.3.1',NULL,NULL,'1241355834'),(81,'raw','includeAll','db/changelog/mysql/changes/V3_announcement_ddl.sql','2023-04-11 19:29:16',81,'EXECUTED','8:d6585af70f266e4b411b15a8009d419a','sql','',NULL,'4.3.1',NULL,NULL,'1241355834'),(82,'raw','includeAll','db/changelog/mysql/changes/V4_announcement_ddl.sql','2023-04-11 19:29:16',82,'EXECUTED','8:e1892fd7a290f87c85a35b1f886b1e59','sql','',NULL,'4.3.1',NULL,NULL,'1241355834'),(83,'raw','includeAll','db/changelog/mysql/changes/v20_archived_reason.sql','2023-04-12 12:38:15',83,'EXECUTED','8:c4247b00748b7f8167378e44ca2934cc','sql','',NULL,'4.3.1',NULL,NULL,'1303095033'),(84,'raw','includeAll','db/changelog/mysql/changes/v21_archived_reason.sql','2023-04-12 12:59:14',84,'EXECUTED','8:7984cad3d3c5a11c121cfcaad146e51a','sql','',NULL,'4.3.1',NULL,NULL,'1304354248'),(85,'raw','includeAll','db/changelog/mysql/changes/v1_add_assign_another_admin.sql','2023-04-13 11:26:14',85,'EXECUTED','8:aa273f5b447efc1925f2bd0165b2667d','sql','',NULL,'4.3.1',NULL,NULL,'1385174559'),(86,'raw','includeAll','db/changelog/mysql/changes/v22_team_owner.sql','2023-04-15 14:55:58',86,'EXECUTED','8:4f119d595a187463c5b515318810155c','sql','',NULL,'4.3.1',NULL,NULL,'1570558328'),(87,'raw','includeAll','db/changelog/mysql/changes/V5_announcement_ddl.sql','2023-04-16 13:15:51',87,'EXECUTED','8:7da995af2d7fdcaccf5042899ddbe0ab','sql','',NULL,'4.3.1',NULL,NULL,'1650951296'),(88,'raw','includeAll','db/changelog/mysql/changes/V1-club-update-type-translation.sql','2023-04-17 13:19:30',88,'EXECUTED','8:107a63443e12527f9810c20afd8e9693','sql','',NULL,'4.3.1',NULL,NULL,'1737569719'),(89,'raw','includeAll','db/changelog/mysql/changes/V1-club-request-type-translation.sql','2023-04-17 15:42:53',89,'EXECUTED','8:fbd6c0d1fb72c3370f690aaf633b63ca','sql','',NULL,'4.3.1',NULL,NULL,'1746173214'),(90,'raw','includeAll','db/changelog/mysql/changes/V1_update_reason.sql','2023-04-19 00:57:52',90,'EXECUTED','8:7525e03099d4c1603e72bcd520541a8d','sql','',NULL,'4.3.1',NULL,NULL,'1865872552'),(91,'raw','includeAll','db/changelog/mysql/changes/v23_content_creator_show_profile_false.sql','2023-04-30 20:36:56',91,'EXECUTED','8:9e81cd14ef6e9a1d68be960592c68319','sql','',NULL,'4.3.1',NULL,NULL,'2887016090'),(92,'raw','includeAll','db/changelog/mysql/changes/v24_post_photo_created_at.sql','2023-05-01 11:51:57',92,'EXECUTED','8:bd0b2f2d718645ce562bd27e1f98979b','sql','',NULL,'4.3.1',NULL,NULL,'2941917192'),(93,'raw','includeAll','db/changelog/mysql/changes/V1_notes_length.sql','2023-05-02 07:15:55',93,'EXECUTED','8:8696cd0d60c7e723b65af99e77fac2ee','sql','',NULL,'4.3.1',NULL,NULL,'3011755519'),(94,'raw','includeAll','db/changelog/mysql/changes/V1_country_codes_updates.sql','2023-05-03 13:12:57',94,'EXECUTED','8:3e93982c1d1ce57a393d441b775d48f1','sql','',NULL,'4.3.1',NULL,NULL,'3119577057'),(95,'raw','includeAll','db/changelog/mysql/changes/V4_club_ddl.sql','2023-05-05 12:42:57',95,'EXECUTED','8:5d741510bfb56450dc048d651d36e3b7','sql','',NULL,'4.3.1',NULL,NULL,'3290577599'),(96,'raw','includeAll','db/changelog/mysql/changes/V1_reverse_rank.sql','2023-05-05 17:51:57',96,'EXECUTED','8:5b761cfa3b6c513c3c3f6310fceda728','sql','',NULL,'4.3.1',NULL,NULL,'3309117534'),(97,'raw','includeAll','db/changelog/mysql/changes/V1_order_attrs.sql','2023-05-06 10:39:58',97,'EXECUTED','8:0ae18c73d45fc53b3c6f7f3770e6c49b','sql','',NULL,'4.3.1',NULL,NULL,'3369597926'),(98,'raw','includeAll','db/changelog/mysql/changes/V1_multiversussa_mandatory_platform.sql','2023-05-14 08:11:39',98,'EXECUTED','8:9da9447ab12c71f6804b5ebce13e12d3','sql','',NULL,'4.3.1',NULL,NULL,'4051899170'),(99,'raw','includeAll','db/changelog/mysql/changes/V1_game_attribute_update.sql','2023-05-15 08:56:40',99,'EXECUTED','8:b68ef55e274034eceb76d10c5b45a52c','sql','',NULL,'4.3.1',NULL,NULL,'4141000413');
/*!40000 ALTER TABLE `DATABASECHANGELOG` ENABLE KEYS */;
UNLOCK TABLES;

--
-- Table structure for table `DATABASECHANGELOGLOCK`
--

DROP TABLE IF EXISTS `DATABASECHANGELOGLOCK`;
/*!40101 SET @saved_cs_client     = @@character_set_client */;
/*!50503 SET character_set_client = utf8mb4 */;
CREATE TABLE `DATABASECHANGELOGLOCK` (
  `ID` int NOT NULL,
  `LOCKED` bit(1) NOT NULL,
  `LOCKGRANTED` datetime DEFAULT NULL,
  `LOCKEDBY` varchar(255) DEFAULT NULL,
  PRIMARY KEY (`ID`)
) ENGINE=InnoDB DEFAULT CHARSET=utf8mb4 COLLATE=utf8mb4_0900_ai_ci;
/*!40101 SET character_set_client = @saved_cs_client */;

--
-- Dumping data for table `DATABASECHANGELOGLOCK`
--

LOCK TABLES `DATABASECHANGELOGLOCK` WRITE;
/*!40000 ALTER TABLE `DATABASECHANGELOGLOCK` DISABLE KEYS */;
INSERT INTO `DATABASECHANGELOGLOCK` VALUES (1,_binary '\0',NULL,NULL);
/*!40000 ALTER TABLE `DATABASECHANGELOGLOCK` ENABLE KEYS */;
UNLOCK TABLES;

--
-- Table structure for table `action_reason`
--

DROP TABLE IF EXISTS `action_reason`;
/*!40101 SET @saved_cs_client     = @@character_set_client */;
/*!50503 SET character_set_client = utf8mb4 */;
CREATE TABLE `action_reason` (
  `id` bigint NOT NULL,
  `system_id` varchar(255) DEFAULT NULL,
  `code` varchar(255) DEFAULT NULL,
  `name` varchar(255) DEFAULT NULL,
  `name_ar` varchar(255) DEFAULT NULL,
  `created_by` varchar(255) DEFAULT NULL,
  `created_date` timestamp NULL DEFAULT NULL,
  `last_modified_by` varchar(255) DEFAULT NULL,
  `last_modified_date` timestamp NULL DEFAULT NULL,
  `reason_type` varchar(255) DEFAULT 'default',
  PRIMARY KEY (`id`),
  UNIQUE KEY `system_id` (`system_id`)
) ENGINE=InnoDB DEFAULT CHARSET=utf8mb4 COLLATE=utf8mb4_0900_ai_ci;
/*!40101 SET character_set_client = @saved_cs_client */;

--
-- Dumping data for table `action_reason`
--

LOCK TABLES `action_reason` WRITE;
/*!40000 ALTER TABLE `action_reason` DISABLE KEYS */;
INSERT INTO `action_reason` VALUES (1,'1','countryId','Nationality','الجنسية',NULL,NULL,NULL,NULL,'default'),(2,'2','nationalId','National ID','رقم الهوية الوطنية',NULL,NULL,NULL,NULL,'default'),(3,'3','clubLogo','Club logo','شعار النادي',NULL,NULL,NULL,NULL,'default'),(4,'4','nationalIdFile','National ID file','نسخة  الهوية الوطنية',NULL,NULL,NULL,NULL,'default'),(5,'5','clubIBANFile','Club IBAN file','ملف حساب النادي',NULL,NULL,NULL,NULL,'default'),(6,'6','crFile','CR file','نسخة السجل التجاري',NULL,NULL,NULL,NULL,'default'),(7,'7','clubName','Club name En','اسم النادي بالإنجليزية',NULL,NULL,NULL,NULL,'default'),(8,'8','clubNameAr','Club name Ar','اسم النادي بالعربية',NULL,NULL,NULL,NULL,'default'),(9,'9','crEndDate','CR end date','تاريخ السجل التجارى',NULL,NULL,NULL,NULL,'default'),(10,'10','crNumber','CR number','رقم السجل التجاري',NULL,NULL,NULL,NULL,'default'),(11,'11','clubIBAN','Club IBAN','حساب النادي البنكي',NULL,NULL,NULL,NULL,'default'),(12,'12','countryId','Nationality','الجنسية',NULL,NULL,NULL,NULL,'update_request'),(13,'13','nationalId','National ID','رقم الهوية الوطنية',NULL,NULL,NULL,NULL,'update_request'),(14,'14','clubLogo','Club logo','شعار النادي',NULL,NULL,NULL,NULL,'update_request'),(15,'15','nationalIdFile','National ID file','نسخة  الهوية الوطنية',NULL,NULL,NULL,NULL,'update_request'),(16,'16','clubIBANFile','Club IBAN file','ملف حساب النادي',NULL,NULL,NULL,NULL,'update_request'),(17,'17','crFile','CR file','نسخة السجل التجاري',NULL,NULL,NULL,NULL,'update_request'),(18,'18','clubName','Club name En','اسم النادي بالإنجليزية',NULL,NULL,NULL,NULL,'update_request'),(19,'19','clubNameAr','Club name Ar','اسم النادي بالعربية',NULL,NULL,NULL,NULL,'update_request'),(20,'20','crEndDate','CR end date','تاريخ السجل التجارى',NULL,NULL,NULL,NULL,'update_request'),(21,'21','crNumber','CR number','رقم السجل التجاري',NULL,NULL,NULL,NULL,'update_request'),(22,'22','clubIBAN','Club IBAN','حساب النادي البنكي',NULL,NULL,NULL,NULL,'update_request'),(23,'23','name','Owner name','اسم المالك',NULL,NULL,NULL,NULL,'update_request'),(24,'24','email','Email address','البريد الالكترونى',NULL,NULL,NULL,NULL,'update_request'),(25,'25','mobileNumber','Mobile number','رقم الجوال',NULL,NULL,NULL,NULL,'update_request');
/*!40000 ALTER TABLE `action_reason` ENABLE KEYS */;
UNLOCK TABLES;

--
-- Table structure for table `action_required`
--

DROP TABLE IF EXISTS `action_required`;
/*!40101 SET @saved_cs_client     = @@character_set_client */;
/*!50503 SET character_set_client = utf8mb4 */;
CREATE TABLE `action_required` (
  `id` bigint NOT NULL,
  `system_id` varchar(255) DEFAULT NULL,
  `assigned_request_id` bigint DEFAULT NULL,
  `notes` varchar(1024) DEFAULT NULL,
  `taken` tinyint(1) DEFAULT '0',
  `created_by` varchar(255) DEFAULT NULL,
  `created_date` timestamp NULL DEFAULT NULL,
  `last_modified_by` varchar(255) DEFAULT NULL,
  `last_modified_date` timestamp NULL DEFAULT NULL,
  PRIMARY KEY (`id`),
  UNIQUE KEY `system_id` (`system_id`),
  KEY `fk_required_action_assigned_request_id` (`assigned_request_id`),
  CONSTRAINT `fk_required_action_assigned_request_id` FOREIGN KEY (`assigned_request_id`) REFERENCES `assigned_request` (`id`)
) ENGINE=InnoDB DEFAULT CHARSET=utf8mb4 COLLATE=utf8mb4_0900_ai_ci;
/*!40101 SET character_set_client = @saved_cs_client */;

--
-- Dumping data for table `action_required`
--

LOCK TABLES `action_required` WRITE;
/*!40000 ALTER TABLE `action_required` DISABLE KEYS */;
INSERT INTO `action_required` VALUES (417753158177801427,'05cc2848-b4fc-44d3-8910-84bfac16d844',5515612192806684427,'hat el data',0,NULL,NULL,NULL,NULL),(1133346962048894511,'8fba750e-a831-462f-b7aa-9fd9c7f71b26',10936087303375034,'dsfsadfas',1,NULL,NULL,NULL,NULL),(1176854380842861351,'105506d2-fa80-4327-9265-1736c5e0d7cd',8182485328878584086,'change national id cr number',1,NULL,NULL,NULL,NULL),(1347918260073482721,'12b4c484-15f1-49e1-af7c-c3c3fb753354',5238630987377495487,'Some Notes',0,NULL,NULL,NULL,NULL),(1926994984064271561,'1abe0fba-751c-44c9-8792-cfd05a3d6457',9095868281218944729,'شيسبيسبسي',1,NULL,NULL,NULL,NULL),(2472683621760781051,'2250bca7-34fa-4afb-b49a-ceda8074a931',8938545857473694006,'test',1,NULL,NULL,NULL,NULL),(2508138634212755688,'a2ceb2cc-93af-48e8-84d9-c4a0b3204001',422781668029386400,'notee',0,NULL,NULL,NULL,NULL),(2594563088257992341,'a401bd61-d6f5-4695-9614-7db794d26a05',9095868281218944729,'ewwrwer',1,NULL,NULL,NULL,NULL),(2609026947226160768,'2435202f-6ed6-4e80-91ef-5a87756e9940',9079721383221874532,'rrrr',1,NULL,NULL,NULL,NULL),(2761440622990674880,'26529b9d-a9b1-4bc0-99a6-e021acdf0838',7306211220746750529,'d',1,NULL,NULL,NULL,NULL),(3209266465051266820,'2c899ad8-b6f4-4f04-b581-132b4bcf1fde',8410172599099148785,'test',1,NULL,NULL,NULL,NULL),(3356560355626336409,'2e94e5dc-1044-4099-a138-2d2d62a0230b',3891449533313206121,'dsa',0,NULL,NULL,NULL,NULL),(3390157687182673851,'2f0c4274-6515-47bb-8d03-7a993a8bc3d4',3386255487665195052,'Invalid',0,NULL,NULL,NULL,NULL),(3418547711499193161,'2f711f08-07a2-4b49-adc4-b2a4dc511cc0',9079721383221874532,'dd',0,NULL,NULL,NULL,NULL),(3626564518487998619,'32542537-1783-409b-8a21-f9d357121c8a',7306211220746750529,'dsf',1,NULL,NULL,NULL,NULL),(3722389428362365954,'33a89576-8935-4c02-8e13-2e288f8d05d2',2311044192888374139,'note',0,NULL,NULL,NULL,NULL),(4397993012642660757,'3d08cf57-eb37-4195-9220-4938f7ac8596',5424815466131770815,'change all',0,NULL,NULL,NULL,NULL),(4514482067518604618,'3ea6a985-8b51-454a-b960-2f62ec30a9ea',10936087303375034,'asdfasfdas',1,NULL,NULL,NULL,NULL),(4872875990605123005,'c39feee5-568c-4dbd-b942-6524f1a27101',8938545857473694006,'test national',1,NULL,NULL,NULL,NULL),(5034999588344122839,'c5dfe972-f37d-4dd7-bf1a-928e510e867a',7490197900583126053,'dfas',1,NULL,NULL,NULL,NULL),(5095870865539156507,'c6b82b8d-99b9-4a1b-8746-6e54b68d15ce',10936087303375034,'daadfs',1,NULL,NULL,NULL,NULL),(5557983259153485477,'4d21ec53-a569-4ea5-a963-5844ee7bb58a',9101563154166664677,'lkjldss',1,NULL,NULL,NULL,NULL),(5850383502920927559,'5130bccc-9b68-4947-a689-000741034a81',2179344106251176268,'please update the national id ',0,NULL,NULL,NULL,NULL),(6090130793639396505,'d4847db0-9e8b-4499-9b91-d3494e6feb5f',6657335960459232037,'test plz chage',1,NULL,NULL,NULL,NULL),(6204179467209229600,'5619ac5a-b1c7-4520-ab59-cdc49ddebd82',2279236718862355082,'test',0,NULL,NULL,NULL,NULL),(6271008466315330058,'570718f9-9231-420a-bec2-ecd67f54625b',7490197900583126053,'dsfas',1,NULL,NULL,NULL,NULL),(6277300391720536184,'d71d7372-9cec-4878-a50d-758799438774',10936087303375034,'sdssdsa',1,NULL,NULL,NULL,NULL),(6330920468117865176,'57dbf29f-836a-42d8-af08-3599cf7aef1f',5855794907560823772,'xss',0,NULL,NULL,NULL,NULL),(6340828928445924062,'d7ff2650-b58a-42de-a099-c771a9dbd55e',7660282122632908146,'please update logo & nation id ',1,NULL,NULL,NULL,NULL),(6468260194644870785,'59c3e060-709b-4681-8660-cf705e13498b',10936087303375034,'dsadasd',1,NULL,NULL,NULL,NULL),(6543036276321111800,'5acd88d3-aa9d-4ef8-ae25-f4af548eae85',8938545857473694006,'kareem uniq owner',1,NULL,NULL,NULL,NULL),(6569679016843169344,'5b2c3042-1746-4e40-96ae-e247f76fcca9',7987054195298880440,'hhh',1,NULL,NULL,NULL,NULL),(6933563924483424347,'e038f7a7-5a4c-405b-9ebd-515573b88c63',9079721383221874532,'sda',1,NULL,NULL,NULL,NULL),(7308047234862565672,'656b663d-8bc2-4928-8f5f-fd76c4919a95',9095868281218944729,'need nation id ',1,NULL,NULL,NULL,NULL),(7384772286606429369,'e67bfb44-ba53-4cb9-b739-d13d9e2ef2e3',3708150663110017433,'need more deta',0,NULL,NULL,NULL,NULL),(8215925448621377149,'7204d4aa-6a2b-467d-b05c-0e3ac2813a53',8181744683802775327,'notte',0,NULL,NULL,NULL,NULL),(8552762240404441778,'76b183f1-73ae-4ab2-9d0d-eba17c4ee9cd',7306211220746750529,'test',0,NULL,NULL,NULL,NULL);
/*!40000 ALTER TABLE `action_required` ENABLE KEYS */;
UNLOCK TABLES;

--
-- Table structure for table `action_required_reason`
--

DROP TABLE IF EXISTS `action_required_reason`;
/*!40101 SET @saved_cs_client     = @@character_set_client */;
/*!50503 SET character_set_client = utf8mb4 */;
CREATE TABLE `action_required_reason` (
  `id` bigint unsigned NOT NULL AUTO_INCREMENT,
  `action_required_id` bigint DEFAULT NULL,
  `action_reason_id` bigint DEFAULT NULL,
  `created_by` varchar(255) DEFAULT NULL,
  `created_date` timestamp NULL DEFAULT NULL,
  `last_modified_by` varchar(255) DEFAULT NULL,
  `last_modified_date` timestamp NULL DEFAULT NULL,
  PRIMARY KEY (`id`),
  UNIQUE KEY `id` (`id`),
  KEY `fk_required_action_reason_action_required_id` (`action_required_id`),
  KEY `fk_required_action_reason_action_reason_id` (`action_reason_id`),
  CONSTRAINT `fk_required_action_reason_action_reason_id` FOREIGN KEY (`action_reason_id`) REFERENCES `action_reason` (`id`),
  CONSTRAINT `fk_required_action_reason_action_required_id` FOREIGN KEY (`action_required_id`) REFERENCES `action_required` (`id`)
) ENGINE=InnoDB AUTO_INCREMENT=83 DEFAULT CHARSET=utf8mb4 COLLATE=utf8mb4_0900_ai_ci;
/*!40101 SET character_set_client = @saved_cs_client */;

--
-- Dumping data for table `action_required_reason`
--

LOCK TABLES `action_required_reason` WRITE;
/*!40000 ALTER TABLE `action_required_reason` DISABLE KEYS */;
INSERT INTO `action_required_reason` VALUES (1,3390157687182673851,2,NULL,NULL,NULL,NULL),(2,8215925448621377149,1,NULL,NULL,NULL,NULL),(3,3722389428362365954,1,NULL,NULL,NULL,NULL),(4,2508138634212755688,1,NULL,NULL,NULL,NULL),(5,6569679016843169344,2,NULL,NULL,NULL,NULL),(6,7384772286606429369,4,NULL,NULL,NULL,NULL),(7,1347918260073482721,1,NULL,NULL,NULL,NULL),(8,6090130793639396505,1,NULL,NULL,NULL,NULL),(9,6090130793639396505,2,NULL,NULL,NULL,NULL),(10,5850383502920927559,2,NULL,NULL,NULL,NULL),(11,6340828928445924062,2,NULL,NULL,NULL,NULL),(12,6340828928445924062,3,NULL,NULL,NULL,NULL),(13,3209266465051266820,5,NULL,NULL,NULL,NULL),(14,3209266465051266820,6,NULL,NULL,NULL,NULL),(15,1176854380842861351,13,NULL,NULL,NULL,NULL),(16,1176854380842861351,21,NULL,NULL,NULL,NULL),(17,4397993012642660757,12,NULL,NULL,NULL,NULL),(18,4397993012642660757,13,NULL,NULL,NULL,NULL),(19,4397993012642660757,14,NULL,NULL,NULL,NULL),(20,4397993012642660757,15,NULL,NULL,NULL,NULL),(21,4397993012642660757,16,NULL,NULL,NULL,NULL),(22,4397993012642660757,17,NULL,NULL,NULL,NULL),(23,4397993012642660757,18,NULL,NULL,NULL,NULL),(24,4397993012642660757,19,NULL,NULL,NULL,NULL),(25,4397993012642660757,20,NULL,NULL,NULL,NULL),(26,4397993012642660757,21,NULL,NULL,NULL,NULL),(27,4397993012642660757,22,NULL,NULL,NULL,NULL),(28,4397993012642660757,23,NULL,NULL,NULL,NULL),(29,4397993012642660757,24,NULL,NULL,NULL,NULL),(30,4397993012642660757,25,NULL,NULL,NULL,NULL),(31,417753158177801427,1,NULL,NULL,NULL,NULL),(32,417753158177801427,2,NULL,NULL,NULL,NULL),(33,417753158177801427,3,NULL,NULL,NULL,NULL),(34,417753158177801427,4,NULL,NULL,NULL,NULL),(35,417753158177801427,5,NULL,NULL,NULL,NULL),(36,417753158177801427,6,NULL,NULL,NULL,NULL),(37,417753158177801427,7,NULL,NULL,NULL,NULL),(38,417753158177801427,8,NULL,NULL,NULL,NULL),(39,417753158177801427,9,NULL,NULL,NULL,NULL),(40,417753158177801427,10,NULL,NULL,NULL,NULL),(41,417753158177801427,11,NULL,NULL,NULL,NULL),(42,2472683621760781051,18,NULL,NULL,NULL,NULL),(43,4872875990605123005,13,NULL,NULL,NULL,NULL),(44,6543036276321111800,23,NULL,NULL,NULL,NULL),(45,3356560355626336409,12,NULL,NULL,NULL,NULL),(46,3356560355626336409,14,NULL,NULL,NULL,NULL),(47,2609026947226160768,18,NULL,NULL,NULL,NULL),(48,6933563924483424347,20,NULL,NULL,NULL,NULL),(49,3418547711499193161,20,NULL,NULL,NULL,NULL),(50,3418547711499193161,21,NULL,NULL,NULL,NULL),(51,3626564518487998619,19,NULL,NULL,NULL,NULL),(52,2761440622990674880,20,NULL,NULL,NULL,NULL),(53,2761440622990674880,23,NULL,NULL,NULL,NULL),(54,8552762240404441778,12,NULL,NULL,NULL,NULL),(55,8552762240404441778,13,NULL,NULL,NULL,NULL),(56,8552762240404441778,14,NULL,NULL,NULL,NULL),(57,8552762240404441778,15,NULL,NULL,NULL,NULL),(58,8552762240404441778,16,NULL,NULL,NULL,NULL),(59,8552762240404441778,17,NULL,NULL,NULL,NULL),(60,8552762240404441778,18,NULL,NULL,NULL,NULL),(61,8552762240404441778,19,NULL,NULL,NULL,NULL),(62,8552762240404441778,20,NULL,NULL,NULL,NULL),(63,8552762240404441778,21,NULL,NULL,NULL,NULL),(64,8552762240404441778,22,NULL,NULL,NULL,NULL),(65,8552762240404441778,23,NULL,NULL,NULL,NULL),(66,8552762240404441778,24,NULL,NULL,NULL,NULL),(67,8552762240404441778,25,NULL,NULL,NULL,NULL),(68,6330920468117865176,21,NULL,NULL,NULL,NULL),(69,6330920468117865176,25,NULL,NULL,NULL,NULL),(70,7308047234862565672,13,NULL,NULL,NULL,NULL),(71,2594563088257992341,13,NULL,NULL,NULL,NULL),(72,1926994984064271561,19,NULL,NULL,NULL,NULL),(73,6204179467209229600,18,NULL,NULL,NULL,NULL),(74,6204179467209229600,20,NULL,NULL,NULL,NULL),(75,5095870865539156507,13,NULL,NULL,NULL,NULL),(76,6277300391720536184,13,NULL,NULL,NULL,NULL),(77,4514482067518604618,25,NULL,NULL,NULL,NULL),(78,1133346962048894511,25,NULL,NULL,NULL,NULL),(79,6468260194644870785,25,NULL,NULL,NULL,NULL),(80,5557983259153485477,13,NULL,NULL,NULL,NULL),(81,5034999588344122839,13,NULL,NULL,NULL,NULL),(82,6271008466315330058,13,NULL,NULL,NULL,NULL);
/*!40000 ALTER TABLE `action_required_reason` ENABLE KEYS */;
UNLOCK TABLES;

--
-- Table structure for table `announcement_photo`
--

DROP TABLE IF EXISTS `announcement_photo`;
/*!40101 SET @saved_cs_client     = @@character_set_client */;
/*!50503 SET character_set_client = utf8mb4 */;
CREATE TABLE `announcement_photo` (
  `id` bigint NOT NULL AUTO_INCREMENT,
  `announcement_id` bigint NOT NULL,
  `photo` varchar(255) NOT NULL,
  `created_at` bigint DEFAULT NULL,
  PRIMARY KEY (`id`),
  KEY `fx_announcement_photo` (`announcement_id`),
  CONSTRAINT `fx_announcement_photo` FOREIGN KEY (`announcement_id`) REFERENCES `club_announcement` (`id`)
) ENGINE=InnoDB AUTO_INCREMENT=9 DEFAULT CHARSET=utf8mb4 COLLATE=utf8mb4_0900_ai_ci;
/*!40101 SET character_set_client = @saved_cs_client */;

--
-- Dumping data for table `announcement_photo`
--

LOCK TABLES `announcement_photo` WRITE;
/*!40000 ALTER TABLE `announcement_photo` DISABLE KEYS */;
INSERT INTO `announcement_photo` VALUES (1,7,'string.png',1682888400000),(5,15,'esports/ed68c128-b80e-47ad-ab33-1a3e11545458__Screenshot from 2023-04-14 04-42-40.png',1682888400000),(6,12,'UNU.png',1682888400000),(7,12,'raE.png',1682888400000),(8,12,'hCc.png',1682888400000);
/*!40000 ALTER TABLE `announcement_photo` ENABLE KEYS */;
UNLOCK TABLES;

--
-- Table structure for table `announcement_status`
--

DROP TABLE IF EXISTS `announcement_status`;
/*!40101 SET @saved_cs_client     = @@character_set_client */;
/*!50503 SET character_set_client = utf8mb4 */;
CREATE TABLE `announcement_status` (
  `id` int NOT NULL,
  `code` varchar(255) DEFAULT NULL,
  `name` varchar(255) DEFAULT NULL,
  `name_ar` varchar(255) DEFAULT NULL,
  PRIMARY KEY (`id`)
) ENGINE=InnoDB DEFAULT CHARSET=utf8mb4 COLLATE=utf8mb4_0900_ai_ci;
/*!40101 SET character_set_client = @saved_cs_client */;

--
-- Dumping data for table `announcement_status`
--

LOCK TABLES `announcement_status` WRITE;
/*!40000 ALTER TABLE `announcement_status` DISABLE KEYS */;
INSERT INTO `announcement_status` VALUES (1,'OPENED','Opened','مفعل'),(2,'CLOSED','Closed','مغلق'),(3,'EXPIRED','Expired','منتهي الصلاحية');
/*!40000 ALTER TABLE `announcement_status` ENABLE KEYS */;
UNLOCK TABLES;

--
-- Table structure for table `announcement_team`
--

DROP TABLE IF EXISTS `announcement_team`;
/*!40101 SET @saved_cs_client     = @@character_set_client */;
/*!50503 SET character_set_client = utf8mb4 */;
CREATE TABLE `announcement_team` (
  `id` bigint NOT NULL AUTO_INCREMENT,
  `announcement_id` bigint NOT NULL,
  `team_id` bigint unsigned NOT NULL,
  PRIMARY KEY (`id`),
  KEY `fx_pivot_announcement_team_announcement` (`announcement_id`),
  KEY `fx_pivot_announcement_team_team` (`team_id`),
  CONSTRAINT `fx_pivot_announcement_team_announcement` FOREIGN KEY (`announcement_id`) REFERENCES `club_announcement` (`id`),
  CONSTRAINT `fx_pivot_announcement_team_team` FOREIGN KEY (`team_id`) REFERENCES `team` (`id`)
) ENGINE=InnoDB AUTO_INCREMENT=4 DEFAULT CHARSET=utf8mb4 COLLATE=utf8mb4_0900_ai_ci;
/*!40101 SET character_set_client = @saved_cs_client */;

--
-- Dumping data for table `announcement_team`
--

LOCK TABLES `announcement_team` WRITE;
/*!40000 ALTER TABLE `announcement_team` DISABLE KEYS */;
INSERT INTO `announcement_team` VALUES (1,7,79),(2,12,79);
/*!40000 ALTER TABLE `announcement_team` ENABLE KEYS */;
UNLOCK TABLES;

--
-- Table structure for table `announcement_type`
--

DROP TABLE IF EXISTS `announcement_type`;
/*!40101 SET @saved_cs_client     = @@character_set_client */;
/*!50503 SET character_set_client = utf8mb4 */;
CREATE TABLE `announcement_type` (
  `id` int NOT NULL,
  `code` varchar(255) DEFAULT NULL,
  `name` varchar(255) DEFAULT NULL,
  `name_ar` varchar(255) DEFAULT NULL,
  PRIMARY KEY (`id`)
) ENGINE=InnoDB DEFAULT CHARSET=utf8mb4 COLLATE=utf8mb4_0900_ai_ci;
/*!40101 SET character_set_client = @saved_cs_client */;

--
-- Dumping data for table `announcement_type`
--

LOCK TABLES `announcement_type` WRITE;
/*!40000 ALTER TABLE `announcement_type` DISABLE KEYS */;
INSERT INTO `announcement_type` VALUES (1,'VACANCY','Vacancy','وظيفة شاغرة'),(2,'POST','Post','أخبار');
/*!40000 ALTER TABLE `announcement_type` ENABLE KEYS */;
UNLOCK TABLES;

--
-- Table structure for table `applicant`
--

DROP TABLE IF EXISTS `applicant`;
/*!40101 SET @saved_cs_client     = @@character_set_client */;
/*!50503 SET character_set_client = utf8mb4 */;
CREATE TABLE `applicant` (
  `id` bigint NOT NULL AUTO_INCREMENT,
  `system_id` varchar(255) NOT NULL,
  `applicant_id` int NOT NULL,
  `team_id` bigint unsigned NOT NULL,
  `status_id` int NOT NULL,
  `role` varchar(255) NOT NULL,
  `created_by` varchar(255) DEFAULT NULL,
  `created_date` timestamp NULL DEFAULT NULL,
  `last_modified_by` varchar(255) DEFAULT NULL,
  `last_modified_date` timestamp NULL DEFAULT NULL,
  `deleted` tinyint(1) DEFAULT '0',
  PRIMARY KEY (`id`),
  KEY `fx_applicant_member` (`applicant_id`),
  KEY `fx_applicant_team` (`team_id`),
  KEY `fx_applicant_status` (`status_id`),
  CONSTRAINT `fx_applicant_member` FOREIGN KEY (`applicant_id`) REFERENCES `person` (`id`),
  CONSTRAINT `fx_applicant_status` FOREIGN KEY (`status_id`) REFERENCES `invitation_status` (`id`),
  CONSTRAINT `fx_applicant_team` FOREIGN KEY (`team_id`) REFERENCES `team` (`id`)
) ENGINE=InnoDB AUTO_INCREMENT=2 DEFAULT CHARSET=utf8mb4 COLLATE=utf8mb4_0900_ai_ci;
/*!40101 SET character_set_client = @saved_cs_client */;

--
-- Dumping data for table `applicant`
--

LOCK TABLES `applicant` WRITE;
/*!40000 ALTER TABLE `applicant` DISABLE KEYS */;
INSERT INTO `applicant` VALUES (1,'sys',1,3,2,'PLAYER',NULL,NULL,NULL,NULL,0);
/*!40000 ALTER TABLE `applicant` ENABLE KEYS */;
UNLOCK TABLES;

--
-- Table structure for table `assigned_admin`
--

DROP TABLE IF EXISTS `assigned_admin`;
/*!40101 SET @saved_cs_client     = @@character_set_client */;
/*!50503 SET character_set_client = utf8mb4 */;
CREATE TABLE `assigned_admin` (
  `id` bigint NOT NULL,
  `system_id` varchar(255) DEFAULT NULL,
  `user_id` varchar(255) DEFAULT NULL,
  `group_id` bigint DEFAULT NULL,
  `created_by` varchar(255) DEFAULT NULL,
  `created_date` timestamp NULL DEFAULT NULL,
  `last_modified_by` varchar(255) DEFAULT NULL,
  `last_modified_date` timestamp NULL DEFAULT NULL,
  `deleted` tinyint(1) DEFAULT '0',
  `status` varchar(255) DEFAULT 'ACTIVE',
  PRIMARY KEY (`id`),
  UNIQUE KEY `system_id` (`system_id`),
  KEY `fk_employee_group_id` (`group_id`),
  CONSTRAINT `fk_employee_group_id` FOREIGN KEY (`group_id`) REFERENCES `groups` (`id`)
) ENGINE=InnoDB DEFAULT CHARSET=utf8mb4 COLLATE=utf8mb4_0900_ai_ci;
/*!40101 SET character_set_client = @saved_cs_client */;

--
-- Dumping data for table `assigned_admin`
--

LOCK TABLES `assigned_admin` WRITE;
/*!40000 ALTER TABLE `assigned_admin` DISABLE KEYS */;
INSERT INTO `assigned_admin` VALUES (2632698975872959941,'a48939c5-1971-45c5-b614-70aae96d9e34','31e22205-c789-4581-8e3c-5d013cbc07ae',1,NULL,NULL,NULL,NULL,0,'ACTIVE'),(2798241351773211223,'a6d559af-0840-4a57-9342-cf9b4705e3cd','208f9865-a20b-453b-8831-1b881ca95f98',2,NULL,'2023-04-19 17:07:26',NULL,'2023-04-19 17:07:26',0,'ACTIVE'),(3678281989101275380,'330be1fb-1019-48f4-bccb-1c63e56e5577','9aeeb062-76ff-4d3b-a432-6c3dfa20febe',1,NULL,NULL,NULL,NULL,0,'ACTIVE'),(3759381536853544001,'342c0196-f751-4c41-8ae1-b7417f3bc0f5','208f9865-a20b-453b-8831-1b881ca95f98',1,NULL,NULL,NULL,NULL,0,'ACTIVE'),(4329240965370102038,'3c148db8-7ff4-4116-beea-144b4279da18','31e22205-c789-4581-8e3c-5d013cbc07ae',2,NULL,'2023-04-25 12:14:55',NULL,'2023-04-25 12:14:55',0,'ACTIVE'),(4486066463223532047,'be41b5ae-1b3b-4a0f-a931-ecb10ff37200','9aeeb062-76ff-4d3b-a432-6c3dfa20febe',2,NULL,'2023-04-19 17:07:25',NULL,'2023-04-19 17:07:25',0,'ACTIVE'),(4722065656811832907,'c18825b2-4057-464b-ac13-e518dc1413a8','aa4eab36-438d-4283-a3e9-bab7370e6fbb',1,NULL,NULL,NULL,NULL,0,'ACTIVE'),(5839172478845865333,'d108e86e-a7d8-4d75-b551-180219fbe36b','7bacc8b0-106b-425c-9811-8309eb0e7f40',2,NULL,'2023-04-16 21:25:15',NULL,'2023-04-16 21:25:15',0,'ACTIVE');
/*!40000 ALTER TABLE `assigned_admin` ENABLE KEYS */;
UNLOCK TABLES;

--
-- Table structure for table `assigned_request`
--

DROP TABLE IF EXISTS `assigned_request`;
/*!40101 SET @saved_cs_client     = @@character_set_client */;
/*!50503 SET character_set_client = utf8mb4 */;
CREATE TABLE `assigned_request` (
  `id` bigint NOT NULL,
  `system_id` varchar(255) DEFAULT NULL,
  `status` varchar(255) DEFAULT NULL,
  `request_id` int DEFAULT NULL,
  `group_id` bigint DEFAULT NULL,
  `user_id` varchar(255) DEFAULT NULL,
  `created_by` varchar(255) DEFAULT NULL,
  `created_date` timestamp NULL DEFAULT NULL,
  `last_modified_by` varchar(255) DEFAULT NULL,
  `last_modified_date` timestamp NULL DEFAULT NULL,
  `deleted` tinyint(1) DEFAULT '0',
  PRIMARY KEY (`id`),
  UNIQUE KEY `system_id` (`system_id`),
  KEY `fk_assigned_request_request_id` (`request_id`),
  KEY `fk_assigned_request_group_id` (`group_id`),
  CONSTRAINT `fk_assigned_request_group_id` FOREIGN KEY (`group_id`) REFERENCES `groups` (`id`),
  CONSTRAINT `fk_assigned_request_request_id` FOREIGN KEY (`request_id`) REFERENCES `club_owner_request` (`id`)
) ENGINE=InnoDB DEFAULT CHARSET=utf8mb4 COLLATE=utf8mb4_0900_ai_ci;
/*!40101 SET character_set_client = @saved_cs_client */;

--
-- Dumping data for table `assigned_request`
--

LOCK TABLES `assigned_request` WRITE;
/*!40000 ALTER TABLE `assigned_request` DISABLE KEYS */;
INSERT INTO `assigned_request` VALUES (10936087303375034,'0026da50-3ef3-48ba-b61e-35f765e65a25','ACTION_TAKEN',121,1,'7bacc8b0-106b-425c-9811-8309eb0e7f40',NULL,NULL,NULL,NULL,0),(35771391675486160,'807f15e4-25f0-4fd0-b716-b9fd34cd4adb','APPROVED',109,1,'7bacc8b0-106b-425c-9811-8309eb0e7f40',NULL,NULL,NULL,NULL,0),(321737514632234453,'84770a90-9e92-45d5-b940-8c6101a17018','REJECTED',67,1,'6a82b9c7-6813-4ab8-aa59-0b3d8246b8c7',NULL,NULL,NULL,NULL,0),(422781668029386400,'05de05af-e470-4ea0-b106-75729abc8765','REJECTED',37,1,'b54b3b83-6996-40f3-9c56-00f9f3c2d035',NULL,NULL,NULL,NULL,0),(480341023329304791,'86aa839d-a297-40d7-82bf-e55537adcb6c','APPROVED',53,1,'b54b3b83-6996-40f3-9c56-00f9f3c2d035',NULL,NULL,NULL,NULL,0),(652285797072191614,'090d6279-fa85-407e-abd9-c77195386131','APPROVED',102,1,'7bacc8b0-106b-425c-9811-8309eb0e7f40',NULL,NULL,NULL,NULL,0),(713484120937222128,'09e6ce07-1d58-4ff0-b27c-1201c2a299ae','NEW',138,1,'9aeeb062-76ff-4d3b-a432-6c3dfa20febe',NULL,NULL,NULL,NULL,0),(1045780737854883760,'8e835c0a-50c9-47b0-95f7-9c183b575411','APPROVED',73,1,'b54b3b83-6996-40f3-9c56-00f9f3c2d035',NULL,NULL,NULL,NULL,0),(1127484628676331192,'8fa5a14b-cdf7-46b8-90a9-23385c66fbd9','APPROVED',50,1,'b54b3b83-6996-40f3-9c56-00f9f3c2d035',NULL,NULL,NULL,NULL,0),(1275707351893494002,'11b43913-daf7-48f2-b666-aeb9f9adb8ca','APPROVED',136,1,'7bacc8b0-106b-425c-9811-8309eb0e7f40',NULL,NULL,NULL,NULL,0),(1395548763717583009,'935dfc34-e81f-40a1-88b0-045aaa07ec20','APPROVED',75,1,'6a82b9c7-6813-4ab8-aa59-0b3d8246b8c7',NULL,NULL,NULL,NULL,0),(1407466568897351106,'93885363-285d-4dc2-bffa-a0e5f6e75e64','APPROVED',84,1,'7bacc8b0-106b-425c-9811-8309eb0e7f40',NULL,NULL,NULL,NULL,0),(1679905623167815490,'17503943-8519-4f42-8179-cd059e3958cd','NEW',132,1,'208f9865-a20b-453b-8831-1b881ca95f98',NULL,NULL,NULL,NULL,0),(1726662486373124938,'17f65662-1343-4b4a-ad82-3a309ef7d91c','APPROVED',79,1,'6a82b9c7-6813-4ab8-aa59-0b3d8246b8c7',NULL,NULL,NULL,NULL,0),(1832602382593639031,'996eb628-4d07-4277-9b67-78b0734924f3','APPROVED',2,1,'b54b3b83-6996-40f3-9c56-00f9f3c2d035',NULL,NULL,NULL,NULL,0),(1876375546281937924,'9a0a399e-2d5d-4c04-91c7-809b1abbc08e','NEW',42,1,'b54b3b83-6996-40f3-9c56-00f9f3c2d035',NULL,NULL,NULL,NULL,0),(1934545757304146940,'1ad8e31d-d9da-4bfc-a19f-c00717459763','APPROVED',77,1,'6a82b9c7-6813-4ab8-aa59-0b3d8246b8c7',NULL,NULL,NULL,NULL,0),(1948984415414013758,'1b0c2eff-e986-4f3e-8df0-82f195157f0b','APPROVED',39,1,'b54b3b83-6996-40f3-9c56-00f9f3c2d035',NULL,NULL,NULL,NULL,0),(2174360782406634622,'9e2ce19c-80e3-4c7e-a79f-c64a7fd2b2b1','NEW',34,1,'31e22205-c789-4581-8e3c-5d013cbc07ae',NULL,NULL,NULL,NULL,0),(2179344106251176268,'1e3e95eb-0071-494c-a6c2-4d91283f97d5','REQUIRED_ACTION',87,1,'7bacc8b0-106b-425c-9811-8309eb0e7f40',NULL,NULL,NULL,NULL,0),(2244537789497165427,'9f26333a-3beb-4673-ba8e-bed0d03e59e8','NEW',91,1,'7bacc8b0-106b-425c-9811-8309eb0e7f40',NULL,NULL,NULL,NULL,0),(2279236718862355082,'9fa179b8-4ad1-4a8a-85cb-209b42aa08a1','REQUIRED_ACTION',118,1,'7bacc8b0-106b-425c-9811-8309eb0e7f40',NULL,NULL,NULL,NULL,0),(2311044192888374139,'a0127a72-f157-437b-ad78-66d39a14ec0b','REJECTED',28,1,'b54b3b83-6996-40f3-9c56-00f9f3c2d035',NULL,NULL,NULL,NULL,0),(2613087447438740266,'a4438d30-4f9e-4b2a-803a-e2d6d84721a8','APPROVED',101,1,'7bacc8b0-106b-425c-9811-8309eb0e7f40',NULL,NULL,NULL,NULL,0),(2783387990163538735,'26a094a1-49c9-432f-9a7c-3409e156b97c','NEW',41,1,'b6a6e5d5-9d19-4678-867c-27d4ff73edc8',NULL,NULL,NULL,NULL,0),(2828582004679397185,'a7412458-c6fa-4f41-bd0a-ed2a5c8c5a76','APPROVED',26,1,'b54b3b83-6996-40f3-9c56-00f9f3c2d035',NULL,NULL,NULL,NULL,0),(2904812000547979641,'284ff71f-c7f4-4179-a0ca-9ce25d5df6d8','APPROVED',76,1,'6a82b9c7-6813-4ab8-aa59-0b3d8246b8c7',NULL,NULL,NULL,NULL,0),(2907766100787677453,'285a75dc-d75f-490d-b1b2-6a5e9e4c0cc6','APPROVED',127,1,'7bacc8b0-106b-425c-9811-8309eb0e7f40',NULL,NULL,NULL,NULL,0),(2917329439208589136,'287c6fab-14d1-4750-9aab-bef67ac755f4','APPROVED',60,1,'b54b3b83-6996-40f3-9c56-00f9f3c2d035',NULL,NULL,NULL,NULL,0),(2945423591637535912,'a8e03f26-ac9c-4ca8-a9dc-d453c6642f74','NEW',95,1,'7bacc8b0-106b-425c-9811-8309eb0e7f40',NULL,NULL,NULL,NULL,0),(3113773447221234016,'2b365873-e8aa-4960-af5d-cb53c0317b30','NEW',35,1,'31e22205-c789-4581-8e3c-5d013cbc07ae',NULL,NULL,NULL,NULL,0),(3272447415012246949,'2d6a1195-f5f3-45a5-837b-2f2a0cf55d48','NEW',130,1,'208f9865-a20b-453b-8831-1b881ca95f98',NULL,NULL,NULL,NULL,0),(3359138727227771359,'ae9e0edf-fbab-49df-a1cc-ef43bbb1e12f','APPROVED',20,1,'b54b3b83-6996-40f3-9c56-00f9f3c2d035',NULL,NULL,NULL,NULL,0),(3370328978154276479,'aec5d059-4f17-467f-98a4-d82229def351','APPROVED',65,1,'b54b3b83-6996-40f3-9c56-00f9f3c2d035',NULL,NULL,NULL,NULL,0),(3386255487665195052,'aefe656c-c500-482c-be0a-3e292529605a','REJECTED',24,1,'b54b3b83-6996-40f3-9c56-00f9f3c2d035',NULL,NULL,NULL,NULL,0),(3506708329056323937,'30aa54a5-5c4e-4961-b43b-5c236ffdd97d','APPROVED',106,1,'7bacc8b0-106b-425c-9811-8309eb0e7f40',NULL,NULL,NULL,NULL,0),(3610025413533581740,'321962fc-a3cd-41ac-9273-35355ba65bb7','NEW',131,1,'208f9865-a20b-453b-8831-1b881ca95f98',NULL,NULL,NULL,NULL,0),(3708150663110017433,'3375ff61-a84d-4199-b489-a078c398100d','REJECTED',69,1,'6a82b9c7-6813-4ab8-aa59-0b3d8246b8c7',NULL,NULL,NULL,NULL,0),(3796167324298200998,'b4aeb211-88bd-47a6-a4c6-ed65e48ee32a','APPROVED',21,1,'b54b3b83-6996-40f3-9c56-00f9f3c2d035',NULL,NULL,NULL,NULL,0),(3891449533313206121,'360134bb-967e-4769-8bff-1b56d3d10402','REQUIRED_ACTION',114,1,'7bacc8b0-106b-425c-9811-8309eb0e7f40',NULL,NULL,NULL,NULL,0),(3965858196568098875,'b7098f04-8c03-483b-8e08-810f13f6f284','APPROVED',57,1,'b54b3b83-6996-40f3-9c56-00f9f3c2d035',NULL,NULL,NULL,NULL,0),(3997082423439543741,'37787d49-6312-4dbd-9569-f4adafcd9339','APPROVED',105,1,'7bacc8b0-106b-425c-9811-8309eb0e7f40',NULL,NULL,NULL,NULL,0),(4185822697404583768,'3a170790-db91-4f58-9308-0620898ac6c2','APPROVED',13,1,'b54b3b83-6996-40f3-9c56-00f9f3c2d035',NULL,NULL,NULL,NULL,0),(4221910444232820572,'3a973d2e-2e02-475c-8643-c3664911e200','APPROVED',15,1,'b54b3b83-6996-40f3-9c56-00f9f3c2d035',NULL,NULL,NULL,NULL,0),(4247424796421604379,'3af1e259-38e5-441b-bdbf-218f0ed1456a','NEW',96,1,'7bacc8b0-106b-425c-9811-8309eb0e7f40',NULL,NULL,NULL,NULL,0),(4271540804348366067,'bb478fba-dec5-4cf3-a0cf-4d0c4cca7436','APPROVED',5,1,'b54b3b83-6996-40f3-9c56-00f9f3c2d035',NULL,NULL,NULL,NULL,0),(4304058969649598303,'bbbb16d4-3a4c-4f5f-bf8b-8def0c2561fc','APPROVED',55,1,'b54b3b83-6996-40f3-9c56-00f9f3c2d035',NULL,NULL,NULL,NULL,0),(4406980845711805472,'3d28bdba-e09a-4c20-a934-1d8fa78e38b2','NEW',112,1,'208f9865-a20b-453b-8831-1b881ca95f98',NULL,NULL,NULL,NULL,0),(4455005433040227289,'bdd35bd6-74cc-4bd9-9593-d15807b3ab06','APPROVED',78,1,'6a82b9c7-6813-4ab8-aa59-0b3d8246b8c7',NULL,NULL,NULL,NULL,0),(4505624445667656514,'be87318f-bf56-4342-82dc-c89103b8e6ef','APPROVED',19,1,'b54b3b83-6996-40f3-9c56-00f9f3c2d035',NULL,NULL,NULL,NULL,0),(4515958962034918445,'beabe8bf-d855-442d-9ecc-4ec826854894','NEW',113,1,'208f9865-a20b-453b-8831-1b881ca95f98',NULL,NULL,NULL,NULL,0),(4545149015894544111,'3f139cf2-df9c-4eef-b374-5e658d55876c','NEW',30,1,'31e22205-c789-4581-8e3c-5d013cbc07ae',NULL,NULL,NULL,NULL,0),(4643537120900694173,'c0712868-b0a0-409d-8b2b-b1ee59b6832f','APPROVED',66,1,'b54b3b83-6996-40f3-9c56-00f9f3c2d035',NULL,NULL,NULL,NULL,0),(4696589857925448337,'c12da397-9959-4291-b856-337fbe34ac87','NEW',33,1,'b54b3b83-6996-40f3-9c56-00f9f3c2d035',NULL,NULL,NULL,NULL,0),(4996204194892893086,'c556153e-85e8-4b9e-a6fe-abfa1a736842','NEW',36,1,'31e22205-c789-4581-8e3c-5d013cbc07ae',NULL,NULL,NULL,NULL,0),(5046041488913875239,'c60723ff-c498-4127-843b-b580c0220fab','APPROVED',99,1,'7bacc8b0-106b-425c-9811-8309eb0e7f40',NULL,NULL,NULL,NULL,0),(5094141433527814558,'c6b206a4-d506-499e-b45a-90b7601dc788','APPROVED',61,1,'b54b3b83-6996-40f3-9c56-00f9f3c2d035',NULL,NULL,NULL,NULL,0),(5238630987377495487,'48b35b20-a7fd-4dbf-9688-da434f3f8618','REQUIRED_ACTION',72,1,'b54b3b83-6996-40f3-9c56-00f9f3c2d035',NULL,NULL,NULL,NULL,0),(5297114329721162836,'c983216a-e5a9-4c54-8a5e-2084dadde65d','APPROVED',31,1,'31e22205-c789-4581-8e3c-5d013cbc07ae',NULL,NULL,NULL,NULL,0),(5342101304028187083,'ca22f4d5-14c0-49cb-b283-19f4358ac29d','APPROVED',40,1,'b54b3b83-6996-40f3-9c56-00f9f3c2d035',NULL,NULL,NULL,NULL,0),(5378614953430434842,'4aa4adcd-92d3-441a-bf99-30c2943e7877','APPROVED',3,1,'b54b3b83-6996-40f3-9c56-00f9f3c2d035',NULL,NULL,NULL,NULL,0),(5424815466131770815,'4b48d0ec-aed4-4dbf-9c8d-d98a7bc6648f','REQUIRED_ACTION',89,1,'7bacc8b0-106b-425c-9811-8309eb0e7f40',NULL,NULL,NULL,NULL,0),(5458889319276626669,'4bc1dee9-d7a8-42ed-919f-2571dc25a0bf','APPROVED',107,1,'7bacc8b0-106b-425c-9811-8309eb0e7f40',NULL,NULL,NULL,NULL,0),(5504325087007163983,'4c634a80-e355-464f-82a2-252749372845','REJECTED',126,1,'7bacc8b0-106b-425c-9811-8309eb0e7f40',NULL,NULL,NULL,NULL,0),(5515612192806684427,'4c8b6410-ff0e-470b-afe1-3fe675110515','REQUIRED_ACTION',90,1,'7bacc8b0-106b-425c-9811-8309eb0e7f40',NULL,NULL,NULL,NULL,0),(5517729664500649190,'cc92e9e5-4b32-4ce6-b831-39ba52c3062d','APPROVED',54,1,'b54b3b83-6996-40f3-9c56-00f9f3c2d035',NULL,NULL,NULL,NULL,0),(5657574227980929808,'ce83bdc9-0535-4b10-8b48-35a424011d95','APPROVED',98,1,'7bacc8b0-106b-425c-9811-8309eb0e7f40',NULL,NULL,NULL,NULL,0),(5739976495000733616,'4fa87e35-e39c-47b0-8437-b18a3e8b2b3d','APPROVED',80,1,'b54b3b83-6996-40f3-9c56-00f9f3c2d035',NULL,NULL,NULL,NULL,0),(5795607779320218251,'d06e2291-9fdf-428b-84f6-b40ced532493','APPROVED',27,1,'b54b3b83-6996-40f3-9c56-00f9f3c2d035',NULL,NULL,NULL,NULL,0),(5855794907560823772,'5143f671-6eb4-4bdc-8d72-bfc2e16a2c18','REQUIRED_ACTION',117,1,'7bacc8b0-106b-425c-9811-8309eb0e7f40',NULL,NULL,NULL,NULL,0),(5880168209051108471,'d19a8dd4-e809-4477-8bff-ac267ddb0e4c','APPROVED',62,1,'b54b3b83-6996-40f3-9c56-00f9f3c2d035',NULL,NULL,NULL,NULL,0),(6016773539370911723,'d37fdfa7-e42c-47eb-9777-0d1c3b15cdae','APPROVED',137,1,'b54b3b83-6996-40f3-9c56-00f9f3c2d035',NULL,NULL,NULL,NULL,0),(6058828096335857328,'d415480d-7541-46b0-ba74-48c663dd2214','NEW',93,1,'7bacc8b0-106b-425c-9811-8309eb0e7f40',NULL,NULL,NULL,NULL,0),(6093149240355080612,'548f36f3-82ce-49a4-bc7f-af24b30f1e1b','APPROVED',120,1,'7bacc8b0-106b-425c-9811-8309eb0e7f40',NULL,NULL,NULL,NULL,0),(6339643878264292285,'57faf084-b66c-43bd-9ada-fca041521894','APPROVED',52,1,'b54b3b83-6996-40f3-9c56-00f9f3c2d035',NULL,NULL,NULL,NULL,0),(6343418997904851461,'580859f8-3f95-4205-ba97-d4614b8a4e66','NEW',92,1,'7bacc8b0-106b-425c-9811-8309eb0e7f40',NULL,NULL,NULL,NULL,0),(6549094423409804451,'dae30ead-f3d5-44a3-802a-8a8eafd92864','REJECTED',83,1,'7bacc8b0-106b-425c-9811-8309eb0e7f40',NULL,NULL,NULL,NULL,0),(6622428212446185418,'dbe7975f-4161-47ca-a1cb-fd3b24add14e','APPROVED',64,1,'b54b3b83-6996-40f3-9c56-00f9f3c2d035',NULL,NULL,NULL,NULL,0),(6657335960459232037,'dc639bc8-b19b-4325-94aa-999459a88e38','ACTION_TAKEN',82,1,'7bacc8b0-106b-425c-9811-8309eb0e7f40',NULL,NULL,NULL,NULL,0),(7039881702639946658,'61b2af1c-12a0-4ba2-b008-fa82696c949e','APPROVED',4,1,'b54b3b83-6996-40f3-9c56-00f9f3c2d035',NULL,NULL,NULL,NULL,0),(7063224441301189366,'e2059d34-f09d-42f6-a36a-7d8087787749','NEW',94,1,'7bacc8b0-106b-425c-9811-8309eb0e7f40',NULL,NULL,NULL,NULL,0),(7118350479379022391,'62c9760b-de1e-4237-b0c0-6bbfe34d350d','APPROVED',100,1,'7bacc8b0-106b-425c-9811-8309eb0e7f40',NULL,NULL,NULL,NULL,0),(7248276899031240322,'64970d6f-c86d-4e82-85c9-1fb5ccc00dd4','NEW',128,1,'208f9865-a20b-453b-8831-1b881ca95f98',NULL,NULL,NULL,NULL,0),(7306211220746750529,'6564e065-3295-4a41-af82-e8c62a749577','REQUIRED_ACTION',116,1,'7bacc8b0-106b-425c-9811-8309eb0e7f40',NULL,NULL,NULL,NULL,0),(7472403847670810887,'67b34fb5-7eae-4907-8ded-9ea6539d63ea','APPROVED',135,1,'7bacc8b0-106b-425c-9811-8309eb0e7f40',NULL,NULL,NULL,NULL,0),(7475506444647876928,'67be5581-2561-4940-986c-66b869a36438','REJECTED',111,1,'7bacc8b0-106b-425c-9811-8309eb0e7f40',NULL,NULL,NULL,NULL,0),(7490197900583126053,'e7f2874e-49a2-4425-a3c2-0e40f039a484','ACTION_TAKEN',123,1,'7bacc8b0-106b-425c-9811-8309eb0e7f40',NULL,NULL,NULL,NULL,0),(7509360212889454515,'e8369b53-cbba-47b3-afb4-0c1c470fe94e','APPROVED',8,1,'b54b3b83-6996-40f3-9c56-00f9f3c2d035',NULL,NULL,NULL,NULL,0),(7580890004470122020,'6934bb4b-35c0-4624-aab2-d4c2c2133361','APPROVED',38,1,'b54b3b83-6996-40f3-9c56-00f9f3c2d035',NULL,NULL,NULL,NULL,0),(7660282122632908146,'6a4eca01-2ecf-4d72-934d-a201e83e2198','APPROVED',86,1,'7bacc8b0-106b-425c-9811-8309eb0e7f40',NULL,NULL,NULL,NULL,0),(7721525249369262354,'6b285e4d-ccdd-4912-84ba-b21fd4c178d7','APPROVED',49,1,'b54b3b83-6996-40f3-9c56-00f9f3c2d035',NULL,NULL,NULL,NULL,0),(7730747005112173955,'6b492171-2020-4583-be94-ecb383fd4f53','REJECTED',125,1,'7bacc8b0-106b-425c-9811-8309eb0e7f40',NULL,NULL,NULL,NULL,0),(7736784231286591349,'6b5e9444-61ae-4f75-b080-a94afbeac042','APPROVED',59,1,'b54b3b83-6996-40f3-9c56-00f9f3c2d035',NULL,NULL,NULL,NULL,0),(7752761920260293785,'6b9757e3-fd4a-4499-8c21-04600a18dd62','NEW',129,1,'208f9865-a20b-453b-8831-1b881ca95f98',NULL,NULL,NULL,NULL,0),(7763305197735265575,'ebbcccf2-11f4-4527-941a-eec4ee8b256a','APPROVED',9,1,'b54b3b83-6996-40f3-9c56-00f9f3c2d035',NULL,NULL,NULL,NULL,0),(7799187660991644515,'6c3c47db-1604-4363-827a-8d92c50867f7','APPROVED',81,1,'b54b3b83-6996-40f3-9c56-00f9f3c2d035',NULL,NULL,NULL,NULL,0),(7850517723410089610,'6cf2a446-8ec4-468a-b82e-c71e9675c299','APPROVED',51,1,'b54b3b83-6996-40f3-9c56-00f9f3c2d035',NULL,NULL,NULL,NULL,0),(7955594465225098259,'ee67f303-fcce-4413-b247-051ebddb5c70','APPROVED',1,1,'b54b3b83-6996-40f3-9c56-00f9f3c2d035',NULL,NULL,NULL,NULL,0),(7987054195298880440,'eed7b779-3095-4bb8-85b5-f00dcb4de558','APPROVED',63,1,'b54b3b83-6996-40f3-9c56-00f9f3c2d035',NULL,NULL,NULL,NULL,0),(8017821324152357062,'ef450603-9aa7-40c6-af84-9ef87d743c25','REJECTED',70,1,'b54b3b83-6996-40f3-9c56-00f9f3c2d035',NULL,NULL,NULL,NULL,0),(8127939077296311500,'f0cc3d86-f243-4ccc-8c19-511ef86bbd9f','APPROVED',58,1,'b54b3b83-6996-40f3-9c56-00f9f3c2d035',NULL,NULL,NULL,NULL,0),(8181744683802775327,'f18b6570-f101-4f1f-b726-7cbbda9bf989','REJECTED',25,1,'b54b3b83-6996-40f3-9c56-00f9f3c2d035',NULL,NULL,NULL,NULL,0),(8182485328878584086,'718e070d-cfa7-4116-b7a3-dcfe0c96073d','APPROVED',88,1,'7bacc8b0-106b-425c-9811-8309eb0e7f40',NULL,NULL,NULL,NULL,0),(8304726492484814092,'734050be-9d55-450c-8134-82b366d39e7a','NEW',124,1,'208f9865-a20b-453b-8831-1b881ca95f98',NULL,NULL,NULL,NULL,0),(8375154986219816531,'743a8716-2479-4653-af5f-dcb8a9aeee83','NEW',29,1,'31e22205-c789-4581-8e3c-5d013cbc07ae',NULL,NULL,NULL,NULL,0),(8410172599099148785,'f4b6ef6b-7d07-49f1-8e84-7a448bb5743e','APPROVED',85,1,'7bacc8b0-106b-425c-9811-8309eb0e7f40',NULL,NULL,NULL,NULL,0),(8485184663495262950,'f5c16e7e-b93a-42e6-b1f6-8d6583cf24fc','REJECTED',23,1,'b54b3b83-6996-40f3-9c56-00f9f3c2d035',NULL,NULL,NULL,NULL,0),(8622057065956656913,'f7a7b338-497e-4711-b741-0e907c801079','APPROVED',108,1,'7bacc8b0-106b-425c-9811-8309eb0e7f40',NULL,NULL,NULL,NULL,0),(8678065846041004525,'f86eaee8-9ab9-49ed-83ef-f3306c16b0c8','APPROVED',134,1,'7bacc8b0-106b-425c-9811-8309eb0e7f40',NULL,NULL,NULL,NULL,0),(8738534249078932246,'f9458299-cdef-4316-aac5-a7d5349956e4','APPROVED',6,1,'b54b3b83-6996-40f3-9c56-00f9f3c2d035',NULL,NULL,NULL,NULL,0),(8938545857473694006,'7c0c1819-5342-4936-8620-e4f92c8507fb','ACTION_TAKEN',97,1,'7bacc8b0-106b-425c-9811-8309eb0e7f40',NULL,NULL,NULL,NULL,0),(8957108827126907686,'fc4e0b05-7f6a-4326-bd41-318d0702dc2d','APPROVED',68,1,'b54b3b83-6996-40f3-9c56-00f9f3c2d035',NULL,NULL,NULL,NULL,0),(9079721383221874532,'7e01a67d-da75-4f64-ac74-36d764e06158','REQUIRED_ACTION',115,1,'7bacc8b0-106b-425c-9811-8309eb0e7f40',NULL,NULL,NULL,NULL,0),(9090561345183696697,'7e282961-2c92-4739-8a37-1975270254aa','APPROVED',110,1,'7bacc8b0-106b-425c-9811-8309eb0e7f40',NULL,NULL,NULL,NULL,0),(9095868281218944729,'7e3b0402-81cc-4ed9-87b6-fed93ef59768','REJECTED',119,1,'7bacc8b0-106b-425c-9811-8309eb0e7f40',NULL,NULL,NULL,NULL,0),(9101563154166664677,'fe4f3f77-70e3-4de5-9359-86226d93f0a8','APPROVED',122,1,'7bacc8b0-106b-425c-9811-8309eb0e7f40',NULL,NULL,NULL,NULL,0),(9208791656951398966,'7fcc3338-c32b-4236-95bd-1640cacc1369','APPROVED',74,1,'6a82b9c7-6813-4ab8-aa59-0b3d8246b8c7',NULL,NULL,NULL,NULL,0);
/*!40000 ALTER TABLE `assigned_request` ENABLE KEYS */;
UNLOCK TABLES;

--
-- Table structure for table `attributes`
--

DROP TABLE IF EXISTS `attributes`;
/*!40101 SET @saved_cs_client     = @@character_set_client */;
/*!50503 SET character_set_client = utf8mb4 */;
CREATE TABLE `attributes` (
  `id` int NOT NULL AUTO_INCREMENT,
  `code` varchar(255) DEFAULT NULL,
  `name` varchar(255) DEFAULT NULL,
  `name_ar` varchar(255) DEFAULT NULL,
  PRIMARY KEY (`id`)
) ENGINE=InnoDB AUTO_INCREMENT=11 DEFAULT CHARSET=utf8mb4 COLLATE=utf8mb4_0900_ai_ci;
/*!40101 SET character_set_client = @saved_cs_client */;

--
-- Dumping data for table `attributes`
--

LOCK TABLES `attributes` WRITE;
/*!40000 ALTER TABLE `attributes` DISABLE KEYS */;
INSERT INTO `attributes` VALUES (1,'in_game_name','In-game Name','الاسم في اللعبة'),(2,'in_game_role','In-game role','الدور في اللعبة'),(3,'main_attacker','Attackers','مهاجمين'),(4,'main_defender','Defenders','مدافعين'),(5,'perfered_mode','Preferred Mode','وضع التشغيل المفضل'),(6,'pereferd_plateform','Preferred Platform','منصة الألعاب المفضلة'),(7,'current_ranking','Current ranking','الترتيب الحالي'),(8,'peek_ranking','Peak ranking','أفضل ترتيب'),(9,'in_game_position','In-game positions','الأوضاع في اللعبة'),(10,'character','Characters','الشخصيات');
/*!40000 ALTER TABLE `attributes` ENABLE KEYS */;
UNLOCK TABLES;

--
-- Table structure for table `club`
--

DROP TABLE IF EXISTS `club`;
/*!40101 SET @saved_cs_client     = @@character_set_client */;
/*!50503 SET character_set_client = utf8mb4 */;
CREATE TABLE `club` (
  `id` int NOT NULL AUTO_INCREMENT,
  `system_id` varchar(255) NOT NULL,
  `owner_id` int NOT NULL,
  `club_name` varchar(255) NOT NULL,
  `club_name_ar` varchar(255) NOT NULL,
  `club_logo` varchar(255) NOT NULL,
  `cr_number` varchar(255) NOT NULL,
  `cr_file` varchar(255) NOT NULL,
  `cr_end_date` bigint NOT NULL,
  `club_iban` varchar(255) NOT NULL,
  `club_iban_file` varchar(255) NOT NULL,
  `created_at` timestamp NOT NULL,
  `updated_at` timestamp NULL DEFAULT NULL,
  `created_by_system_id` varchar(255) DEFAULT NULL,
  `updated_by_system_id` varchar(255) DEFAULT NULL,
  `club_cover` varchar(255) DEFAULT NULL,
  `bio` varchar(500) DEFAULT NULL,
  `club_code` varchar(255) NOT NULL,
  `last_cr_expiration_notify_date` bigint DEFAULT NULL,
  `cr_expriation_notified` tinyint(1) DEFAULT '0',
  `block_reason` text,
  `is_blocked` tinyint(1) DEFAULT '0',
  `blocked_at` bigint DEFAULT NULL,
  `blocked_By` varchar(255) DEFAULT NULL,
  `first_login_after_approval` bigint DEFAULT NULL,
  PRIMARY KEY (`id`),
  UNIQUE KEY `system_id` (`system_id`),
  KEY `idx_club_user_id` (`owner_id`),
  CONSTRAINT `fk_owner_id` FOREIGN KEY (`owner_id`) REFERENCES `person` (`id`)
) ENGINE=InnoDB AUTO_INCREMENT=131 DEFAULT CHARSET=utf8mb4 COLLATE=utf8mb4_0900_ai_ci;
/*!40101 SET character_set_client = @saved_cs_client */;

--
-- Dumping data for table `club`
--

LOCK TABLES `club` WRITE;
/*!40000 ALTER TABLE `club` DISABLE KEYS */;
INSERT INTO `club` VALUES (3,'54be2162-54bc-4744-9d90-0ad492bf5472',3,'Alahly','الاهلي','esports/02623748-13e1-4dc7-b1fb-b5850e47903b__avatar.jpg','1235459874','esports/523817b9-e341-48eb-a2f9-afec5c51429a__avatar.jpg',1689627600000,'SA3222221123213212321233','esports/8e147d3c-c725-4611-8797-f943d450f87a__avatar.jpg','2023-02-14 14:53:05','2023-02-14 14:53:05','b54b3b83-6996-40f3-9c56-00f9f3c2d035','b54b3b83-6996-40f3-9c56-00f9f3c2d035',NULL,NULL,'CLB_44694660',1682647201005,1,NULL,0,NULL,NULL,NULL),(7,'4f9a0134-e5c6-485c-b37c-b8d6adcb1b87',6,'Ismaily','الاسماعيلي','null/b8bd4b2f-733a-4536-85f2-61d07cffd516__avatar.jpg','1231215996','null/76c0da8f-db60-4808-937c-0233ae15507e__avatar.jpg',1689627600000,'SA3222221123214323221233','null/211330cf-3568-4654-a691-7d531c730f74__avatar.jpg','2023-02-14 14:17:46','2023-02-14 14:17:46','b54b3b83-6996-40f3-9c56-00f9f3c2d035','b54b3b83-6996-40f3-9c56-00f9f3c2d035',NULL,NULL,'CLB_47460006',1682647201006,1,NULL,0,NULL,NULL,NULL),(10,'66150959-6259-41cb-a788-ff810cb620f1',7,'xfgfhjkjh','يبلاليبفغعا','esports/a43065e1-627c-4b0c-b6bd-bfcb3518ecf9__jpg.jpg','4567876567','esports/f1f79f7c-be3e-4cc3-96cb-7f77a4908703__jpg.jpg',1676844000000,'EG4567898765455666654444','esports/977b0620-ae69-4ab9-bcb7-7e13f09081e5__jpg.jpg','2023-02-14 21:00:50','2023-02-14 21:00:50','b54b3b83-6996-40f3-9c56-00f9f3c2d035','b54b3b83-6996-40f3-9c56-00f9f3c2d035',NULL,NULL,'CLB_10321608',1686121202074,1,NULL,0,NULL,NULL,NULL),(12,'139db7a3-5686-4afe-8f2f-edd32f9947e8',6,'fdgdfsfgf','ثفبؤغبؤبؤب','esports/98d9f44f-28a3-4349-b51e-b1e07e3aae65__jpg.jpg','3454433456','esports/fd29a958-5762-42ba-b160-46b5648a962e__jpg.jpg',1676844000000,'EG4434343595395959544554','esports/bbb0aed0-e22e-4ed9-9274-35a0e4ce084a__jpg.jpg','2023-02-14 22:07:09','2023-02-14 22:07:09','b54b3b83-6996-40f3-9c56-00f9f3c2d035','b54b3b83-6996-40f3-9c56-00f9f3c2d035',NULL,NULL,'CLB_37370042',1686121202086,1,NULL,0,NULL,NULL,NULL),(14,'29b3c2a5-7e29-4252-af29-2bbeceb23b4f',8,'masri','مصري','esports/84630b26-2b2e-481b-9647-30ec8ad14659__avatar.jpg','9898777899','esports/aab03f54-eaab-47e3-babb-7064869a9008__avatar.jpg',1689541200000,'SA3222221123211112321243','esports/254a89fd-800b-4639-b099-616eca96bd1a__avatar.jpg','2023-02-19 18:32:59','2023-02-19 18:32:59','b54b3b83-6996-40f3-9c56-00f9f3c2d035','b54b3b83-6996-40f3-9c56-00f9f3c2d035',NULL,NULL,'CLB_55885390',1682647201007,1,NULL,0,NULL,NULL,NULL),(16,'5000946e-257a-4c11-b85f-fdb8b4b646ae',9,'fffffff','يبلاخهتالبلا','esports/9c33ca52-e293-41ee-860c-568c45119db6__jpg.jpg','2345678876','esports/b5e21690-7ce5-4074-a50c-86ee33678ca2__jpg.jpg',1676844000000,'EG3433333333333333323434','esports/6d6686a5-e175-431c-a71e-397699bd7b83__jpg.jpg','2023-02-19 19:30:49','2023-02-19 19:30:49','b54b3b83-6996-40f3-9c56-00f9f3c2d035','b54b3b83-6996-40f3-9c56-00f9f3c2d035',NULL,NULL,'CLB_67316829',1686121202088,1,NULL,0,NULL,NULL,NULL),(20,'6f22f3de-ff58-477e-9c56-66effca2ec8d',14,'sdfdgfhgds','يبلاتلابيس','esports/d3d7b328-9b0e-41e3-9d8c-f6926a7c3123__jpg.jpg','3456543455','esports/341fc6df-b70f-4673-9068-5f3f350ddd33__jpg.jpg',1679176800000,'EG3456543234543234543455','esports/68575fc5-5228-4f4b-b77d-271ae2d524c7__jpg.jpg','2023-02-20 16:37:51','2023-02-20 16:37:51','b54b3b83-6996-40f3-9c56-00f9f3c2d035','b54b3b83-6996-40f3-9c56-00f9f3c2d035',NULL,NULL,'CLB_68927980',1686121202089,1,NULL,0,NULL,NULL,NULL),(22,'e05eb8a0-1921-46bf-bcdd-40cca391c66e',12,'Semouha','سموحه','esports/0761e8e9-8f36-4aa4-8a86-5ba5be5141e6__avatar.jpg','4343433321','esports/932774ce-b279-475e-ba1a-0b485f3e345e__avatar.jpg',1684443600000,'SA3222221123211112645354','esports/6747d5ed-9c41-407d-9939-be02f07aa724__avatar.jpg','2023-02-20 12:17:33','2023-02-20 12:17:33','b54b3b83-6996-40f3-9c56-00f9f3c2d035','b54b3b83-6996-40f3-9c56-00f9f3c2d035',NULL,NULL,'CLB_42689413',1686276004008,1,'Semouha',1,1680440909291,'ahmed',NULL),(24,'2508b2f4-3fe4-4b2e-9036-c4ef36a0cc4e',13,'dfgfdsdf','يبيسيب','esports/1874b9f3-c65d-492c-bf64-e2e23f3f0581__jpg.jpg','2343423423','esports/3a756085-5cc0-4ff6-a06f-0f442f5bf851__jpg.jpg',1701468000000,'EG2345432342343234323423','esports/dabfb4ba-e2f6-4c09-8310-e8896e077373__jpg.jpg','2023-02-20 16:11:04','2023-02-20 16:11:04','b54b3b83-6996-40f3-9c56-00f9f3c2d035','b54b3b83-6996-40f3-9c56-00f9f3c2d035',NULL,NULL,'CLB_66631313',1682647201009,1,NULL,0,NULL,NULL,NULL),(27,'a40cf382-69d8-446d-b751-d836fdbff4b0',16,'test','تيست','esports/6aaaa780-9bf9-4737-b7e3-3e08a06bd189__icon_x512.png','1234567891','esports/f71261ee-9497-4119-8738-4f3baedc5971__maskable_icon_x512 (6).png',1677448800000,'SA2782738273832782782738','esports/07f04297-e274-4634-810e-24f412ec7361__maskable_icon_x512 (6).png','2023-02-26 18:45:38','2023-02-26 18:45:38','b54b3b83-6996-40f3-9c56-00f9f3c2d035','b54b3b83-6996-40f3-9c56-00f9f3c2d035',NULL,NULL,'CLB_52474186',1686121202090,1,'SaGrcOufdjrHFPPcrnpU',0,1680439042608,'ahmed',NULL),(29,'467b2cf9-e755-499c-9647-399205c92aa3',17,'riadh club','نادي رياض','esports/03705bd2-ac03-486d-9005-15da678490e1__riadh-avatar2.png','3123232333','esports/baa1d409-266b-4e3c-9966-dca051c26825__riadh-avatar2.png',1678309200000,'SA2233445566778899008866','esports/382616f8-b8bd-41e7-bd33-51311d629c55__riadh-avatar2.png','2023-02-26 16:31:31','2023-02-26 16:31:31','b54b3b83-6996-40f3-9c56-00f9f3c2d035','b54b3b83-6996-40f3-9c56-00f9f3c2d035','esports/1cfdd97f-f761-4d0b-afa1-9a3473b48aa2__cover.png','Edit Bio bio bio U','CLB_62477024',1686121202092,1,'riadh club',1,1680439189027,'ahmed',NULL),(31,'6f9b9624-cb61-43e1-91d5-0c93da2ae8b1',22,'asdfasfaffdsaghhg','شسيبسش','esports/4a47b533-bc08-4f93-98d2-ddb68a016a6b__Screenshot 2023-04-14 at 03.39.19.png','3124443967','esports/ac5e64c8-1f4d-451c-9678-671bbc63687__Screenshot 2023-04-07 at 00.25.48.png',1681998000000,'SA2323232332323232332232','esports/da0f0602-8373-4789-8a7b-e24a0ed6208__Screenshot 2023-04-07 at 00.25.48.png','2023-03-02 10:20:14','2023-03-02 10:20:14','31e22205-c789-4581-8e3c-5d013cbc07ae','31e22205-c789-4581-8e3c-5d013cbc07ae','','mahmoud bio','CLB_15496259',1686268804090,1,NULL,0,NULL,NULL,NULL),(33,'aba9467b-c9a4-45a8-a69f-9207117d14e5',19,'sdrftgyhujiuh','ءقؤفرغ','esports/62e3aa6a-b07d-4bea-a5d8-18e67343dee3__jpg.jpg','3456765456','esports/7b2c3dd8-bc88-485c-abd0-8fdd0633652d__jpg.jpg',1676844000000,'EG8747887483434422234435','esports/ed60fda8-3e2a-4a46-b7d3-132bd76aaeed__jpg.jpg','2023-02-14 22:05:25','2023-02-14 22:05:25','b54b3b83-6996-40f3-9c56-00f9f3c2d035','b54b3b83-6996-40f3-9c56-00f9f3c2d035',NULL,NULL,'CLB_58738191',1686121202093,1,NULL,0,NULL,NULL,NULL),(37,'2f9ac89b-aaeb-4ff8-848d-af8f0dc3db14',23,'sadad','يسيسشي','esports/d9c1e64c-93aa-48e8-a0e7-4143777fb020__Screenshot from 2023-01-01 10-31-02.png','3132131333','esports/b50abd22-10b8-40b7-b389-cb7222dc33a3__Screenshot from 2023-01-01 10-31-02.png',1678744800000,'SA3333333333333333333311','esports/87534563-10e1-4990-b26c-db9d6b415046__Screenshot from 2023-01-01 10-31-02.png','2023-03-06 00:57:32','2023-03-06 00:57:32','b54b3b83-6996-40f3-9c56-00f9f3c2d035','b54b3b83-6996-40f3-9c56-00f9f3c2d035',NULL,NULL,'CLB_47202184',1686121202094,1,'dsfds',1,1680439407782,'ahmed',NULL),(43,'a0cd7c5c-81f1-443e-ba14-a1544f674da8',42,'SaGrcOufdjrHFPPcrnpU','ملتلتلتت تت ايه','file00007246','10000084038','file00007247',1769173492000,'SA1000640602946571177849','file00007248','2023-03-16 19:31:34','2023-03-16 19:31:34','b54b3b83-6996-40f3-9c56-00f9f3c2d035','b54b3b83-6996-40f3-9c56-00f9f3c2d035',NULL,NULL,'CLB_59796349',1682647201010,1,NULL,0,NULL,NULL,NULL),(48,'5aacf8de-2e0c-472f-b3c7-0495c5fb11ae',50,'kareem yousry abd','يبلللبببببب','esports/758c8d2e-b604-45cb-a2ce-ef9942310a57__jpg.jpg','4243488889','esports/5551e29c-1021-4eb3-b4b5-a14a1ad38374__jpg.jpg',1682546400000,'SA3444444455777775555555','esports/27a1f6f6-eb1d-4cfd-b174-18a87a7262a5__jpg.jpg','2023-03-21 18:19:23','2023-03-21 18:19:23','b54b3b83-6996-40f3-9c56-00f9f3c2d035','b54b3b83-6996-40f3-9c56-00f9f3c2d035',NULL,NULL,'CLB61940588',1686517204078,1,NULL,0,NULL,NULL,NULL),(54,'1aee3385-64c8-48e7-b7e7-29cf206ae788',54,'assd','سيشس','esports/fa02696a-d2ed-4d7d-882c-f00db7067fe3__pubg.png','1234123121','esports/42067fd6-db85-4473-a9c3-e00e2b64c8f8__Screenshot from 2023-03-22 17-57-59.png',1680300000000,'SA4324353253134312312312','esports/467d300f-c79c-4b11-ab80-17ccccc41fb4__Screenshot from 2023-02-13 15-25-00.png','2023-03-28 02:49:08','2023-03-28 02:49:08','b54b3b83-6996-40f3-9c56-00f9f3c2d035','b54b3b83-6996-40f3-9c56-00f9f3c2d035',NULL,NULL,'CLB41511959',1686121202095,1,'fhf',1,1680671656556,'Test admin',NULL),(56,'ee18df8b-7fa9-42a8-8622-0ba12e954267',52,'sfd','يسببيسش','esports/5c1164bd-2e8d-4aa3-a1e2-0741835cf8fa__Screenshot from 2023-03-16 01-59-27.png','3242343224','esports/a777dff2-d4c1-417a-a992-37bd6c06502f__Screenshot from 2023-03-16 01-59-27.png',1682110800000,'SA3222221123211454543233','esports/644b05b5-5ee3-4a1a-b354-395e51a2163d__Screenshot from 2023-03-16 01-59-27.png','2023-03-22 13:23:11','2023-03-22 13:23:11','b54b3b83-6996-40f3-9c56-00f9f3c2d035','b54b3b83-6996-40f3-9c56-00f9f3c2d035',NULL,NULL,'CLB38625641',1686276004010,1,'sfd sfd sfd',1,1680439123201,'ahmed',NULL),(58,'f89a90e9-7114-4153-a8ab-5e71dcd9c6e4',58,'Jabl','جبل','esports/f9a3e968-30d2-4c2b-bffc-0c9334c50ca9__Screenshot from 2023-03-16 01-59-27.png','3423234322','esports/74e8eb12-0126-44fd-9ee7-da5b8776a65f__Screenshot from 2023-03-16 01-59-27.png',1680213600000,'SA2344322189999900331999','esports/de89a91b-f6a3-477a-bd42-99a9bca7968c__Screenshot from 2023-03-16 01-59-27.png','2023-03-30 23:17:15','2023-03-30 23:17:15','b54b3b83-6996-40f3-9c56-00f9f3c2d035','b54b3b83-6996-40f3-9c56-00f9f3c2d035',NULL,NULL,'CLB31889022',1686121202096,1,'test test',0,1680437245070,'ahmed',NULL),(61,'ab5e2e99-626b-4ff1-94ad-aa5821454eee',61,'ahly egypt','الاهلي مصر','esports/a09269dc-9c6b-4188-833f-1f99bd7acffc__Screenshot from 2023-04-02 00-51-23.png','4434343444','esports/a9a853b7-bb26-4cb7-984f-17493a604b44__Screenshot from 2023-04-02 00-51-23.png',1680818400000,'SA1111122223333222223344','esports/9ba5a541-087b-4540-b2dc-1918d4914359__Screenshot from 2023-04-02 00-51-23.png','2023-04-03 00:44:01','2023-04-03 00:44:01','b54b3b83-6996-40f3-9c56-00f9f3c2d035','b54b3b83-6996-40f3-9c56-00f9f3c2d035',NULL,NULL,'CLB69046717',1686121202097,1,NULL,0,NULL,NULL,NULL),(67,'d0b4a658-afe2-438f-b6ea-96feab06581f',57,'aletihad','الاتحاد','esports/9730a9d7-a144-4fb0-a9ee-3a73e735c09e__Screenshot from 2023-03-16 01-59-27.png','2334234142','esports/7edf9deb-d09b-4e12-b165-982818f5939c__Screenshot from 2023-03-16 01-59-27.png',1680559200000,'SA8237482378237438288222','esports/69c0b8ea-ce76-4b80-ac84-0d640bd24fcd__Screenshot from 2023-03-16 01-59-27.png','2023-03-30 17:23:45','2023-03-30 17:23:45','b54b3b83-6996-40f3-9c56-00f9f3c2d035','b54b3b83-6996-40f3-9c56-00f9f3c2d035',NULL,NULL,'CLB86013244',1686121202098,1,'test',0,1680437270679,'ahmed',NULL),(69,'becf2806-533e-4f5c-b9ed-cc870f874277',59,'Masry','مصري س','esports/0f22b0d8-38e3-4c73-b561-3018573301e9__Screenshot from 2023-03-16 01-59-27.png','4355566655','esports/9dba0f1f-f821-401f-9ba7-342f8e0fcd09__Screenshot from 2023-03-16 01-59-27.png',1681855200000,'SA4324356546767786577777','esports/3b1b92b2-9248-49b8-ba4a-d6a1d067b17e__Screenshot from 2023-03-16 01-59-27.png','2023-03-31 01:14:00','2023-03-31 01:14:00','b54b3b83-6996-40f3-9c56-00f9f3c2d035','b54b3b83-6996-40f3-9c56-00f9f3c2d035',NULL,NULL,'CLB51543191',1686276004012,1,'fdg',0,1680438725740,'ahmed',NULL),(75,'1baad85f-4afd-48d3-84c5-2db31d09d771',60,'Alahly Almasry','الاهلي المصري','esports/c7cccec5-2a90-48b3-91a0-92831879c81d__Screenshot from 2023-03-16 01-59-27.png','4343234433','esports/4fb7303a-30a6-4e08-b13c-cddbba114c0d__Screenshot from 2023-03-16 01-59-27.png',1681941600000,'SA2312832838832199999999','esports/ab669f45-9894-4656-af0e-877da95235ae__Screenshot from 2023-03-16 01-59-27.png','2023-03-31 01:36:37','2023-03-31 01:36:37','b54b3b83-6996-40f3-9c56-00f9f3c2d035','b54b3b83-6996-40f3-9c56-00f9f3c2d035',NULL,NULL,'CLB05968386',1686276004013,1,'sdsadsd',1,1680671490015,'Test admin',NULL),(79,'6c8bfb98-4168-43f1-bf72-3ebf10fc8d9d',87,'mahmoud mco','يبلاتن','esports/f2c253a2-3990-4b50-97be-383d512419c3__jpg.jpg','2345577654','esports/4d1aa68a-1f59-48b5-a24b-a996ba966eb4__jpg.jpg',1682632800000,'SA2345678987654345555666','esports/cc9aac66-c887-4af4-bf4f-b3b34dc8f20f__jpg.jpg','2023-04-04 18:28:29','2023-04-04 18:28:29','b54b3b83-6996-40f3-9c56-00f9f3c2d035','b54b3b83-6996-40f3-9c56-00f9f3c2d035',NULL,NULL,'CLB63649049',1685462404006,1,NULL,0,NULL,NULL,NULL),(83,'5bd52813-4883-4c6f-92f7-d7bc220b766e',89,'hRNfEOUULPRnOQdlddie','ملتلتلتتملتلتلتتملتلتلتتملتلتلتت تت ايه','file00007246','10000031935','file00007247',1769173492000,'SA1000242824310487355057','file00007248','2023-04-04 23:24:41','2023-04-04 23:24:41','b54b3b83-6996-40f3-9c56-00f9f3c2d035','b54b3b83-6996-40f3-9c56-00f9f3c2d035',NULL,NULL,'CLB20579174',1683061202008,1,'ghgh',1,1680671648741,'Test admin',NULL),(85,'3fddcf55-2ed4-420f-8274-eef7ae748da8',90,'CtUVryCNsCRbGXodXuXX','ملتلتلتتملتلتلتتملتلتلتتملتلتل تت ايه','file00007246','10000048112','file00007247',1769173492000,'SA1000453998236327452994','file00007248','2023-04-04 23:27:18','2023-04-04 23:27:18','b54b3b83-6996-40f3-9c56-00f9f3c2d035','b54b3b83-6996-40f3-9c56-00f9f3c2d035',NULL,NULL,'CLB06164339',1683061202011,1,NULL,0,NULL,NULL,NULL),(89,'2ed91309-e907-4eb0-9747-91ce112fee8e',94,'admin updatess','بشسيبشس','esports/20329377-1776-451f-9448-c0a1ff92abe8__Screeshot 2023-04-07 at 00.25.48.png','3424323424','esports/ac5e64c8-1f4d-451c-9678-671bbc63687__Screenshot 2023-04-07 at 00.25.48.png',1867525200000,'SA3477325944793242342324','esports/da0f0602-8373-4789-8a7b-e24a0ed6208__Screenshot 2023-04-07 at 00.25.48.png','2023-04-06 12:00:59','2023-04-06 12:00:59','b54b3b83-6996-40f3-9c56-00f9f3c2d035','b54b3b83-6996-40f3-9c56-00f9f3c2d035',NULL,NULL,'CLB92054488',1683194402059,1,NULL,0,NULL,NULL,NULL),(104,'66ca9546-8f64-4a4f-9273-9deae375f4b6',111,'mcbCVhPAvJbLjQikmocp','ملتلتلتتملتلتلتت تت ايه','file00007246','10000015053','file00007247',1769173492000,'SA1000823016286591158617','file00007248','2023-04-04 23:23:09','2023-04-04 23:23:09','b54b3b83-6996-40f3-9c56-00f9f3c2d035','b54b3b83-6996-40f3-9c56-00f9f3c2d035',NULL,NULL,'CLB78269043',1682888401117,1,NULL,0,NULL,NULL,NULL),(106,'495e7114-7eed-4b86-8651-223d22ef3f16',112,'ascascas','سليبسيبسي','esports/d5358d58-fdca-4a9f-b723-249e61b5151f__image (1).png','2343243246','esports/dd8e6785-970c-440d-b849-43eaae0b5a1a__image.png',1681250400000,'SA1235789023456784323453','esports/b25dd70d-380a-4fc3-b8f8-47016901433b__image.png','2023-04-04 13:01:33','2023-04-04 13:01:33','b54b3b83-6996-40f3-9c56-00f9f3c2d035','b54b3b83-6996-40f3-9c56-00f9f3c2d035',NULL,NULL,'CLB66220635',1686121202099,1,NULL,0,NULL,NULL,NULL),(108,'638b66de-fc8a-4810-8357-be283ae3b191',113,'fsafasf','سيبسيب','esports/ebe7be82-baf0-4a94-ac79-c3b98b600dc1__image (1).png','1234567890','esports/7ee09536-ee84-47bc-816c-ab9c23da09eb__image (1).png',1679436000000,'SA1234567890123456789034','esports/1cf51762-a7fc-4014-a231-f0facf8e3145__image (1).png','2023-03-21 18:19:07','2023-03-21 18:19:07','b54b3b83-6996-40f3-9c56-00f9f3c2d035','b54b3b83-6996-40f3-9c56-00f9f3c2d035',NULL,NULL,'CLB14745038',1686121202100,1,NULL,0,NULL,NULL,NULL),(128,'82f377c4-68bd-434e-ab51-2f85059f6a18',132,'IBYAQnuGflnWsLEaqCfp','ا هي','file00007246','10000059593','file00007247',1769173492000,'SA1000671709607916566216','file00007248','2023-05-08 14:06:57','2023-05-08 14:06:57','b54b3b83-6996-40f3-9c56-00f9f3c2d035','b54b3b83-6996-40f3-9c56-00f9f3c2d035',NULL,NULL,'CLB71765217',1683547200035,1,NULL,0,NULL,NULL,NULL),(130,'a3008a36-a2be-4e0d-afaa-ed43a36a43e1',135,'hhjhhh','اااييي','esports/8aae096d-3c3a-4df3-aa91-46654033398d__jpg.jpg','4444444444','esports/0f0dfcd4-4bf2-4887-8f30-d0780fad96ff__reassign.png',1679436000000,'SA3433333333333333333333','esports/ea8622b3-3b49-447e-921c-96228849c254__Screenshot from 2023-01-15 12-45-48.png','2023-03-06 11:38:45','2023-03-06 11:38:45','b54b3b83-6996-40f3-9c56-00f9f3c2d035','b54b3b83-6996-40f3-9c56-00f9f3c2d035',NULL,NULL,'CLB47641146',1686135602093,1,NULL,0,NULL,NULL,NULL);
/*!40000 ALTER TABLE `club` ENABLE KEYS */;
UNLOCK TABLES;

--
-- Table structure for table `club_admins`
--

DROP TABLE IF EXISTS `club_admins`;
/*!40101 SET @saved_cs_client     = @@character_set_client */;
/*!50503 SET character_set_client = utf8mb4 */;
CREATE TABLE `club_admins` (
  `id` bigint NOT NULL AUTO_INCREMENT,
  `created_at` datetime(6) DEFAULT NULL,
  `created_by_system_id` varchar(255) DEFAULT NULL,
  `system_id` varchar(255) DEFAULT NULL,
  `updated_at` datetime(6) DEFAULT NULL,
  `updated_by_system_id` varchar(255) DEFAULT NULL,
  `club_id` int DEFAULT NULL,
  `account_id` int DEFAULT NULL,
  `assign_another_admin` bit(1) DEFAULT NULL,
  PRIMARY KEY (`id`),
  KEY `FKhd4sjs9q5e6nnu_person` (`account_id`),
  KEY `FKnjsi8atx4aylpr_club` (`club_id`),
  CONSTRAINT `FKhd4sjs9q5e6nnu_person` FOREIGN KEY (`account_id`) REFERENCES `person` (`id`),
  CONSTRAINT `FKnjsi8atx4aylpr_club` FOREIGN KEY (`club_id`) REFERENCES `club` (`id`)
) ENGINE=InnoDB AUTO_INCREMENT=11 DEFAULT CHARSET=utf8mb4 COLLATE=utf8mb4_0900_ai_ci;
/*!40101 SET character_set_client = @saved_cs_client */;

--
-- Dumping data for table `club_admins`
--

LOCK TABLES `club_admins` WRITE;
/*!40000 ALTER TABLE `club_admins` DISABLE KEYS */;
INSERT INTO `club_admins` VALUES (2,'2023-04-18 15:04:05.772000','52513b88-aeea-4b2c-add1-07b9a54f7340','82d2bd3b-ea15-464a-af53-f1ce10fc343d','2023-04-18 15:04:05.772000','52513b88-aeea-4b2c-add1-07b9a54f7340',31,115,_binary '\0'),(4,'2023-04-26 16:41:50.954000','2e5ec101-4096-4a23-98f0-8471045b5dfe','4a8c4d55-14a4-4504-9813-c31916fe950d','2023-04-26 16:41:50.954000','2e5ec101-4096-4a23-98f0-8471045b5dfe',48,121,_binary '\0'),(5,'2023-04-26 16:41:58.369000','2e5ec101-4096-4a23-98f0-8471045b5dfe','9b51768b-8b15-4740-9037-92867535817b','2023-04-26 16:41:58.369000','2e5ec101-4096-4a23-98f0-8471045b5dfe',79,121,_binary '\0'),(6,'2023-04-26 19:02:10.709000','95c23e08-a240-4758-b77e-92c36463cbac','c6e588b0-0082-4341-b836-b934308c86c4','2023-04-26 19:02:10.709000','95c23e08-a240-4758-b77e-92c36463cbac',69,124,_binary ''),(8,'2023-05-03 14:18:36.510000','cd2e7507-38b5-43b1-8b76-f9fe8d1730f3','b9a56f96-7419-43d8-abc4-1c16378596cf','2023-05-03 14:18:36.510000','cd2e7507-38b5-43b1-8b76-f9fe8d1730f3',89,126,_binary ''),(9,'2023-05-04 11:35:35.897000','589bb9a3-155a-4120-9d4b-3efb973d0bec','47f69ec8-6cb0-46a5-b0b2-2d5b45651a3e','2023-05-04 11:35:35.897000','589bb9a3-155a-4120-9d4b-3efb973d0bec',79,128,_binary ''),(10,'2023-05-05 11:16:33.525000',NULL,'fe012fcd-8138-4b7d-ab36-3670eea2264f','2023-05-05 11:16:33.525000',NULL,16,129,_binary '\0');
/*!40000 ALTER TABLE `club_admins` ENABLE KEYS */;
UNLOCK TABLES;

--
-- Table structure for table `club_announcement`
--

DROP TABLE IF EXISTS `club_announcement`;
/*!40101 SET @saved_cs_client     = @@character_set_client */;
/*!50503 SET character_set_client = utf8mb4 */;
CREATE TABLE `club_announcement` (
  `id` bigint NOT NULL AUTO_INCREMENT,
  `system_id` varchar(255) NOT NULL,
  `club_id` int NOT NULL,
  `team_id` bigint unsigned DEFAULT NULL,
  `vacancies` int DEFAULT NULL,
  `message` varchar(1000) DEFAULT NULL,
  `role` varchar(255) DEFAULT NULL,
  `end_at` bigint DEFAULT NULL,
  `created_by` varchar(255) DEFAULT NULL,
  `created_date` timestamp NULL DEFAULT NULL,
  `last_modified_by` varchar(255) DEFAULT NULL,
  `last_modified_date` timestamp NULL DEFAULT NULL,
  `type_id` int NOT NULL DEFAULT '1',
  `status_id` int NOT NULL DEFAULT '1',
  `deleted` tinyint(1) DEFAULT '0',
  PRIMARY KEY (`id`),
  KEY `fx_announcement_club` (`club_id`),
  KEY `fx_announcement_team` (`team_id`),
  KEY `fk_announcement_status` (`status_id`),
  KEY `fk_announcement_type` (`type_id`),
  CONSTRAINT `fk_announcement_status` FOREIGN KEY (`status_id`) REFERENCES `announcement_status` (`id`),
  CONSTRAINT `fk_announcement_type` FOREIGN KEY (`type_id`) REFERENCES `announcement_type` (`id`),
  CONSTRAINT `fx_announcement_club` FOREIGN KEY (`club_id`) REFERENCES `club` (`id`),
  CONSTRAINT `fx_announcement_team` FOREIGN KEY (`team_id`) REFERENCES `team` (`id`)
) ENGINE=InnoDB AUTO_INCREMENT=27 DEFAULT CHARSET=utf8mb4 COLLATE=utf8mb4_0900_ai_ci;
/*!40101 SET character_set_client = @saved_cs_client */;

--
-- Dumping data for table `club_announcement`
--

LOCK TABLES `club_announcement` WRITE;
/*!40000 ALTER TABLE `club_announcement` DISABLE KEYS */;
INSERT INTO `club_announcement` VALUES (3,'2c16ba77-56a4-4f74-bd4b-0c9b6c3005b4',31,81,6,'tttts','CASTER',1681505999000,'143960ef-65f9-4eb8-9906-b12d3535f2e1','2023-03-29 14:30:26','b54b3b83-6996-40f3-9c56-00f9f3c2d035','2023-04-08 22:28:53',1,1,1),(4,'e23979c1-9b0c-4be1-b128-3fe5d654781a',31,81,6,'jsdjsdlsmdlsdsdk;sdks;dks;d,sd;lds,;ljsdjsdlsmdlsdsdk;sdks;dks;d,sd;lds,;ljsdjsdlsmdlsdsdk;sdks;dks;d,sd;lds,;ljsdjsdlsmdlsdsdk;sdks;dks;d,sd;lds,;ljsdjsdlsmdlsdsdk;sdks;dks;d,sd;lds,;ljsdjsdlsmdlsdsdk;sdks;dks;d,sd;lds,;ljsdjsdlsmdlsdsdk;sdks;dks;d,sd;lds,;ljsdjsdlsmdlsdsdk;sdks;dks;d,sd;lds,;ljsdjsdlsmdlsdsdk;sdks;dks;d,sd;lds,;l','COACH',1682542799000,'143960ef-65f9-4eb8-9906-b12d3535f2e1','2023-03-29 14:56:01','143960ef-65f9-4eb8-9906-b12d3535f2e1','2023-04-09 18:26:25',1,1,0),(5,'f1d03da2-61a7-43c8-b3b8-cf5fd3f567a9',48,137,3,'gggggg','REFEREE',1682888399000,'3d6f3253-d2a6-436d-ad8b-62f55ecd396a','2023-04-09 17:58:04',NULL,NULL,1,1,0),(6,'ca44d3cf-b7fd-420a-961e-0728bee32257',43,79,10,'','PLAYER',1682888399000,'995586bb-81d1-4490-a8ec-936555f6f3c4','2023-04-11 17:33:09',NULL,NULL,1,2,0),(7,'1ce6a347-b59c-47ba-80d1-7fc252770bcb',43,NULL,NULL,'string',NULL,NULL,'995586bb-81d1-4490-a8ec-936555f6f3c4','2023-04-11 23:05:17',NULL,NULL,2,1,0),(8,'723bd041-67f3-48e9-918c-216f92babd1c',69,150,3,'NEED PLAUER ASAP','PLAYER',1682888399000,'a9b9098e-dda9-4220-9624-aebf6efa9188','2023-04-11 23:08:29',NULL,NULL,1,2,1),(9,'781731fe-494c-4dd6-8394-754b533458ae',69,152,4,'Ahmed team','PLAYER',1682888399000,'a9b9098e-dda9-4220-9624-aebf6efa9188','2023-04-12 00:14:42',NULL,NULL,1,2,0),(10,'3ad8ef83-102d-4792-82d0-245d80a69bd6',69,156,5,'ARCHIVED','PLAYER',1681300483774,'a9b9098e-dda9-4220-9624-aebf6efa9188','2023-04-12 03:07:22',NULL,NULL,1,2,0),(11,'724358cc-a0e2-4f0a-a556-7006f414781e',69,152,2,'Coach','COACH',1681333199000,'a9b9098e-dda9-4220-9624-aebf6efa9188','2023-04-12 22:40:26',NULL,NULL,1,1,0),(12,'b9a1375a-4ab1-42c3-87a8-442f255b83d0',43,NULL,NULL,'string',NULL,NULL,'995586bb-81d1-4490-a8ec-936555f6f3c4','2023-04-13 11:28:31','995586bb-81d1-4490-a8ec-936555f6f3c4','2023-04-27 14:14:47',2,1,0),(13,'233491d2-6112-422a-8268-9f6b60a4c1fa',79,140,55,'hhhhhhhhhhhhhh','REFEREE',1682024399000,'682dbdff-03da-4083-9cd2-c896166792f5','2023-04-18 12:25:34',NULL,NULL,1,1,0),(14,'d6bdf2cf-1187-4de5-8a73-0a5042b0a47f',69,150,1,'','PLAYER',1681851599000,'a9b9098e-dda9-4220-9624-aebf6efa9188','2023-04-18 14:36:31',NULL,NULL,1,1,0),(15,'890beb38-bd81-48ab-9249-20a60897b452',31,NULL,NULL,'rrrrrrr',NULL,NULL,'143960ef-65f9-4eb8-9906-b12d3535f2e1','2023-04-19 08:56:25',NULL,NULL,2,1,0),(16,'c629c882-4ee7-4b40-9e50-8f431c609f75',89,NULL,NULL,'hello ya m3llm ',NULL,NULL,'0b727b5c-14a5-4148-9d24-97468ea4c2a2','2023-04-20 02:45:06',NULL,NULL,2,1,1),(17,'bde41fcf-165e-447a-9f90-ffa675168d5b',89,154,3,'','PLAYER',1682456399000,'b54b3b83-6996-40f3-9c56-00f9f3c2d035','2023-04-25 17:30:16','b54b3b83-6996-40f3-9c56-00f9f3c2d035','2023-04-25 17:30:26',1,1,1),(18,'c576aa13-4f62-453c-bc96-65d3fd54df09',69,152,2,'','REFEREE',1682456399000,'a9b9098e-dda9-4220-9624-aebf6efa9188','2023-04-25 17:31:06',NULL,NULL,1,1,0),(19,'6b04b7cc-cb13-42f9-8485-ba59be7cb2ba',69,150,2,'','PLAYER',1682542799000,'a9b9098e-dda9-4220-9624-aebf6efa9188','2023-04-26 19:06:09',NULL,NULL,1,1,0),(20,'7b16808d-302d-4491-b99e-436048532faa',89,NULL,NULL,'afdasfasfsa',NULL,NULL,'0b727b5c-14a5-4148-9d24-97468ea4c2a2','2023-05-03 08:44:11',NULL,NULL,2,1,0),(21,'0b0edef8-0a68-44c2-bb6b-0d0b80aac158',89,154,10,'need ','PLAYER',1685566799000,'0b727b5c-14a5-4148-9d24-97468ea4c2a2','2023-05-03 08:59:54',NULL,NULL,1,1,0),(22,'1c8c5a2a-1b70-443d-9a12-80c251bcc9ad',69,152,3,'test','PLAYER',1685566799000,'a9b9098e-dda9-4220-9624-aebf6efa9188','2023-05-08 17:07:04',NULL,NULL,1,1,0),(23,'41828dd7-5ed5-4f8a-ab75-4069e7ea63d1',48,109,2,'mmm','TEAM_MANAGER',1685566799000,'3d6f3253-d2a6-436d-ad8b-62f55ecd396a','2023-05-08 18:33:26',NULL,NULL,1,1,0),(24,'3d55c611-1057-44e7-91b7-4212c622a490',48,138,1,'qqqq','REFEREE',1685566799000,'3d6f3253-d2a6-436d-ad8b-62f55ecd396a','2023-05-08 18:34:23',NULL,NULL,1,1,0),(25,'eafbb31f-5848-49b3-b1ec-993eb90577ef',48,138,2,'nnnnnn','PLAYER',1685566799000,'3d6f3253-d2a6-436d-ad8b-62f55ecd396a','2023-05-08 18:47:01',NULL,NULL,1,1,0),(26,'170d5806-1a5d-4467-8756-e2ccac287934',69,NULL,NULL,'mmmmmmmmmmmmmmmmmmmmmmmmmmmmmmmm',NULL,NULL,'a9b9098e-dda9-4220-9624-aebf6efa9188','2023-05-24 15:15:19',NULL,NULL,2,1,0);
/*!40000 ALTER TABLE `club_announcement` ENABLE KEYS */;
UNLOCK TABLES;

--
-- Table structure for table `club_content_creator`
--

DROP TABLE IF EXISTS `club_content_creator`;
/*!40101 SET @saved_cs_client     = @@character_set_client */;
/*!50503 SET character_set_client = utf8mb4 */;
CREATE TABLE `club_content_creator` (
  `id` bigint NOT NULL AUTO_INCREMENT,
  `created_at` datetime(6) DEFAULT NULL,
  `created_by_system_id` varchar(255) DEFAULT NULL,
  `system_id` varchar(255) DEFAULT NULL,
  `updated_at` datetime(6) DEFAULT NULL,
  `updated_by_system_id` varchar(255) DEFAULT NULL,
  `club_id` int DEFAULT NULL,
  `account_id` int DEFAULT NULL,
  `profile_pic` varchar(255) DEFAULT NULL,
  `show_in_club_profile` bit(1) DEFAULT NULL,
  PRIMARY KEY (`id`),
  KEY `FKhd4sjs9q5e6nnu6jogniiug9y` (`account_id`),
  KEY `FKnjsi8atx4aylpr67xn70l48hn` (`club_id`),
  CONSTRAINT `FKhd4sjs9q5e6nnu6jogniiug9y` FOREIGN KEY (`account_id`) REFERENCES `person` (`id`),
  CONSTRAINT `FKnjsi8atx4aylpr67xn70l48hn` FOREIGN KEY (`club_id`) REFERENCES `club` (`id`)
) ENGINE=InnoDB AUTO_INCREMENT=16 DEFAULT CHARSET=utf8mb4 COLLATE=utf8mb4_0900_ai_ci;
/*!40101 SET character_set_client = @saved_cs_client */;

--
-- Dumping data for table `club_content_creator`
--

LOCK TABLES `club_content_creator` WRITE;
/*!40000 ALTER TABLE `club_content_creator` DISABLE KEYS */;
INSERT INTO `club_content_creator` VALUES (4,'2023-04-13 20:11:12.082000',NULL,'9dca1d26-0b7c-49e0-bfc3-5961766eb944',NULL,NULL,89,107,NULL,_binary '\0'),(5,'2023-04-15 20:16:30.778000',NULL,'fe90d1a0-0176-429c-a58d-34b3c654a092','2023-04-19 00:03:39.096000','3d6f3253-d2a6-436d-ad8b-62f55ecd396a',48,108,'/esports/758c8d2e-b604-45cb-a2ce-ef9942310a57__jpg.jpg',_binary '\0'),(8,'2023-04-19 00:46:47.254000',NULL,'224975f7-4a4f-4af2-b99d-feb908eac124','2023-04-19 00:49:45.629000','143960ef-65f9-4eb8-9906-b12d3535f2e1',31,117,'alksdfajlsf',_binary '\0'),(10,'2023-04-26 14:08:25.829000','362f7010-3d77-4be9-8ab0-dd053e895b8c','175aa840-ca94-49cd-8b0f-ab21cc690947',NULL,NULL,48,118,'esports/918c8465-4db8-4a71-b31f-e665a4c0c551__image (1).png',_binary '\0'),(11,'2023-04-26 15:27:53.733000',NULL,'44251d52-14fe-4440-8c26-8998150e93fb',NULL,NULL,48,122,NULL,_binary '\0'),(12,'2023-04-26 18:08:38.048000',NULL,'50fcd045-c4bc-455b-98fc-ffc9b77c32b9','2023-04-30 10:51:16.076000','0b727b5c-14a5-4148-9d24-97468ea4c2a2',89,123,'esports/6be779f9-d5d5-479e-a445-2f34e36961f3__Screenshot 2023-03-30 at 17.49.02.png',_binary '\0'),(13,'2023-05-03 11:42:12.074000',NULL,'9c759a51-ec63-49e0-8816-36d782c536fb',NULL,NULL,69,127,NULL,_binary '\0'),(14,'2023-05-06 12:03:36.577000',NULL,'354ab624-2633-4ca0-a220-080d8d8182d3','2023-05-06 12:07:25.210000','411848ba-f128-4961-9a9a-37aa4d88cba4',16,130,NULL,_binary ''),(15,'2023-05-06 12:05:02.780000',NULL,'7e46405a-2108-41ce-84d7-46a79f2e8237','2023-05-06 12:06:57.342000','411848ba-f128-4961-9a9a-37aa4d88cba4',16,131,NULL,_binary '');
/*!40000 ALTER TABLE `club_content_creator` ENABLE KEYS */;
UNLOCK TABLES;

--
-- Table structure for table `club_id_seq`
--

DROP TABLE IF EXISTS `club_id_seq`;
/*!40101 SET @saved_cs_client     = @@character_set_client */;
/*!50503 SET character_set_client = utf8mb4 */;
CREATE TABLE `club_id_seq` (
  `my_row_id` bigint unsigned NOT NULL AUTO_INCREMENT /*!80023 INVISIBLE */,
  `next_val` bigint DEFAULT NULL,
  PRIMARY KEY (`my_row_id`)
) ENGINE=InnoDB AUTO_INCREMENT=2 DEFAULT CHARSET=utf8mb4 COLLATE=utf8mb4_0900_ai_ci;
/*!40101 SET character_set_client = @saved_cs_client */;

--
-- Dumping data for table `club_id_seq`
--

LOCK TABLES `club_id_seq` WRITE;
/*!40000 ALTER TABLE `club_id_seq` DISABLE KEYS */;
INSERT INTO `club_id_seq` (`my_row_id`, `next_val`) VALUES (1,132);
/*!40000 ALTER TABLE `club_id_seq` ENABLE KEYS */;
UNLOCK TABLES;

--
-- Table structure for table `club_license`
--

DROP TABLE IF EXISTS `club_license`;
/*!40101 SET @saved_cs_client     = @@character_set_client */;
/*!50503 SET character_set_client = utf8mb4 */;
CREATE TABLE `club_license` (
  `id` bigint NOT NULL,
  `system_id` varchar(255) DEFAULT NULL,
  `request_id` varchar(255) DEFAULT NULL,
  `status` varchar(255) DEFAULT NULL,
  `approval_date` bigint DEFAULT NULL,
  `expiry_date` bigint DEFAULT NULL,
  `club_owner_name` varchar(255) DEFAULT NULL,
  `club_id` int DEFAULT NULL,
  `club_name` varchar(255) DEFAULT NULL,
  `club_name_ar` varchar(255) DEFAULT NULL,
  `cr_number` varchar(255) DEFAULT NULL,
  `nationality_ar` varchar(255) DEFAULT NULL,
  `nationality` varchar(255) DEFAULT NULL,
  `national_id` varchar(255) DEFAULT NULL,
  `license_path` varchar(255) DEFAULT NULL,
  `license_path_ar` varchar(255) DEFAULT NULL,
  `registration_number` int DEFAULT NULL,
  `year` int DEFAULT NULL,
  PRIMARY KEY (`id`),
  UNIQUE KEY `reg_num_unique` (`registration_number`,`year`)
) ENGINE=InnoDB DEFAULT CHARSET=utf8mb4 COLLATE=utf8mb4_0900_ai_ci;
/*!40101 SET character_set_client = @saved_cs_client */;

--
-- Dumping data for table `club_license`
--

LOCK TABLES `club_license` WRITE;
/*!40000 ALTER TABLE `club_license` DISABLE KEYS */;
INSERT INTO `club_license` VALUES (4,'347748dc-005e-4ad4-a71d-b9333b0f7f1b',NULL,'ACTIVE',1676371033231,1704013199,NULL,3,NULL,NULL,'123',NULL,NULL,NULL,'null/a437213d-4f8d-4066-a246-b4fccab05290__','null/72564f85-ad8a-45a4-9b63-be405f5b8568__',NULL,NULL),(8,'62b4feea-dacf-4927-929b-7f4c7d931782','RQ000000002','ACTIVE',1676373609846,1704013199,'Mohamed Ossama',7,'Ismaily','الاسماعيلي','1231215996','سعودي','Saudi','54454588963124','esports/2106b111-15c0-442d-8236-171a372780ad__','esports/1f77fe4c-7a32-4aef-8265-5ca9dc6d4306__',NULL,NULL),(9,'6c8315af-1113-459b-a9c4-87168f04841d','RQ000000003','ACTIVE',1676375754518,1704013199,'Mohamed Ossama',3,'Alahly','الاهلي','1235459874','سعودي','Saudi','123596665478','esports/a80ed8cb-d9d1-4ac8-9136-a7472294327a__','esports/b14a31fd-88fd-4a8b-81da-29a3d3a721e4__',NULL,NULL),(11,'e293ca97-1bf7-483d-b9c7-325a7d20fcc2','RQ000000004','ACTIVE',1676397687022,1704013199,'fghjijhb',10,'xfgfhjkjh','يبلاليبفغعا','4567876567','امريكى','American','456876','esports/a0e35d16-bfc0-4a91-a0ae-98be494df698__','esports/02b9f55c-16b8-4eb7-af7b-d70a19dbb953__',NULL,NULL),(13,'1910ce39-624c-4107-b1b7-4fe5a9dfbabd','RQ000000006','ACTIVE',1676402036556,1704013199,'dtcfyvguhbjhiug',12,'fdgdfsfgf','ثفبؤغبؤبؤب','3454433456','أرجنتيني','Argentinean','345654323','esports/569b479d-c602-409b-8d61-2c31cf3a3e7a__','esports/0de1210f-47c2-4a9a-9816-8696a7aecc78__',NULL,NULL),(15,'44136fbe-db7a-483a-8147-2f7c3da7668d','RQ000000008','ACTIVE',1676820860742,1704013199,'club license',14,'masri','مصري','9898777899','سعودي','Saudi','432324','esports/01f48f66-dcc5-40e3-98b3-2eb3919aab06__','esports/04285186-6c66-4009-bae9-824995bb1b7f__',1,2023),(17,'04ee0881-b0cb-4e9d-be6c-ac68feb28f36','RQ000000009','ACTIVE',1676824333668,1704013199,'Mahmoud Aboelsoud',16,'fffffff','يبلاخهتالبلا','2345678876','جزائري','Algerian','34444','esports/4e344ab4-12bb-48f9-841b-aa142a4aacc9__','esports/5301bd5f-4363-4bc3-b198-1929dc74ed5c__',2,2023),(21,'1ba470ab-f1e6-423f-8ecb-e3da21d4f758','RQ000000013','ACTIVE',1676884952181,1704013199000,'Shousha',20,'dfdsdfsggs','بالتنا','3245677432','أندوري','Andorran','2345676','esports/32892377-d9f4-416c-902d-1997fe2ec362__','esports/8b459665-071c-4612-beb4-9ed9ed91781e__',3,2023),(23,'b1effecb-afd0-4165-b746-08d8f8a369b5','RQ000000015','ACTIVE',1676898694599,1704013199000,'Club Owner License',22,'Semouha','سموحه','4343433321','سعودي','Saudi','343243324','esports/dadedb57-5d3e-4f5d-93c7-fbbecaebcd9c__','esports/4e6d3fc1-4e04-4dfa-8442-e7a57b33f055__',4,2023),(25,'36dc38cb-6ae1-4a85-b8a5-99c60cff7bb7','RQ000000019','ACTIVE',1676898739333,1704013199000,'GGG',24,'dfgfdsdf','يبيسيب','2343423423','أندوري','Andorran','123432','esports/392ea6e2-c727-406e-b712-61789d4f7daf__','esports/0471481a-77bc-4b36-b106-7443d218e8d8__',5,2023),(26,'a3885453-2972-4351-87fe-03057db72ff3','RQ000000020','ACTIVE',1676900352964,1704013199000,'Mahmoud',20,'sdfdgfhgds','يبلاتلابيس','3456543455','امريكى','American','12345543','esports/30fbd132-e9bd-4ac7-b739-9e840bb416e1__','esports/51b939fd-9cb7-4463-8fc4-c89d0a562c01__',6,2023),(28,'8e00573f-656e-412d-b94f-cb202c70df19','RQ000000027','ACTIVE',1677426752716,1704013199000,'waseem',27,'test','تيست','1234567891','مصري','Egyptian','1234567','esports/af417d7d-4fa1-4097-a3b4-4325afa3804a__','esports/666aa1a8-93f7-4507-906a-77c0ffe555c5__',7,2023),(30,'bc65d8ec-6c24-4151-bcc1-5318e371a900','RQ000000026','ACTIVE',1677486378743,1704013199000,'riadh bel haj salah',29,'riadh club','نادي رياض','3123232333','تونسي','Tunisian','43243243443','esports/f51539a2-f4bc-442d-9d18-d2b90892aa35__','esports/ed22f321-2a94-4691-afb2-4c906da12124__',8,2023),(32,'bc911761-81ad-4021-a6a6-ac61d3934e3f','RQ000000021','ACTIVE',1677491404127,1704013199000,'fXAxnQdxdvseKCWBZUml',31,'OANTMidTDUnsFziYJZGW','ملتلتلتت تت ايه','10000025857','سلفادورى','Salvadoran','192060304','esports/f270a170-e270-41c1-9e08-8a50f54dfe92__','esports/e99453ce-9c76-4e26-a337-03e8738b8104__',9,2023),(34,'e4e15d4f-6158-4a97-bd68-1dca873fceff','RQ000000005','ACTIVE',1677599481090,1704013199000,'djbhdhdnjdjn',33,'sdrftgyhujiuh','ءقؤفرغ','3456765456','أندوري','Andorran','2345678',NULL,NULL,10,2023),(36,'f0f62e43-ae0e-4c13-acca-384379d809ff','RQ000000031','EXPIRED',1677741768756,1681429798063,'riadh salah',31,'club riadh','نادي رياضي','4324343444','تونسي','Tunisian','4243243243',NULL,NULL,11,2023),(38,'9cb870ea-f1d8-43a3-80fb-a654c7f6d930','RQ000000038','ACTIVE',1678053597555,1704013199000,'ahmdmah',37,'sadad','يسيسشي','3132131333','سعودي','Saudi','321312',NULL,NULL,12,2023),(44,'6aa5a45b-4b92-41cb-b7e0-ffc18fe1eb8d','RQ000000040','ACTIVE',1678985195041,1704013199000,'ZEyFnXSAcNNSFMUzrdtk',43,'SaGrcOufdjrHFPPcrnpU','ملتلتلتت تت ايه','10000084038','سلفادورى','Salvadoran','197562697','esports/43812ab2-481d-4b14-aae9-e1ce2afbd0de__','esports/c7fd2eba-1f1d-4681-803c-5a77fec7c798__',13,2023),(49,'0e84d4fd-d9cc-41d5-84f8-1bad16a29db7','RQ000000050','EXPIRED',1679412038426,1681826989431,'jjjjjjjjhujj',48,'fffddgdgj','يبلللبببببب','4243488889','أندوري','Andorran','444448','esports/b2189e1f-9552-4785-b34a-b0f2cffaa5f6__','esports/8cc630a8-f337-440e-902d-65e2b7e31a71__',14,2023),(55,'be43795a-f117-4403-b9e6-bf5107994867','RQ000000051','ACTIVE',1679478268712,1704013199000,'MOHAMED Ossama',54,'SSS','سيس','3243234321','مصري','Egyptian','324324','esports/d727f65d-d97e-4cbe-be99-d1fb38ab18e0__','esports/a15263da-6dec-4605-a9aa-247db0860421__',15,2023),(57,'e404e4a8-2542-4268-83b5-8895193f9f9d','RQ000000052','ACTIVE',1679480623139,1704013199000,'Club owner',56,'sfd','يسببيسش','3242343224','مصري','Egyptian','4324324','esports/bc59d228-9d99-4540-986f-83575f9e777d__','esports/9b4f7644-8130-4349-9328-cd2817105349__',16,2023),(59,'c8371ff7-a882-4805-8493-e2c3b6ebcaa8','RQ000000055','ACTIVE',1680184889243,1704013199000,'Club owner test',58,'alahly sporting club','الاهلي للرياضه','2343242342','سعودي','Saudi','4324234','esports/9343b744-7e1d-4d85-b7b8-7b6e8a7e33bc__','esports/0251dc2b-5210-41d8-afd3-5ae34e7fef60__',17,2023),(60,'eb4c932a-87e1-4c95-9d57-d27267a158c6','RQ000000054','ACTIVE',1680185627803,1704013199000,'mmm',54,'assd','سيشس','1234123121','ألباني','Albanian','213','esports/10cac8d2-8735-4808-84d3-5df9f69b18af__','esports/c2618264-05e6-409e-ba3d-82f27260a56b__',18,2023),(62,'a553a33c-d9a0-4c15-83fb-02d3e8b328f9','RQ000000053','ACTIVE',1680185929271,1704013199000,'osamaaa',61,'sadsad','سييش','3133333333','سعودي','Saudi','1232','esports/bcaaced9-804a-4a78-ae17-0c599bc8bc18__','esports/41e15614-1dd5-4421-9866-fa48ac033668__',19,2023),(66,'fb51efa8-8d1f-4fe5-b7b8-e3569fb30801','RQ000000058','ACTIVE',1680210317084,1704013199000,'Mohamed Ossama',58,'Jabl','جبل','3423234322','سعودي','Saudi','4324322','esports/4381d0cb-36bc-4ce5-8131-34baa1c01bdf__Jabl license.pdf','esports/480719b5-c5d9-4754-9467-80343862bfca__رخضة جبل.pdf',20,2023),(68,'f089e553-e93e-45dc-aa56-a1f4e8b5841d','RQ000000057','ACTIVE',1680211205022,1704013199000,'Mo Ossama',67,'aletihad','الاتحاد','2334234142','مصري','Egyptian','13132145666','esports/ab1c2190-36de-40fc-9521-5fad09d004f9__aletihad license.pdf','esports/eb4e68ff-ced9-4890-a7d6-e411e54eb89c__رخضة الاتحاد.pdf',21,2023),(70,'34beeaf8-6e5c-446f-b55a-533c501bb163','RQ000000059','ACTIVE',1680214549963,1704013199000,'Ossama ahmed',69,'Masry','مصري س','4355566655','سعودي','Saudi','5435453433','esports/192c4a67-0f2b-4f8b-aaaf-219b59868293__','esports/5f3a54e1-017e-45c6-870a-f90e0ccb5a4f__',22,2023),(76,'d6f696c8-f355-4c5a-9e2f-416c8693f972','RQ000000060','ACTIVE',1680216145892,1704013199000,'Ossama',75,'Alahly Almasry','الاهلي المصري','4343234433','سعودي','Saudi','324322222','esports/73cfeb82-2f82-4f0b-999c-94faadf603ea__','esports/82d26f99-4693-4707-aacb-7f537b6abdf9__',23,2023),(78,'b261e77e-7048-4c69-8077-243d4461c295','RQ000000061','ACTIVE',1680472124829,1704013199000,'Mohamed Ossama',61,'ahly egypt','الاهلي مصر','4434343444','سعودي','Saudi','338882228','esports/031e6f7d-6840-47cd-8c0f-12dc6445b93f__ahly egypt_license.pdf','esports/bda2828b-b3b5-45a8-a232-57fb157a4377__رخضة_الاهلي مصر.pdf',24,2023),(80,'a9bd8900-8e57-4e18-8c1e-b4cb83a9edd1','RQ000000063','ACTIVE',1680622512627,1704013199000,'mahmoud mco',79,'mahmoud mco','يبلاتن','2345677654','امريكى','American','23456765','esports/2c816285-06b0-4e4b-9d0f-65de1e2dc0ce__mahmoud mco_license.pdf','esports/67c80703-2719-4170-ab41-b176b8ad50e8__رخضة_يبلاتن.pdf',25,2023),(84,'ec9c6e3a-853c-44f8-a5cd-4ee8c597e762','RQ000000065','ACTIVE',1680641271979,1704013199000,'PVbmasCBuJBGihmOnAFa',83,'hRNfEOUULPRnOQdlddie','ملتلتلتتملتلتلتتملتلتلتتملتلتلتت تت ايه','10000031935','سلفادورى','Salvadoran','425211110','esports/cc05b656-cd19-4e25-b425-0f25b57daffc__hRNfEOUULPRnOQdlddie_license.pdf','esports/9a0d6858-c91a-4cc5-a6be-3259b1585ce3__رخضة_ملتلتلتتملتلتلتتملتلتلتتملتلتلتت تت ايه.pdf',26,2023),(86,'6ac63180-81c6-495a-9f14-4b06f88e6a6b','RQ000000066','ACTIVE',1680641321255,1704013199000,'KgDBgXWuCpzLDOckftRH',85,'CtUVryCNsCRbGXodXuXX','ملتلتلتتملتلتلتتملتلتلتتملتلتل تت ايه','10000048112','سلفادورى','Salvadoran','881046043','esports/bba8ea44-cb7f-4875-a57b-b015c2dff577__CtUVryCNsCRbGXodXuXX_license.pdf','esports/c9f82af2-d7a5-4383-9fb3-31aa4c8a94f3__رخضة_ملتلتلتتملتلتلتتملتلتلتتملتلتل تت ايه.pdf',27,2023),(90,'888cd130-00b1-411c-9be1-6e0ea15ec85f','RQ000000068','EXPIRED',1680771990208,1681431401520,'Mahmoud Aboelsoud',89,'dfrvgtbyh','ءيؤب','4567776588','أندوري','Andorran','123456766','esports/a6246ad6-f49f-40e5-baed-b36e6980ca1d__dfrvgtbyh_license.pdf','esports/c2151bec-fab3-42f5-ae4a-5d6fea48a115__رخضة_ءيؤب.pdf',28,2023),(93,'d2cc9637-9423-4028-a3e0-b4bf18623b80','RQ000000074','EXPIRED',1681429798108,1681505393622,'new mre name',31,'newa23sdfgsdfa name','ريب433بثص رشوث','312544567443','ألباني','Albanian','we3w3dgds43re','esports/8f2713c3-f8a9-415f-af82-5542febf5beb__newa23sdfgsdfa name_license.pdf','esports/e7d19b2c-61cd-4b7a-80be-e4da1cfcc2d4__رخضة_ريب433بثص رشوث.pdf',29,2023),(94,'f2db51f4-3abd-4119-b85f-fa1530cef53e','RQ000000075','EXPIRED',1681431401545,1681432084734,'new mre sasdasfname',89,'ne333333sdfgsdfa name','ريبdd43333بثص رشوث','312444567443','ألباني','Albanian','we4333dgds43re','esports/20d96f4b-955b-444e-8a59-000ce0b111d8__ne333333sdfgsdfa name_license.pdf','esports/ec7505b8-d793-446f-a967-7c4ab7ffc3e5__رخضة_ريبdd43333بثص رشوث.pdf',30,2023),(95,'1a24b155-5bf5-4e5d-94ac-6efd13bc9569','RQ000000076','EXPIRED',1681432084739,1681432251603,'new mr5e sasdasfname',89,'ne335533sdfgsdfa name','ريبdd43333بثص رشوث','312554567443','ألباني','Albanian','we4353dgds43re','esports/3ec7eae4-863c-4826-836e-53f3fa428850__ne335533sdfgsdfa name_license.pdf','esports/4e1861e2-281c-455e-9cf3-dfced9801830__رخضة_ريبdd43333بثص رشوث.pdf',31,2023),(96,'9c7008f3-862d-40d1-a5a8-04c87fda2f88','RQ000000077','EXPIRED',1681432251607,1681432344533,'new mre sasdasfname',89,'ne333333sdfgsdfa name','ريبdd43333بثص رشوث','312444567443','ألباني','Albanian','we4333dgds43re','esports/eaf4c5b3-0817-441f-9f98-e37b1bd21563__ne333333sdfgsdfa name_license.pdf','esports/bb91a3cf-3e17-4516-9740-51f2f56ac232__رخضة_ريبdd43333بثص رشوث.pdf',32,2023),(97,'54962acc-7518-43f1-888f-391be531fa84','RQ000000078','EXPIRED',1681432344537,1681567451261,'new mre sasd9sfname',89,'ne333933sdfgsdfa name','ريبdd49333بثص رشوث','312444967443','ألباني','Albanian','we4339dgds43re','esports/4b4a1bff-7ecd-4a00-be11-cc3ace77ffb1__ne333933sdfgsdfa name_license.pdf','esports/069427e2-5375-4ece-814b-edfc6019370a__رخضة_ريبdd49333بثص رشوث.pdf',33,2023),(98,'e124eaa9-ca05-4d75-83a8-c3163504be8e','RQ000000073','EXPIRED',1681505393657,1681670816900,'lsadjfdasdfds',31,'alljdfasasdfsadfsafalfas','يسبيشسبيسشسشبسشب','3124266443','ألباني','Albanian','dsdwre','esports/bc11b743-dd26-404f-8718-5bb5f1e94d8a__alljdfasasdfsadfsafalfas_license.pdf','esports/669b3a41-ccb7-4bd2-9e6e-a3551c5973ab__رخضة_يسبيشسبيسشسشبسشب.pdf',34,2023),(99,'a47681ed-d50c-40a1-9f57-de979bff5724','ADMIN_CHANGE','EXPIRED',1681567451315,1681634919552,'sd mco',89,'ds dd mllllco','sd','2545677654','امريكى','American','234776765','esports/39f1e74d-b3c0-4328-af93-96007da2bb61__ds dd mllllco_license.pdf','esports/0d90ee4d-3b11-4836-be9f-481b94d02c91__رخضة_sd.pdf',35,2023),(100,'2c964070-949a-4e36-b5db-869d6e94aef3','ADMIN_CHANGE','EXPIRED',1681634919584,1681635161549,'new mre sasd9sfname',89,'ne333933sdfgsdfa name','ريبdd49333بثص رشوث','312444967443','ألباني','Albanian','we4339dgds43re','esports/7f88c3f6-df6e-4d49-a068-8f044daaf29e__ne333933sdfgsdfa name_license.pdf','esports/05e76adc-9077-4827-912c-e54cd13db97a__رخضة_ريبdd49333بثص رشوث.pdf',36,2023),(101,'232edb71-559c-46b2-801a-ed8538f67e54','ADMIN_CHANGE','EXPIRED',1681635161551,1681647628509,'new  sasd9sfname',89,'ne333933sdfgsdfa name','ريبdd49333بثص رشوث','312444967443','ألباني','Albanian','we4339dgds43re','esports/017aaad8-9db4-4fd0-a056-692b6d9d4d7b__ne333933sdfgsdfa name_license.pdf','esports/3f9f046e-121c-4e46-b0e5-2a3babaf811d__رخضة_ريبdd49333بثص رشوث.pdf',37,2023),(102,'29f0d733-2398-4145-bae0-7c8459bb0466','ADMIN_CHANGE','EXPIRED',1681647628560,1681904260577,'new  sasd9sfname',89,'ne333933sdfsdfgsdfa name','ريبdd49333بثص رشوث','312444967443','ألباني','Albanian','we4339dgds43re','esports/f0681075-6d44-41af-85ee-feb190f79790__ne333933sdfsdfgsdfa name_license.pdf','esports/b44e0c51-9b76-43fc-bda0-d3c1e03bbcc3__رخضة_ريبdd49333بثص رشوث.pdf',38,2023),(103,'2d94a670-e662-42af-b9ee-fbe5ae3f25d7','RQ000000084','EXPIRED',1681670816919,1681952822701,'new  asfdasasd9sfname',31,'ne33393sadf3sdfsdfgsdfa name','ريبdsadfd49333بثص رشوث','3124443967443','ألباني','Albanian','we433adsfa9dgds43re','esports/abde9e79-1839-40b7-a622-c12e288c8aa5__ne33393sadf3sdfsdfgsdfa name_license.pdf','esports/e3340af2-d965-46d8-be06-d63ef2f926df__رخضة_ريبdsadfd49333بثص رشوث.pdf',39,2023),(105,'873a1af9-62c3-464d-8df9-0950318c873a','RQ000000064','ACTIVE',1681677782482,1704013199000,'tuThYOFyQBlaMbLdwuDb',104,'mcbCVhPAvJbLjQikmocp','ملتلتلتتملتلتلتت تت ايه','10000015053','سلفادورى','Salvadoran','456767492','esports/aaf247bb-ce8a-4aac-9406-db1c74594925__mcbCVhPAvJbLjQikmocp_license.pdf','esports/edcc6f00-069a-4db8-93fd-dab0f24f9692__رخضة_ملتلتلتتملتلتلتت تت ايه.pdf',40,2023),(107,'a20f8712-814b-4147-84b9-87b77d8ba759','RQ000000062','ACTIVE',1681678038899,1704013199000,'tefaef',106,'ascascas','سليبسيبسي','2343243246','ألباني','Albanian','34234','esports/c8de6e14-1ddc-4d18-b079-17b3fb803df1__ascascas_license.pdf','esports/6959e957-c662-4432-834c-1e55ea0f386e__رخضة_سليبسيبسي.pdf',41,2023),(109,'0da4f6d7-700c-4bae-968a-9459d2c6b772','RQ000000049','ACTIVE',1681678169533,1704013199000,'asduashf',108,'fsafasf','سيبسيب','1234567890','ألباني','Albanian','123456789','esports/92001295-9ddf-4005-8104-cd2302989e47__fsafasf_license.pdf','esports/9cd15d9e-e3fa-4fc4-b8b5-02df88a4e920__رخضة_سيبسيب.pdf',42,2023),(110,'a2b74085-526f-40da-91a5-ceb0f0a0d074','RQ000000085','EXPIRED',1681826989472,1681827733311,'jjjjjjjjhujj',48,'kareem yousry','يبلللبببببب','4243488889','أندوري','Andorran','444448','esports/4a25aeaf-5d1a-4526-aeee-ce7b221e1575__kareem yousry_license.pdf','esports/5f18c851-8b26-44b0-9158-4ba8d48af3b0__رخضة_يبلللبببببب.pdf',43,2023),(111,'d40668b5-3fa6-48b2-8634-0d2aa415a81b','RQ000000088','ACTIVE',1681827733322,1704013199000,'jjjjjjjjhujj',48,'kareem yousry abd','يبلللبببببب','4243488889','أندوري','Andorran','444448','esports/f5bbde13-9218-48ed-8517-2f97ed2c7582__kareem yousry abd_license.pdf','esports/5fea09cc-7f29-4c67-a59a-79ba765e3ca3__رخضة_يبلللبببببب.pdf',44,2023),(112,'4167af6c-194b-4f19-9d57-7e553a1ce8ee','ADMIN_CHANGE','EXPIRED',1681904260630,1681939778174,'new  sasd9sfname',89,'ne333933swedfsdfgsdfa name','ريبdd49we333بثص رشوث','312444997443','ألباني','Albanian','we4339dwegds43re','esports/5d1418b4-e71e-4305-905b-f15f638d8000__ne333933swedfsdfgsdfa name_license.pdf','esports/ca2380ac-211c-4eda-a64d-7dfcb167ea49__رخضة_ريبdd49we333بثص رشوث.pdf',45,2023),(113,'d6e65942-28d4-4d35-9d81-41ec2be01417','RQ000000098','EXPIRED',1681939778189,1681939817126,'asfasf',89,'dslkfjdsalkf','بشسيبشس','3424323424','ألباني','Albanian','we4339dwegds43re','esports/d92a1f2a-59d1-467b-a241-50cfd728dc95__dslkfjdsalkf_license.pdf','esports/949933d6-754e-45f5-a32f-3cabf70299e7__رخضة_بشسيبشس.pdf',46,2023),(114,'e1ee9725-89ee-431b-9944-682e15ffe687','RQ000000099','EXPIRED',1681939817129,1681939869413,'asfasf',89,'dslkfjdsalkf','بشسيبشس','3424323424','جزائري','Algerian','we4339dwegds43re','esports/7a69ab67-6bf4-46b5-8c88-92db24e409c0__dslkfjdsalkf_license.pdf','esports/87decc2b-f890-4325-8c50-75278092da26__رخضة_بشسيبشس.pdf',47,2023),(115,'5478831e-5a71-43f1-8a83-396e43a9212d','RQ000000100','EXPIRED',1681939869416,1681940295020,'asfasf',89,'dslkfjdsalkf','بشسيبشس','3424323424','مصري','Egyptian','we4339dwegds43re','esports/45120c50-2234-4c08-8d32-befd37d57e39__dslkfjdsalkf_license.pdf','esports/8a5395df-3a51-4aa8-a841-fc682e31d145__رخضة_بشسيبشس.pdf',48,2023),(116,'25014cf4-e22b-4055-aef4-3bcaa485ba79','RQ000000101','EXPIRED',1681940295025,1682801193979,'asfasf',89,'dslkfjdsalkfdsf','بشسيبشس','3424323424','مصري','Egyptian','we4339dwegds43re','esports/0b16f2c0-690d-4f0e-8605-3ec9d1da7336__dslkfjdsalkfdsf_license.pdf','esports/7421d604-92bf-47dd-9503-da568eadd0b9__رخضة_بشسيبشس.pdf',49,2023),(117,'9e20048d-0913-468f-af0f-8bdd565f9506','RQ000000086','EXPIRED',1681952822714,1681954531519,'dsafsafas',31,'asdfasfaf','شسيبسش','3124443967','ألباني','Albanian','4241421423','esports/a845c8af-2258-485b-985c-033186341386__asdfasfaf_license.pdf','esports/561829c8-0ac5-4285-b32e-417183b7400b__رخضة_شسيبسش.pdf',50,2023),(118,'f70479ee-b09c-43e1-af0a-da9bf2cb24c4','ADMIN_CHANGE','EXPIRED',1681954531526,1681955247552,'dsafsafasdff',31,'asdfasfaf','شسيبسش','3124443967','ألباني','Albanian','4241421423','esports/b7b844ec-c4bd-4cd5-935a-382b6bfe8886__asdfasfaf_license.pdf','esports/48750f5d-2edf-43c4-882f-66bd55a1c842__رخضة_شسيبسش.pdf',51,2023),(119,'3daa321d-0646-4e0e-adb5-79ba3b1cc7e0','ADMIN_CHANGE','EXPIRED',1681955247566,1681955470011,'dsafsafasdff',31,'asdfasfaf','شسيبسش','3124443967','جزائري','Algerian','4241421423','esports/0358b6a0-71b5-4ac3-b86e-f773de5416bc__asdfasfaf_license.pdf','esports/ccc930c3-7ebf-4284-88b6-46bd5adb0afc__رخضة_شسيبسش.pdf',52,2023),(120,'9deeab27-00b6-4e3c-8a91-3ea69425824d','RQ000000108','EXPIRED',1681955470021,1681956202209,'dsafsafasdff',31,'asdfasfaf','شسيبسش','3124443967','ألباني','Albanian','4241421423','esports/528a3cab-5495-4c89-97d4-459ae8534988__asdfasfaf_license.pdf','esports/0ac1ecf8-4e4d-4375-ad4e-1da086b04bf3__رخضة_شسيبسش.pdf',53,2023),(121,'e70c8d1f-521a-406f-ab2c-b8eb38921be8','RQ000000109','EXPIRED',1681956202216,1681956934057,'dsafsafasdff',31,'asdfasfaffdsa','شسيبسش','3124443967','ألباني','Albanian','4241421423','esports/95e65423-b577-422c-9228-27fea69b9f73__asdfasfaffdsa_license.pdf','esports/86bc7fa6-65ea-429d-b476-7ee71f627a97__رخضة_شسيبسش.pdf',54,2023),(122,'b6606f3b-86f4-48da-a44b-c1d41f5f5eba','ADMIN_CHANGE','ACTIVE',1681956934067,1704013199000,'dsafsafasdff',31,'asdfasfaffdsaghhg','شسيبسش','3124443967','ألباني','Albanian','4241421423','esports/e6149f65-c0ad-4b77-a01f-e114b530f401__asdfasfaffdsaghhg_license.pdf','esports/3a1c93e3-e4a1-4f46-ae7f-6ba5a85b3f48__رخضة_شسيبسش.pdf',55,2023),(123,'71da736c-915a-49a6-bd4a-ad3e21140a40','RQ000000120','EXPIRED',1682801193984,1683058869575,'asfasf',89,'admin update','بشسيبشس','3424323424','ألباني','Albanian','we4339dwegds43re','esports/aa58e7a5-98c2-4535-9a0c-b7020f7f399b__admin update_license.pdf','esports/253de138-8770-46c3-a7b1-bc32c0a154e1__رخضة_بشسيبشس.pdf',56,2023),(124,'73e16241-7adc-4c11-80c6-e919d674b4bf','RQ000000122','EXPIRED',1683058869581,1683206093768,'asfasf',89,'admin updates','بشسيبشس','3424323424','ألباني','Albanian','4234234','esports/a0c3f541-6d28-4b1f-9da6-ce5e8497a6fa__admin updates_license.pdf','esports/838a6cc5-196e-41b9-a385-1ca281d3f422__رخضة_بشسيبشس.pdf',57,2023),(125,'0589dadb-53db-4115-a66f-2981da8f4899','RQ000000134','EXPIRED',1683206093792,1683208318828,'asfasf',89,'admin updatess','بشسيبشس','3424323424','ألباني','Albanian','4234234','esports/026c9e25-af29-4bbf-832b-eef9b66369f0__admin updatess_license.pdf','esports/74818228-ace5-4681-863a-bb0658301750__رخضة_بشسيبشس.pdf',58,2023),(126,'41486d9b-f289-43db-8c07-65d32ede0519','RQ000000136','EXPIRED',1683208318839,1683208373483,'asfasf',89,'admin updatessss','بشسيبشس','3424323424','ألباني','Albanian','4234234','esports/7cc1f893-cc8b-43bc-a904-8646dc0d3fc2__admin updatessss_license.pdf','esports/09a77b57-0791-4fea-86ce-d6bf926565f3__رخضة_بشسيبشس.pdf',59,2023),(127,'0e4ec789-c956-4a84-bfda-de02dd2984d9',NULL,'ACTIVE',1683208373485,1704013199000,'asfasf',89,'admin updatess','بشسيبشس','3424323424','ألباني','Albanian','4234234','esports/704e5a0f-3f20-445c-bb75-d0b7e463f222__admin updatess_license.pdf','esports/bf218266-c322-4406-937e-81f39bfffcd8__رخضة_بشسيبشس.pdf',60,2023),(129,'5ead6de1-7deb-482c-bbf5-7dc535b6eefd','RQ000000137','ACTIVE',1683544478145,1704013199000,'IZbbiuDtLiKQkPJotmdk',128,'IBYAQnuGflnWsLEaqCfp','ا هي','10000059593','سلفادورى','Salvadoran','619624454','esports/b74f6bef-48c7-4fcb-8c1b-9ffc40c9c3f3__IBYAQnuGflnWsLEaqCfp_license.pdf','esports/ab9f326b-c983-4be0-b12e-24cdf406d8dc__رخضة_ا هي.pdf',61,2023),(131,'4a16f201-7e9c-4d99-a992-e126ce207376','RQ000000039','ACTIVE',1683714545270,1704013199000,'Mahmoud',130,'hhjhhh','اااييي','4444444444','امريكى','American','454343433232','esports/fcbf2b97-7af0-4171-a308-8d1c6b8a695b__hhjhhh_license.pdf','esports/6eda9e94-885b-4357-8198-96b5a1f1f71b__رخضة_اااييي.pdf',62,2023);
/*!40000 ALTER TABLE `club_license` ENABLE KEYS */;
UNLOCK TABLES;

--
-- Table structure for table `club_owner_request`
--

DROP TABLE IF EXISTS `club_owner_request`;
/*!40101 SET @saved_cs_client     = @@character_set_client */;
/*!50503 SET character_set_client = utf8mb4 */;
CREATE TABLE `club_owner_request` (
  `id` int NOT NULL AUTO_INCREMENT,
  `system_id` varchar(255) NOT NULL,
  `request_id` varchar(255) DEFAULT NULL,
  `name` varchar(255) NOT NULL,
  `gender` varchar(255) DEFAULT NULL,
  `mobile_number` varchar(255) NOT NULL,
  `country_id` bigint NOT NULL,
  `national_id` varchar(255) NOT NULL,
  `national_id_file` varchar(255) NOT NULL,
  `email` varchar(255) NOT NULL,
  `club_name` varchar(255) NOT NULL,
  `club_name_ar` varchar(255) NOT NULL,
  `club_logo` varchar(255) NOT NULL,
  `cr_number` varchar(255) NOT NULL,
  `cr_file` varchar(255) NOT NULL,
  `cr_end_date` bigint NOT NULL,
  `club_iban` varchar(255) NOT NULL,
  `club_iban_file` varchar(255) NOT NULL,
  `request_type_id` int NOT NULL,
  `request_status_id` int NOT NULL,
  `created_at` timestamp NOT NULL,
  `updated_at` timestamp NULL DEFAULT NULL,
  `created_by_system_id` varchar(255) DEFAULT NULL,
  `updated_by_system_id` varchar(255) DEFAULT NULL,
  `user_system_id` varchar(255) DEFAULT NULL,
  `country_code` varchar(255) DEFAULT NULL,
  `reason` varchar(512) DEFAULT NULL,
  `blocked` tinyint(1) DEFAULT NULL,
  `agree_terms` tinyint(1) DEFAULT NULL,
  `block_create_club` tinyint(1) DEFAULT NULL,
  `club_id` varchar(255) DEFAULT NULL,
  PRIMARY KEY (`id`),
  UNIQUE KEY `system_id` (`system_id`),
  UNIQUE KEY `request_id` (`request_id`),
  KEY `fk_country_id_owner_request` (`country_id`),
  KEY `fk_request_type_id` (`request_type_id`),
  KEY `fk_request_status_id` (`request_status_id`),
  CONSTRAINT `fk_country_id_owner_request` FOREIGN KEY (`country_id`) REFERENCES `country` (`id`),
  CONSTRAINT `fk_request_status_id` FOREIGN KEY (`request_status_id`) REFERENCES `request_status` (`id`),
  CONSTRAINT `fk_request_type_id` FOREIGN KEY (`request_type_id`) REFERENCES `request_type` (`id`)
) ENGINE=InnoDB AUTO_INCREMENT=139 DEFAULT CHARSET=utf8mb4 COLLATE=utf8mb4_0900_ai_ci;
/*!40101 SET character_set_client = @saved_cs_client */;

--
-- Dumping data for table `club_owner_request`
--

LOCK TABLES `club_owner_request` WRITE;
/*!40000 ALTER TABLE `club_owner_request` DISABLE KEYS */;
INSERT INTO `club_owner_request` VALUES (1,'507a9c92-8043-4d3e-8b14-18d344521b7f','RQ000000001','Mohamed Ossama','MALE','559968715',168,'12312125458963','null/e141d723-2e61-4118-8216-9033793d539a__avatar.jpg','m.ossama.ahmed@mail.ru','Etihad','الاتحاد','null/2504d7a3-5e33-4095-be20-c311588adba7__avatar.jpg','1231545469','null/681d1ea6-6d1c-4617-990a-4c130324647a__avatar.jpg',1689627600000,'SA8787878795554411111265','null/83473f25-3f86-42cf-880e-3311aa095491__avatar.jpg',1,2,'2023-02-14 13:32:41','2023-02-14 13:32:41',NULL,NULL,'f1509518-44b6-4473-bff9-9c6ce88c5171','+966',NULL,NULL,1,NULL,NULL),(2,'4f9a0134-e5c6-485c-b37c-b8d6adcb1b87','RQ000000002','Mohamed Ossama','MALE','554597741',168,'54454588963124','null/3e772f1e-c00d-434c-9d01-7973f5b60581__avatar.jpg','moossama@mail.ru','Ismaily','الاسماعيلي','null/b8bd4b2f-733a-4536-85f2-61d07cffd516__avatar.jpg','1231215996','null/76c0da8f-db60-4808-937c-0233ae15507e__avatar.jpg',1689627600000,'SA3222221123214323221233','null/211330cf-3568-4654-a691-7d531c730f74__avatar.jpg',1,2,'2023-02-14 14:17:46','2023-02-14 14:17:46',NULL,NULL,'2af05da7-a6b9-466c-8f73-885dbc986afd','+966',NULL,NULL,1,NULL,NULL),(3,'54be2162-54bc-4744-9d90-0ad492bf5472','RQ000000003','Mohamed Ossama','MALE','556987412',168,'123596665478','esports/2c5b4bd1-9129-4be8-bcdf-64634daa6703__avatar.jpg','moossama@yandex.com','Alahly','الاهلي','esports/02623748-13e1-4dc7-b1fb-b5850e47903b__avatar.jpg','1235459874','esports/523817b9-e341-48eb-a2f9-afec5c51429a__avatar.jpg',1689627600000,'SA3222221123213212321233','esports/8e147d3c-c725-4611-8797-f943d450f87a__avatar.jpg',1,2,'2023-02-14 14:53:05','2023-02-14 14:53:05',NULL,NULL,'894993d4-c4d8-4aa4-8abe-0739776005f3','+966',NULL,NULL,1,NULL,NULL),(4,'66150959-6259-41cb-a788-ff810cb620f1','RQ000000004','fghjijhb','MALE','577543445',203,'456876','esports/aeb70913-8b24-44bb-8608-9e4324124eb7__jpg.jpg','dtifg1lkqd@klovenode.com','xfgfhjkjh','يبلاليبفغعا','esports/a43065e1-627c-4b0c-b6bd-bfcb3518ecf9__jpg.jpg','4567876567','esports/f1f79f7c-be3e-4cc3-96cb-7f77a4908703__jpg.jpg',1676844000000,'EG4567898765455666654444','esports/977b0620-ae69-4ab9-bcb7-7e13f09081e5__jpg.jpg',1,2,'2023-02-14 21:00:50','2023-02-14 21:00:50',NULL,NULL,'6a8b2ad3-5b17-464d-b743-9b7edb79e319','+966',NULL,NULL,1,NULL,NULL),(5,'aba9467b-c9a4-45a8-a69f-9207117d14e5','RQ000000005','djbhdhdnjdjn','MALE','562876553',4,'2345678','esports/4ff7bf40-5dee-481d-80f3-02c12b8213a4__jpg.jpg','djdhjds@djnsdudo.com','sdrftgyhujiuh','ءقؤفرغ','esports/62e3aa6a-b07d-4bea-a5d8-18e67343dee3__jpg.jpg','3456765456','esports/7b2c3dd8-bc88-485c-abd0-8fdd0633652d__jpg.jpg',1676844000000,'EG8747887483434422234435','esports/ed60fda8-3e2a-4a46-b7d3-132bd76aaeed__jpg.jpg',1,2,'2023-02-14 22:05:25','2023-02-14 22:05:25',NULL,NULL,'62d0795d-1065-4b3b-89ed-df92156d856d','+966',NULL,NULL,1,NULL,NULL),(6,'139db7a3-5686-4afe-8f2f-edd32f9947e8','RQ000000006','dtcfyvguhbjhiug','MALE','565278833',8,'345654323','esports/be6a772a-f736-4fec-87b5-7083142b134b__jpg.jpg','wnwdco51cc@klovenode.com','fdgdfsfgf','ثفبؤغبؤبؤب','esports/98d9f44f-28a3-4349-b51e-b1e07e3aae65__jpg.jpg','3454433456','esports/fd29a958-5762-42ba-b160-46b5648a962e__jpg.jpg',1676844000000,'EG4434343595395959544554','esports/bbb0aed0-e22e-4ed9-9274-35a0e4ce084a__jpg.jpg',1,2,'2023-02-14 22:07:09','2023-02-14 22:07:09',NULL,NULL,'00b2b870-6a88-4988-94bc-137d1ef0b3c2','+966',NULL,NULL,1,NULL,NULL),(8,'29b3c2a5-7e29-4252-af29-2bbeceb23b4f','RQ000000008','club license','MALE','543211233',168,'432324','esports/40620553-77ca-4270-9160-1f2c58b2ad71__avatar.jpg','disapot464@otanhome.com','masri','مصري','esports/84630b26-2b2e-481b-9647-30ec8ad14659__avatar.jpg','9898777899','esports/aab03f54-eaab-47e3-babb-7064869a9008__avatar.jpg',1689541200000,'SA3222221123211112321243','esports/254a89fd-800b-4639-b099-616eca96bd1a__avatar.jpg',1,2,'2023-02-19 18:32:59','2023-02-19 18:32:59',NULL,NULL,'61272877-adbc-4a54-abf2-dcb5a9dba285','+966',NULL,NULL,1,NULL,NULL),(9,'5000946e-257a-4c11-b85f-fdb8b4b646ae','RQ000000009','Mahmoud Aboelsoud','MALE','567876553',3,'34444','esports/bb5e2147-099e-4d42-9f2a-9e05933ae51e__jpg.jpg','mahmoud.aboelsoud.p@gmail.com','fffffff','يبلاخهتالبلا','esports/9c33ca52-e293-41ee-860c-568c45119db6__jpg.jpg','2345678876','esports/b5e21690-7ce5-4074-a50c-86ee33678ca2__jpg.jpg',1676844000000,'EG3433333333333333323434','esports/6d6686a5-e175-431c-a71e-397699bd7b83__jpg.jpg',1,2,'2023-02-19 19:30:49','2023-02-19 19:30:49',NULL,NULL,'411848ba-f128-4961-9a9a-37aa4d88cba4','+966',NULL,NULL,1,NULL,NULL),(13,'92e2ecd7-0ba4-4b91-a1d4-7dc5cfbc1582','RQ000000013','Shousha','MALE','568997654',4,'2345676','esports/bf379221-ba84-4827-9e22-518598596726__jpg.jpg','mahmoudaboelsoud.p@gmail.com','dfdsdfsggs','بالتنا','esports/c2a97894-e094-4e33-b73c-480f21f5248e__jpg.jpg','3245677432','esports/0e2510a2-035f-4371-8dd8-9526ca4a1c6a__jpg.jpg',1702418400000,'EG4444443245676543234567','esports/5bb35209-81d9-410c-97c1-aad66a003570__jpg.jpg',1,2,'2023-02-20 12:13:41','2023-02-20 12:13:41',NULL,NULL,'6c3d7d80-9011-49db-b758-a5eec9f86bb3','+966',NULL,NULL,1,NULL,NULL),(15,'e05eb8a0-1921-46bf-bcdd-40cca391c66e','RQ000000015','Club Owner License','MALE','565433445',168,'343243324','esports/28116a11-a63a-4a85-a375-404d61d35dd8__avatar.jpg','dsjfds@club.com','Semouha','سموحه','esports/0761e8e9-8f36-4aa4-8a86-5ba5be5141e6__avatar.jpg','4343433321','esports/932774ce-b279-475e-ba1a-0b485f3e345e__avatar.jpg',1684443600000,'SA3222221123211112645354','esports/6747d5ed-9c41-407d-9939-be02f07aa724__avatar.jpg',1,2,'2023-02-20 12:17:33','2023-02-20 12:17:33',NULL,NULL,'6521c83d-4a55-4c27-8319-045b4b63811b','+966',NULL,NULL,1,NULL,NULL),(19,'2508b2f4-3fe4-4b2e-9036-c4ef36a0cc4e','RQ000000019','GGG','MALE','563322222',4,'123432','esports/145a44ca-88a2-4c8c-973b-bd88fab58a66__jpg.jpg','mahmoud.abo.elsoud.p@gmail.com','dfgfdsdf','يبيسيب','esports/1874b9f3-c65d-492c-bf64-e2e23f3f0581__jpg.jpg','2343423423','esports/3a756085-5cc0-4ff6-a06f-0f442f5bf851__jpg.jpg',1701468000000,'EG2345432342343234323423','esports/dabfb4ba-e2f6-4c09-8310-e8896e077373__jpg.jpg',1,2,'2023-02-20 16:11:04','2023-02-20 16:11:04',NULL,NULL,'ca66a676-a8dd-49f8-b07f-72576e17c52a','+966',NULL,NULL,1,NULL,NULL),(20,'6f22f3de-ff58-477e-9c56-66effca2ec8d','RQ000000020','Mahmoud','MALE','562222222',203,'12345543','esports/2f1dd9f4-f885-4e38-8905-3874bef4c92a__jpg.jpg','mahmoud.abo.e.lsoud.p@gmail.com','sdfdgfhgds','يبلاتلابيس','esports/d3d7b328-9b0e-41e3-9d8c-f6926a7c3123__jpg.jpg','3456543455','esports/341fc6df-b70f-4673-9068-5f3f350ddd33__jpg.jpg',1679176800000,'EG3456543234543234543455','esports/68575fc5-5228-4f4b-b77d-271ae2d524c7__jpg.jpg',1,2,'2023-02-20 16:37:51','2023-02-20 16:37:51',NULL,NULL,'a434519d-75d1-401a-93c3-bcd7a7dfdf6e','+966',NULL,NULL,1,NULL,NULL),(21,'66cdd73f-3040-47b1-884a-5d3b9500af08','RQ000000021','fXAxnQdxdvseKCWBZUml','MALE','1019992512',58,'192060304','file00007244','LVRWJ@clubowner.com','OANTMidTDUnsFziYJZGW','ملتلتلتت تت ايه','file00007246','10000025857','file00007247',1769173492000,'SA1000187152103876504061','file00007248',1,2,'2023-02-22 10:25:15','2023-02-22 10:25:15',NULL,NULL,'e0b82c13-fc84-4715-ab6e-bd909e318ecc','+20',NULL,NULL,1,NULL,NULL),(22,'7ad22038-5ed5-47ed-a2d5-ca5f7015fe0b','RQ000000022','amah','MALE','554755501',168,'2222222221111','esports/7012d784-a53a-41eb-bf9d-7671d690cf4f__Screenshot from 2023-01-01 10-31-02.png','amah@mailinator.com','name','نشم','esports/643e1eb6-b200-4bdc-9c47-ac6a90c69c35__Screenshot from 2023-01-01 10-31-02.png','1111111112','esports/f92df19c-356f-42d6-824b-66bb6029e2e2__Screenshot from 2023-01-01 22-39-05.png',1678140000000,'SA1212121222222222222222','esports/ec70c4e9-8e8d-4da5-bcd4-1cc6f57e5bf0__Screenshot from 2023-01-01 22-39-05.png',1,1,'2023-02-22 16:22:34','2023-02-22 16:22:34',NULL,NULL,'aee11cc0-b7f2-4a61-9eb3-ace905091354','+966',NULL,NULL,1,NULL,NULL),(23,'e8bc540e-67b5-45f7-a67e-467393379123','RQ000000023','Club Owner','MALE','543385521',168,'43234234','esports/bf14549c-2450-464f-bf61-dd49a8ed497b__avatar.jpg','repov59949@youke1.com','OLYMIC','اولمبي','esports/c67166f2-351b-4a1e-be68-ef77b6ab0db4__avatar.jpg','5435443323','esports/6af26faf-5857-4984-93dc-bc8e7976f77b__avatar.jpg',1687986000000,'SA3222221656657876787678','esports/04015ea6-af8e-4a9e-a2f4-3dd34f0fee83__avatar.jpg',1,5,'2023-02-24 19:15:44','2023-02-24 19:15:44',NULL,NULL,'88bd49ff-2179-4a1a-ae78-60c5c65002e6','+966','asd',0,1,0,NULL),(24,'d36ecf06-23c7-40c3-a89c-2816476adaea','RQ000000024','Skirniar','MALE','544353223',168,'43425324','esports/6027bd8e-a87f-469a-bc4b-c13f56dfcc4f__avatar.jpg','soknajetra@gufum.com','Club','نادي','esports/d4fcdc40-b82c-4a76-b92d-da0a4efe6607__avatar.jpg','5454533453','esports/7a4c6ae5-c09d-40cd-bf80-fa459af18a20__avatar.jpg',1677535200000,'SA3222225487574309234898','esports/ad012e67-5c6b-46ad-a245-4c1e9d824fbd__avatar.jpg',1,5,'2023-02-24 19:30:55','2023-02-24 19:30:55',NULL,NULL,'d4f14ab4-0356-47c7-b64e-54eb7d97cf05','+966','No Action happened',0,1,0,NULL),(25,'193ea080-4ef8-4ca7-8f74-8e9be088a470','RQ000000025','testreminders','MALE','554755600',168,'1255','esports/3e098912-f238-448c-9f69-fa6fcb341dc7__Screenshot from 2023-01-01 10-31-02.png','testreminders@mailinator.com','nameeen','عربى','esports/0c136d86-c76b-40d4-b5fc-c5f2ee73fea9__Screenshot from 2023-01-01 10-31-02.png','1211111111','esports/55648d20-ffa2-488e-b01d-2a120be57e87__Screenshot from 2023-01-01 10-31-02.png',1678140000000,'SA2233776666666666666666','esports/32ccc1db-f37f-43ba-ab9c-a6ba29516649__Screenshot from 2023-01-01 10-31-02.png',1,5,'2023-02-25 01:51:54','2023-02-25 01:51:54',NULL,NULL,'7047b9a6-786c-41c5-bcf8-1679f2b9a6c7','+966','No Action happened',0,1,0,NULL),(26,'467b2cf9-e755-499c-9647-399205c92aa3','RQ000000026','riadh bel haj salah','MALE','534444521',195,'43243243443','esports/6d3d4a0d-607a-4ab4-93ac-f62ef77ca6a3__riadh-avatar2.png','riadh_bel_hadj2004@hotmail.com','riadh club','نادي رياض','esports/03705bd2-ac03-486d-9005-15da678490e1__riadh-avatar2.png','3123232333','esports/baa1d409-266b-4e3c-9966-dca051c26825__riadh-avatar2.png',1678309200000,'SA2233445566778899008866','esports/382616f8-b8bd-41e7-bd33-51311d629c55__riadh-avatar2.png',1,2,'2023-02-26 16:31:31','2023-02-26 16:31:31',NULL,NULL,'22c66b9d-14e2-404f-80d3-c3c38c57e1f6','+966',NULL,NULL,1,NULL,NULL),(27,'a40cf382-69d8-446d-b751-d836fdbff4b0','RQ000000027','waseem','MALE','1273499017',57,'1234567','esports/9385fb0e-e35b-4139-983e-df17c01580a1__icon_x512.png','waseem@test.tes','test','تيست','esports/6aaaa780-9bf9-4737-b7e3-3e08a06bd189__icon_x512.png','1234567891','esports/f71261ee-9497-4119-8738-4f3baedc5971__maskable_icon_x512 (6).png',1677448800000,'SA2782738273832782782738','esports/07f04297-e274-4634-810e-24f412ec7361__maskable_icon_x512 (6).png',1,2,'2023-02-26 18:45:38','2023-02-26 18:45:38',NULL,NULL,'f38cf71b-5274-4304-96d9-8602dd5414d8','+20',NULL,NULL,1,NULL,NULL),(28,'89ce5111-73f9-4eaf-bc4c-7f6678cd5663','RQ000000028','testfadel','MALE','554755505',168,'313','esports/afb51827-abec-4be2-9deb-dc5a56522fff__Screenshot from 2023-01-01 10-31-02.png','testfadel@mailinator.com','dsad','شسي','esports/40e5ed08-8994-4a57-b8bb-c9e13eedcd8d__Screenshot from 2023-01-01 10-31-02.png','3131234444','esports/2dc66825-afd8-420d-abc3-feb066864bc6__Screenshot from 2023-01-01 10-31-02.png',1678226400000,'SA3333333333333333333999','esports/07dee967-c672-4152-bfee-f34a764ff0bb__Screenshot from 2023-01-01 10-31-02.png',1,5,'2023-02-28 18:01:41','2023-02-28 18:01:41',NULL,NULL,'9c53bae9-fd3c-4eba-93d5-3d079f1ffdef','+966','Auto reject by system, No Action happened',0,1,0,NULL),(29,'9dd16b8f-142c-4ae0-8664-9045ad648666','RQ000000029','testfadell','MALE','554755607',168,'21321','esports/e8cd7d04-9e52-492a-a1a0-c1f008ff5b85__Screenshot from 2023-01-01 10-31-02.png','testfadell@mailinator.com','dsadfddf','يسشي','esports/5b5b23d4-d878-45b7-8a25-d99d6c7bd3ef__Screenshot from 2023-01-01 10-31-02.png','4344324344','esports/064444e4-91b9-4389-b767-b831eb92b131__Screenshot from 2023-01-01 10-31-02.png',1678140000000,'SA3333333333333333333777','esports/a8e96849-07c1-4b2e-a995-9f983cc3a369__Screenshot from 2023-01-01 10-31-02.png',1,1,'2023-02-28 19:00:59','2023-02-28 19:00:59',NULL,NULL,'4aa0c798-8123-496b-a331-ce3745c509df','+966',NULL,NULL,1,NULL,NULL),(30,'68be63ed-0ef8-41c5-8a8b-af38a82a4f13','RQ000000030','testfadl','MALE','554755201',168,'2123','esports/e83994ab-e2dc-4a60-8b62-2da50d307ba4__Screenshot from 2023-01-01 10-31-02.png','testfadl@mailinator.com','ewqe','ثصثص','esports/7c200214-fb3f-4e27-abd6-66091a8ebc84__Screenshot from 2023-01-01 10-31-02.png','3133234412','esports/b5387309-19ce-406e-9621-cda3558d8117__Screenshot from 2023-01-01 10-31-02.png',1678744800000,'SA3333333333333333333888','esports/e11825f8-8a62-4759-8f79-9db5590362d5__Screenshot from 2023-01-01 10-31-02.png',1,1,'2023-02-28 20:21:20','2023-02-28 20:21:20',NULL,NULL,'d8cc7d38-2949-4300-ba53-a649c7091ad5','+966',NULL,NULL,1,NULL,NULL),(31,'6f9b9624-cb61-43e1-91d5-0c93da2ae8b1','RQ000000031','riadh salah','MALE','532778888',195,'4243243243','esports/25920afb-fd18-4c52-8809-acc1cae6fdb3__riadh-avatar2.png','riadh_bel_hadj2005@hotmail.com','club riadh','نادي رياضي','esports/a9ad4255-13e5-4ac4-a494-0302c7425513__riadh-avatar2.png','4324343444','esports/13d495ea-36b7-4965-8ee2-dc4323b0d22a__riadh-avatar2.png',1678222800000,'SA2233445566778800886600','esports/06bdf37b-da10-432f-8f4f-3181766127fb__riadh-avatar2.png',1,2,'2023-03-02 10:20:14','2023-03-02 10:20:14',NULL,NULL,'143960ef-65f9-4eb8-9906-b12d3535f2e1','+966',NULL,NULL,1,NULL,NULL),(33,'34aca66a-1f6d-4847-a480-d80edeb0adbc','RQ000000033','abx','MALE','554755900',168,'233','esports/079befa5-ee96-408d-be28-8dfb04dea69b__Screenshot from 2023-01-01 10-31-02.png','abx@mailinator.com','eqe','ثضصث','esports/552ba7f3-2166-4041-b5ab-d9bb2dae821d__Screenshot from 2023-01-01 10-31-02.png','3144423424','esports/0d8e9012-6265-4bec-8238-79bc06355dcc__Screenshot from 2023-01-01 10-31-02.png',1678140000000,'SA3333333333333333333114','esports/5b7a6903-40b7-43e1-acf9-eaa69ce28619__Screenshot from 2023-01-01 10-31-02.png',1,1,'2023-03-02 17:21:51','2023-03-02 17:21:51',NULL,NULL,'9cc79124-ac96-4381-9a23-edf672bcd455','+966',NULL,NULL,1,NULL,NULL),(34,'455f6bc6-1ebc-42ff-9813-1fd346309c0c','RQ000000034','examp','MALE','554755902',168,'12365','esports/d8d1cdda-616f-4d63-9f52-4ebc598795e3__Screenshot from 2023-01-01 10-31-02.png','examp@mailinator.com','gjkk','تتالتل','esports/7223ef00-8eaf-4106-bd7f-eec2061fe048__Screenshot from 2023-01-01 10-31-02.png','7897998900','esports/271d397e-43a2-4f53-976a-18dd945cef93__Screenshot from 2023-01-01 10-31-02.png',1678226400000,'SA3333333333333333333221','esports/28d6da9e-3423-4213-b1d5-2b14387188be__Screenshot from 2023-01-01 10-31-02.png',1,1,'2023-03-03 02:11:11','2023-03-03 02:11:11',NULL,NULL,'46bf5114-a97a-4717-89a3-5aafcd4e84d4','+966',NULL,NULL,1,NULL,NULL),(35,'7e296ab0-d05e-43f8-85af-cba7889af521','RQ000000035','mahmoud','MALE','554755908',168,'3233','esports/0e3e7ddd-acfe-4a77-bf07-decd4e37faa3__Screenshot from 2023-01-01 10-31-02.png','mahmoud-hossam@outlook.com','dsfsdf','يبسيب','esports/f706c58e-bf05-40d6-a4cc-6900831619cf__Screenshot from 2023-01-01 10-31-02.png','5535322222','esports/90f23a5c-d081-4edf-a08c-b6c1ef4ed336__Screenshot from 2023-01-01 10-31-02.png',1678744800000,'SA3333333333333333333666','esports/333e653c-4f32-4157-ae11-e95229b43027__Screenshot from 2023-01-01 10-31-02.png',1,1,'2023-03-05 12:21:51','2023-03-05 12:21:51',NULL,NULL,'eefe8d54-0fbd-4e94-b3dd-5b33edc0ac97','+966',NULL,NULL,1,NULL,NULL),(36,'7618b9a2-ee04-4bf1-870b-2385455b873d','RQ000000036','mahmod','MALE','554755100',168,'423747','esports/57797194-a709-4c40-9763-f7bc0c0d8667__Screenshot from 2023-01-01 10-31-02.png','mahmoudhossam.eg@gmail.com','rewr','ثقق','esports/92cf9127-d7ee-4f38-b981-f6c6b2060041__Screenshot from 2023-01-01 10-31-02.png','4322342414','esports/15585229-4aaf-4629-8f2a-e67cc4553a7e__Screenshot from 2023-01-01 10-31-02.png',1678744800000,'SA3333333333333333333100','esports/03526701-0e60-4825-a3e8-e1d207184dfe__Screenshot from 2023-01-01 10-31-02.png',1,1,'2023-03-05 14:12:43','2023-03-05 14:12:43',NULL,NULL,'393a4a84-2bc2-4f38-ba00-b7eb11e4dbde','+966',NULL,NULL,1,NULL,NULL),(37,'90bce1a0-685b-46ab-a285-fa6760c22668','RQ000000037','axd','MALE','554755101',168,'1313133','esports/c3f7ec63-f797-4e8f-b3f1-6aa5201f06c7__Screenshot from 2023-01-01 10-31-02.png','axd@mailinator.com','dsaddsad','يشيي','esports/53f00822-bf77-4bba-9c19-698a16bc8465__Screenshot from 2023-01-01 10-31-02.png','3213213123','esports/5c88a7f1-9776-46cc-83b0-7511bba13591__Screenshot from 2023-01-01 10-31-02.png',1678744800000,'SA3333333333333333333222','esports/39de323f-275b-47c3-b8a0-7490b9b9f7ed__Screenshot from 2023-01-01 10-31-02.png',1,5,'2023-03-05 14:22:30','2023-03-05 14:22:30',NULL,NULL,'5054056e-c4aa-4c7e-8108-fbd7c8e68dc7','+966','Auto reject by system, No Action happened',0,1,0,NULL),(38,'2f9ac89b-aaeb-4ff8-848d-af8f0dc3db14','RQ000000038','ahmdmah','MALE','554755602',168,'321312','esports/a7d60e05-486d-407f-8021-b12a4e389f25__Screenshot from 2023-01-01 10-31-02.png','ahmedfadel1595@gmail.com','sadad','يسيسشي','esports/d9c1e64c-93aa-48e8-a0e7-4143777fb020__Screenshot from 2023-01-01 10-31-02.png','3132131333','esports/b50abd22-10b8-40b7-b389-cb7222dc33a3__Screenshot from 2023-01-01 10-31-02.png',1678744800000,'SA3333333333333333333311','esports/87534563-10e1-4990-b26c-db9d6b415046__Screenshot from 2023-01-01 10-31-02.png',1,2,'2023-03-06 00:57:32','2023-03-06 00:57:32',NULL,NULL,'fff3d6d5-c649-4155-a52a-5db5c77b1a24','+966',NULL,NULL,1,NULL,NULL),(39,'de44069d-aeb5-47a7-89b8-315ecc86e2c0','RQ000000039','Mahmoud','MALE','564433333',203,'454343433232','esports/52cdbb61-5995-404c-b8fb-194ed58c0004__logo.PNG','mahmoud.abo.el.soud.p@gmail.com','hhjhhh','اااييي','esports/8aae096d-3c3a-4df3-aa91-46654033398d__jpg.jpg','4444444444','esports/0f0dfcd4-4bf2-4887-8f30-d0780fad96ff__reassign.png',1679436000000,'SA3433333333333333333333','esports/ea8622b3-3b49-447e-921c-96228849c254__Screenshot from 2023-01-15 12-45-48.png',1,2,'2023-03-06 11:38:45','2023-03-06 11:38:45',NULL,NULL,'dd4f70be-1e35-4b6f-ba04-f9d693705131','+966',NULL,NULL,1,NULL,NULL),(40,'a0cd7c5c-81f1-443e-ba14-a1544f674da8','RQ000000040','ZEyFnXSAcNNSFMUzrdtk','MALE','1019992115',58,'197562697','file00007244','rSpED@mailinator.com','SaGrcOufdjrHFPPcrnpU','ملتلتلتت تت ايه','file00007246','10000084038','file00007247',1769173492000,'SA1000640602946571177849','file00007248',1,2,'2023-03-16 19:31:34','2023-03-16 19:31:34',NULL,NULL,'995586bb-81d1-4490-a8ec-936555f6f3c4','+20',NULL,NULL,1,NULL,NULL),(41,'2a1869d6-21bf-4dc3-a0d5-9951712e6c75','RQ000000041','ahmedfadel','MALE','554755203',168,'31312','esports/f44b096e-d290-4e9a-877d-d7e69f186a26__Screenshot from 2022-12-11 15-16-45.png','ahmedfadel@mailinator.com','dsda','يسيش','esports/4f395462-49e7-41d0-aeba-e6f75a02ec06__Screenshot from 2022-12-20 12-26-25.png','4234234323','esports/381c2be2-f3f2-4899-bfa1-5cb4d2b573bc__Screenshot from 2023-01-03 13-36-42.png',1679349600000,'SA3333333333333333333188','esports/ab86365b-c6a8-4c43-9138-45211d1eb425__Screenshot from 2023-01-01 22-39-05.png',1,1,'2023-03-19 20:39:25','2023-03-19 20:39:25',NULL,NULL,'36f381ac-4588-451a-a28b-cfd75adb32a7','+966',NULL,NULL,1,NULL,NULL),(42,'1a2db795-50f2-42bf-aa7e-761cbd013a92','RQ000000042','ahmedfadel','MALE','554755202',168,'313','esports/82eed4bc-5695-4ae9-b534-d0da4d3532d0__Screenshot from 2023-01-01 10-31-02.png','ahmedfadelll@mailinator.com','adda','شسي','esports/b58e8dcd-5523-476f-bf21-a78651ed8f1d__Screenshot from 2023-01-01 10-31-02.png','3213212222','esports/7b04cad7-f9bb-444a-ba5f-849c6405ba99__Screenshot from 2023-01-01 22-39-05.png',1679349600000,'SA3333333333333333333184','esports/4a76e2d0-7c43-4699-9b1f-8e85d11b04fc__Screenshot from 2023-01-01 10-31-02.png',1,1,'2023-03-19 20:57:24','2023-03-19 20:57:24',NULL,NULL,'a548b297-7058-41de-b5b3-1a23dcb26576','+966',NULL,NULL,1,NULL,NULL),(49,'68901857-c4f0-417f-bc7b-e8e6ffd36001','RQ000000049','asduashf','MALE','563465345',2,'123456789','esports/ad0fb184-df77-4669-9b57-092582bce944__image (1).png','aymansfas@mailinator.com','fsafasf','سيبسيب','esports/ebe7be82-baf0-4a94-ac79-c3b98b600dc1__image (1).png','1234567890','esports/7ee09536-ee84-47bc-816c-ab9c23da09eb__image (1).png',1679436000000,'SA1234567890123456789034','esports/1cf51762-a7fc-4014-a231-f0facf8e3145__image (1).png',1,2,'2023-03-21 18:19:07','2023-03-21 18:19:07',NULL,NULL,'47f36154-b6d4-42df-9d73-caafa1b1c060','+966',NULL,NULL,1,NULL,NULL),(50,'5aacf8de-2e0c-472f-b3c7-0495c5fb11ae','RQ000000050','jjjjjjjjhujj','MALE','564899435',4,'444448','esports/2a4da3f0-44c6-4499-9ad5-956dbcc88753__jpg.jpg','yyyyyyyyyyuuuuuuuuuuuuu@dsdsd.com','fffddgdgj','يبلللبببببب','esports/758c8d2e-b604-45cb-a2ce-ef9942310a57__jpg.jpg','4243488889','esports/5551e29c-1021-4eb3-b4b5-a14a1ad38374__jpg.jpg',1679436000000,'SA3444444455777775555555','esports/27a1f6f6-eb1d-4cfd-b174-18a87a7262a5__jpg.jpg',1,2,'2023-03-21 18:19:23','2023-03-21 18:19:23',NULL,NULL,'3d6f3253-d2a6-436d-ad8b-62f55ecd396a','+966',NULL,NULL,1,NULL,NULL),(51,'ef8c8e2c-36b4-4983-adaf-531cb09d43ed','RQ000000051','MOHAMED Ossama','MALE','548312921',57,'324324','esports/5050f67c-7f81-42c9-9b15-62dd1214f1cd__Screenshot from 2023-03-16 01-59-27.png','mmmms@gmail.com','SSS','سيس','esports/c02ffaf9-a26d-470e-adc8-9d917ac40d6d__Screenshot from 2023-03-16 01-59-27.png','3243234321','esports/a5ffdd1d-c3b1-4de9-b8f8-c190045f36d6__Screenshot from 2023-03-16 01-59-27.png',1689627600000,'SA3222221123211112324343','esports/3be8f16a-645d-4edf-8da5-f4685cca692d__Screenshot from 2023-03-16 01-59-27.png',1,2,'2023-03-22 12:37:04','2023-03-22 12:37:04',NULL,NULL,'de831dc7-c021-42a1-8852-50061a559a9a','+966',NULL,NULL,1,NULL,NULL),(52,'ee18df8b-7fa9-42a8-8622-0ba12e954267','RQ000000052','Club owner','MALE','545454454',57,'4324324','esports/6a4c5c50-ac39-43f2-9ec1-7055a8ddbfc8__Screenshot from 2023-03-16 01-59-27.png','clubowner@gmail.com','sfd','يسببيسش','esports/5c1164bd-2e8d-4aa3-a1e2-0741835cf8fa__Screenshot from 2023-03-16 01-59-27.png','3242343224','esports/a777dff2-d4c1-417a-a992-37bd6c06502f__Screenshot from 2023-03-16 01-59-27.png',1682110800000,'SA3222221123211454543233','esports/644b05b5-5ee3-4a1a-b354-395e51a2163d__Screenshot from 2023-03-16 01-59-27.png',1,2,'2023-03-22 13:23:11','2023-03-22 13:23:11',NULL,NULL,'da1e8260-340e-4188-803e-7fbc0c278941','+966',NULL,NULL,1,NULL,NULL),(53,'7a64d9a7-fbf9-4540-8a0d-4fa6e1cba50a','RQ000000053','osamaaa','MALE','554755999',168,'1232','esports/d043c657-104a-461d-8369-257cde6b895d__Screenshot from 2022-10-05 13-37-15.png','osamaaa@mailinator.com','sadsad','سييش','esports/0e592cb0-41b4-42e7-82da-2152f9d8d1f4__Screenshot from 2022-12-20 12-26-25.png','3133333333','esports/ebd2d4ec-aa81-4e85-a03b-9cca66415cd1__Screenshot from 2023-01-01 10-31-02.png',1680559200000,'SA3333333333333333333098','esports/7e388503-4c03-4ada-b93c-f487155e2beb__Screenshot from 2023-01-01 10-31-02.png',1,2,'2023-03-22 14:08:17','2023-03-22 14:08:17',NULL,NULL,'ad2bd7f8-a9d2-4a62-9be9-484e7eb53283','+966',NULL,NULL,1,NULL,NULL),(54,'1aee3385-64c8-48e7-b7e7-29cf206ae788','RQ000000054','mmm','MALE','534123121',2,'213','esports/f257bce0-1769-4b66-8043-7c0e0c89a168__pubg.png','mm@mm.com','assd','سيشس','esports/fa02696a-d2ed-4d7d-882c-f00db7067fe3__pubg.png','1234123121','esports/42067fd6-db85-4473-a9c3-e00e2b64c8f8__Screenshot from 2023-03-22 17-57-59.png',1680300000000,'SA4324353253134312312312','esports/467d300f-c79c-4b11-ab80-17ccccc41fb4__Screenshot from 2023-02-13 15-25-00.png',1,2,'2023-03-28 02:49:08','2023-03-28 02:49:08',NULL,NULL,'96b95bcc-5caa-44e1-ab76-d76e0082d872','+966',NULL,NULL,1,NULL,NULL),(55,'fb3112c5-9f2c-42fd-9954-fb23625ea626','RQ000000055','Club owner test','MALE','546987519',168,'4324234','esports/57366935-d31f-4188-9583-65a35a55ee27__Screenshot from 2023-03-29 11-35-10.png','ossama1000@mailiantor.com','alahly sporting club','الاهلي للرياضه','esports/af20aa74-9ab7-4c50-b837-ccb227e76d55__Screenshot from 2023-03-16 01-59-27.png','2343242342','esports/ad2cc864-c914-4cfe-ac24-2be1cd58c690__Screenshot from 2023-03-16 01-59-27.png',1680645600000,'SA2343424322355556191111','esports/0db8e53d-8ab5-48df-85ce-a8a34f64f257__Screenshot from 2023-03-16 01-59-27.png',1,2,'2023-03-30 17:01:02','2023-03-30 17:01:02',NULL,NULL,'07602d67-18c3-4d28-96da-a6500be37ddc','+966',NULL,NULL,1,NULL,NULL),(57,'d0b4a658-afe2-438f-b6ea-96feab06581f','RQ000000057','Mo Ossama','MALE','566632144',57,'13132145666','esports/93b866ea-e156-46c8-8d9c-1a472973e0c3__Screenshot from 2023-03-16 01-59-27.png','ossamamo@mailinator.com','aletihad','الاتحاد','esports/9730a9d7-a144-4fb0-a9ee-3a73e735c09e__Screenshot from 2023-03-16 01-59-27.png','2334234142','esports/7edf9deb-d09b-4e12-b165-982818f5939c__Screenshot from 2023-03-16 01-59-27.png',1680559200000,'SA8237482378237438288222','esports/69c0b8ea-ce76-4b80-ac84-0d640bd24fcd__Screenshot from 2023-03-16 01-59-27.png',1,2,'2023-03-30 17:23:45','2023-03-30 17:23:45',NULL,NULL,'16e6a48e-b8ce-47eb-aad7-8642a2b21b14','+966',NULL,NULL,1,NULL,NULL),(58,'f89a90e9-7114-4153-a8ab-5e71dcd9c6e4','RQ000000058','Mohamed Ossama','MALE','545456377',168,'4324322','esports/2f88c42a-4d42-48ea-8bfa-6faa52fb834d__Screenshot from 2023-03-16 01-59-27.png','mossama3008@mailinator.com','Jabl','جبل','esports/f9a3e968-30d2-4c2b-bffc-0c9334c50ca9__Screenshot from 2023-03-16 01-59-27.png','3423234322','esports/74e8eb12-0126-44fd-9ee7-da5b8776a65f__Screenshot from 2023-03-16 01-59-27.png',1680213600000,'SA2344322189999900331999','esports/de89a91b-f6a3-477a-bd42-99a9bca7968c__Screenshot from 2023-03-16 01-59-27.png',1,2,'2023-03-30 23:17:15','2023-03-30 23:17:15',NULL,NULL,'258ba758-4ca9-494b-93d1-0e60a9a66fb2','+966',NULL,NULL,1,NULL,NULL),(59,'becf2806-533e-4f5c-b9ed-cc870f874277','RQ000000059','Ossama ahmed','MALE','544433322',168,'5435453433','esports/a69edff3-6dca-4fba-92f6-be29fc8f3197__Screenshot from 2023-03-16 01-59-27.png','ossama8@mailinator.com','Masry','مصري س','esports/0f22b0d8-38e3-4c73-b561-3018573301e9__Screenshot from 2023-03-16 01-59-27.png','4355566655','esports/9dba0f1f-f821-401f-9ba7-342f8e0fcd09__Screenshot from 2023-03-16 01-59-27.png',1681855200000,'SA4324356546767786577777','esports/3b1b92b2-9248-49b8-ba4a-d6a1d067b17e__Screenshot from 2023-03-16 01-59-27.png',1,2,'2023-03-31 01:14:00','2023-03-31 01:14:00',NULL,NULL,'a9b9098e-dda9-4220-9624-aebf6efa9188','+966',NULL,NULL,1,NULL,NULL),(60,'1baad85f-4afd-48d3-84c5-2db31d09d771','RQ000000060','Ossama','MALE','554443322',168,'324322222','esports/cdf6bf5e-19ca-4058-bcfc-7ccfd3b53b13__Screenshot from 2023-03-16 01-59-27.png','ossama123@mailinator.com','Alahly Almasry','الاهلي المصري','esports/c7cccec5-2a90-48b3-91a0-92831879c81d__Screenshot from 2023-03-16 01-59-27.png','4343234433','esports/4fb7303a-30a6-4e08-b13c-cddbba114c0d__Screenshot from 2023-03-16 01-59-27.png',1681941600000,'SA2312832838832199999999','esports/ab669f45-9894-4656-af0e-877da95235ae__Screenshot from 2023-03-16 01-59-27.png',1,2,'2023-03-31 01:36:37','2023-03-31 01:36:37',NULL,NULL,'caaf9f97-ff66-4ff9-b76a-fd2fe6a232a5','+966',NULL,NULL,1,NULL,NULL),(61,'ab5e2e99-626b-4ff1-94ad-aa5821454eee','RQ000000061','Mohamed Ossama','MALE','554443332',168,'338882228','esports/2eb958f2-f13a-4551-b91f-bffaa0f73aa7__Screenshot from 2023-04-02 00-51-23.png','mossama_owner@mailinator.com','ahly egypt','الاهلي مصر','esports/a09269dc-9c6b-4188-833f-1f99bd7acffc__Screenshot from 2023-04-02 00-51-23.png','4434343444','esports/a9a853b7-bb26-4cb7-984f-17493a604b44__Screenshot from 2023-04-02 00-51-23.png',1680818400000,'SA1111122223333222223344','esports/9ba5a541-087b-4540-b2dc-1918d4914359__Screenshot from 2023-04-02 00-51-23.png',1,2,'2023-04-03 00:44:01','2023-04-03 00:44:01',NULL,NULL,'4afac80d-7d3e-492b-ba93-afcb63b7a90b','+966',NULL,NULL,1,NULL,NULL),(62,'939dd21e-a7c8-4cbf-ac3c-7bae13bf7c8f','RQ000000062','tefaef','MALE','553454363',2,'34234','esports/899b0fef-03a7-4bc2-82aa-63800eb50730__image.png','ayman_owner@mailinator.com','ascascas','سليبسيبسي','esports/d5358d58-fdca-4a9f-b723-249e61b5151f__image (1).png','2343243246','esports/dd8e6785-970c-440d-b849-43eaae0b5a1a__image.png',1681250400000,'SA1235789023456784323453','esports/b25dd70d-380a-4fc3-b8f8-47016901433b__image.png',1,2,'2023-04-04 13:01:33','2023-04-04 13:01:33',NULL,NULL,'c7aad88b-4e17-4685-8b4d-894e55425ecf','+966',NULL,NULL,1,NULL,NULL),(63,'6c8bfb98-4168-43f1-bf72-3ebf10fc8d9d','RQ000000063','mahmoud mco','MALE','567778954',203,'23456765','esports/c60cd9ef-4810-4219-baf2-bbb1aac8d4e5__jpg.jpg','mco@mco.com','mahmoud mco','يبلاتن','esports/f2c253a2-3990-4b50-97be-383d512419c3__jpg.jpg','2345677654','esports/4d1aa68a-1f59-48b5-a24b-a996ba966eb4__jpg.jpg',1681941600000,'SA2345678987654345555666','esports/cc9aac66-c887-4af4-bf4f-b3b34dc8f20f__jpg.jpg',1,2,'2023-04-04 18:28:29','2023-04-04 18:28:29',NULL,NULL,'682dbdff-03da-4083-9cd2-c896166792f5','+966',NULL,NULL,1,NULL,NULL),(64,'62ce81e6-fc94-4eac-888e-02f54dce6329','RQ000000064','tuThYOFyQBlaMbLdwuDb','MALE','1029992115',58,'456767492','file00007244','RyvNO@mailinator.com','mcbCVhPAvJbLjQikmocp','ملتلتلتتملتلتلتت تت ايه','file00007246','10000015053','file00007247',1769173492000,'SA1000823016286591158617','file00007248',1,2,'2023-04-04 23:23:09','2023-04-04 23:23:09',NULL,NULL,'1e26e52f-7604-49ea-a5dd-3dbde438a646','+20',NULL,NULL,1,NULL,NULL),(65,'5bd52813-4883-4c6f-92f7-d7bc220b766e','RQ000000065','PVbmasCBuJBGihmOnAFa','MALE','1029992512',58,'425211110','file00007244','kyuSN@mailinator.com','hRNfEOUULPRnOQdlddie','ملتلتلتتملتلتلتتملتلتلتتملتلتلتت تت ايه','file00007246','10000031935','file00007247',1769173492000,'SA1000242824310487355057','file00007248',1,2,'2023-04-04 23:24:41','2023-04-04 23:24:41',NULL,NULL,'a4ec2190-738d-48fa-bed4-7ea82bec3757','+20',NULL,NULL,1,NULL,NULL),(66,'3fddcf55-2ed4-420f-8274-eef7ae748da8','RQ000000066','KgDBgXWuCpzLDOckftRH','MALE','1029992513',58,'881046043','file00007244','FoFOs@mailinator.com','CtUVryCNsCRbGXodXuXX','ملتلتلتتملتلتلتتملتلتلتتملتلتل تت ايه','file00007246','10000048112','file00007247',1769173492000,'SA1000453998236327452994','file00007248',1,2,'2023-04-04 23:27:18','2023-04-04 23:27:18',NULL,NULL,'34063dc8-145a-4889-bfe6-5eff46496472','+20',NULL,NULL,1,NULL,NULL),(67,'f399663e-59a4-4045-ac0b-1f70b2be1b83','RQ000000067','Mahmoud Aboelsoud','MALE','564432222',4,'123456788','esports/5d19d6e5-ce4b-43a1-ae8b-beaee34cee30__jpg.jpg','mahmoud.aboelsoud.p444@gmail.com','dfrvgtbyhnj','ءيؤبر','esports/3172ceb0-ef45-491c-bb49-0158efc430b0__jpg.jpg','4567776555','esports/c842254a-173e-4d61-95a3-d3dd4329f657__jpg.jpg',1681941600000,'SA4444456665443322222222','esports/c713958d-2b5d-4463-a119-a8c46e3b2510__jpg.jpg',1,5,'2023-04-06 11:58:35','2023-04-06 11:58:35',NULL,NULL,'84abb324-1056-4c41-8567-8a37f0387038','+966','saffa',0,1,0,NULL),(68,'3012adae-735a-4bf4-8111-0cb2dd344264','RQ000000068','Mahmoud Aboelsoud','MALE','564432226',4,'123456766','esports/5d19d6e5-ce4b-43a1-ae8b-beaee34cee30__jpg.jpg','mahmoud.aboelsoud.p4444@gmail.com','dfrvgtbyh','ءيؤب','esports/3172ceb0-ef45-491c-bb49-0158efc430b0__jpg.jpg','4567776588','esports/c842254a-173e-4d61-95a3-d3dd4329f657__jpg.jpg',1681941600000,'SA4444456665443322772222','esports/c713958d-2b5d-4463-a119-a8c46e3b2510__jpg.jpg',1,2,'2023-04-06 12:00:59','2023-04-06 12:00:59',NULL,NULL,'0b727b5c-14a5-4148-9d24-97468ea4c2a2','+966',NULL,NULL,1,NULL,NULL),(69,'70e89f55-cf08-4c6d-adb3-0bfb344e80da','RQ000000069','asddfa','MALE','534343434',2,'31314234321','esports/f0bb71a4-b42b-4b8a-934a-7117598a419f__Screenshot 2023-04-07 at 00.25.48.png','asldfkj@mailinator.com','asdlkflsald','شيبشسبش','esports/3ec3db80-958e-4385-ba14-6a9b2b530985__Screenshot 2023-04-07 at 00.25.48.png','2342423423','esports/dbee735e-cc15-4be1-ad2d-3858cf384bd6__Screenshot 2023-04-07 at 00.25.48.png',1681246800000,'SA0344353454353435353343','esports/9cf39cd1-351c-4e41-a85a-236955a6952b__Screenshot 2023-04-07 at 00.25.48.png',1,5,'2023-04-08 03:39:45','2023-04-08 03:39:45',NULL,NULL,'61c6d511-c27b-4121-9416-cf3380643cee','+966','Auto reject by system, No Action happened',0,1,0,NULL),(70,'63d3658c-4bc7-413d-8613-c03e13e57aca','RQ000000070','lsadjfdafsdfadsfsdfds',NULL,'1147926955',4,'wewre','esports/e77e4430-e984-418f-b4a7-3c0874a94fa3__Screenshot 2023-04-07 at 00.25.48.png','admin2222@esports.com','newasdfa name','ريببثص رشوث','esports/20329377-1776-451f-9448-c0a1ff92abe8__Screenshot 2023-04-07 at 00.25.48.png','3125577443','esports/ac5e64c8-1f4d-451c-9678-671bbc639687__Screenshot 2023-04-07 at 00.25.48.png',1681998000000,'SA3453253969977235423534','esports/da0f0602-8373-4789-8a7b-e24a0ed6d208__Screenshot 2023-04-07 at 00.25.48.png',2,5,'2023-04-09 13:49:22','2023-04-09 13:49:22','6a82b9c7-6813-4ab8-aa59-0b3d8246b8c7','6a82b9c7-6813-4ab8-aa59-0b3d8246b8c7',NULL,'+20','Some Text here',0,NULL,0,'2ed91309-e907-4eb0-9747-91ce112fee8e'),(72,'d93e2804-4d77-4c8c-8f08-dff8c8b0cc74','RQ000000072','new name',NULL,'1157926955',4,'we3wre','esports/e77e4430-e984-418f-b4a7-3c0874a94fa3__Screeshot 2023-04-07 at 00.25.48.png','admin22d22@esports.com','newa23sdfa name','ريب3بثص رشوث','esports/20329377-1776-451f-9448-c0a1ff92abe8__Screeshot 2023-04-07 at 00.25.48.png','312544577443','esports/ac5e64c8-1f4d-451c-9678-671bbc63687__Screenshot 2023-04-07 at 00.25.48.png',1681998000000,'SA34663253969977235423534','esports/da0f0602-8373-4789-8a7b-e24a0ed6208__Screenshot 2023-04-07 at 00.25.48.png',2,6,'2023-04-09 20:55:07','2023-04-09 20:55:07','0b727b5c-14a5-4148-9d24-97468ea4c2a2','0b727b5c-14a5-4148-9d24-97468ea4c2a2',NULL,'+20',NULL,NULL,NULL,NULL,'2ed91309-e907-4eb0-9747-91ce112fee8e'),(73,'20dc4364-19c7-4d58-801f-75d02533ddd2','RQ000000073','lsadjfdasdfds',NULL,'4397926955',195,'dsdwre','esports/e77e4430-e984-418f-b4a7-3c0874a94fa3__Screenshot 2023-04-07 at 00.25.48.png','admin2288@esports.com','alljdfasasdfsadfsafalfas','يسبيشسبيسشسشبسشب','esports/20329377-1776-451f-9448-c0a1ff92abe8__Screenshot 2023-04-07 at 00.25.48.png','3124266443','esports/ac5e64c8-1f4d-451c-9678-671bbc639687__Screenshot 2023-04-07 at 00.25.48.png',1681938000000,'SA3453253453277235423534','esports/da0f0602-8373-4789-8a7b-e24a0ed6d208__Screenshot 2023-04-07 at 00.25.48.png',2,2,'2023-04-11 13:17:10','2023-04-11 13:17:10','143960ef-65f9-4eb8-9906-b12d3535f2e1','143960ef-65f9-4eb8-9906-b12d3535f2e1',NULL,'+20',NULL,NULL,NULL,NULL,'6f9b9624-cb61-43e1-91d5-0c93da2ae8b1'),(74,'7abe122b-c6e1-4da8-a813-79c64bffd1fb','RQ000000074','new mre name',NULL,'115756955',195,'we3w3dgds43re','esports/e77e4430-e984-418f-b4a7-3c0874a94fa3__Screeshot 2023-04-07 at 00.25.48.png','admin2d22@esports.com','newa23sdfgsdfa name','ريب433بثص رشوث','esports/20329377-1776-451f-9448-c0a1ff92abe8__Screeshot 2023-04-07 at 00.25.48.png','312544567443','esports/ac5e64c8-1f4d-451c-9678-671bbc63687__Screenshot 2023-04-07 at 00.25.48.png',1681998000000,'SA34663253559977235423534','esports/da0f0602-8373-4789-8a7b-e24a0ed6208__Screenshot 2023-04-07 at 00.25.48.png',2,2,'2023-04-12 15:36:29','2023-04-12 15:36:29','143960ef-65f9-4eb8-9906-b12d3535f2e1','143960ef-65f9-4eb8-9906-b12d3535f2e1',NULL,'+20',NULL,NULL,NULL,NULL,'6f9b9624-cb61-43e1-91d5-0c93da2ae8b1'),(75,'9f774782-e02a-4e33-84fa-ea0789dbd962','RQ000000075','new mre sasdasfname',NULL,'345756955',4,'we4333dgds43re','esports/e77e4430-e984-418f-b4a7-3c0874a94fa3__Screeshot 2023-04-07 at 00.25.48.png','admin2d3sa22@esports.com','ne333333sdfgsdfa name','ريبdd43333بثص رشوث','esports/20329377-1776-451f-9448-c0a1ff92abe8__Screeshot 2023-04-07 at 00.25.48.png','312444567443','esports/ac5e64c8-1f4d-451c-9678-671bbc63687__Screenshot 2023-04-07 at 00.25.48.png',1681998000000,'SA34773253559977235423534','esports/da0f0602-8373-4789-8a7b-e24a0ed6208__Screenshot 2023-04-07 at 00.25.48.png',2,2,'2023-04-14 03:08:58','2023-04-14 03:08:58','0b727b5c-14a5-4148-9d24-97468ea4c2a2','0b727b5c-14a5-4148-9d24-97468ea4c2a2',NULL,'+10',NULL,NULL,NULL,NULL,'2ed91309-e907-4eb0-9747-91ce112fee8e'),(76,'a66d8c01-f191-4b51-acd4-b783dad6876c','RQ000000076','new mr5e sasdasfname',NULL,'345556955',2,'we4353dgds43re','esports/e77e4430-e984-418f-b4a7-3c0874a94fa3__Screeshot 2023-04-07 at 00.25.48.png','admi5n2d3sa22@esports.com','ne335533sdfgsdfa name','ريبdd43333بثص رشوث','esports/20329377-1776-451f-9448-c0a1ff92abe8__Screeshot 2023-04-07 at 00.25.48.png','312554567443','esports/ac5e64c8-1f4d-451c-9678-671bbc63687__Screenshot 2023-04-07 at 00.25.48.png',1681998000000,'SA34443253559977235423534','esports/da0f0602-8373-4789-8a7b-e24a0ed6208__Screenshot 2023-04-07 at 00.25.48.png',2,2,'2023-04-14 03:24:27','2023-04-14 03:24:27','0b727b5c-14a5-4148-9d24-97468ea4c2a2','0b727b5c-14a5-4148-9d24-97468ea4c2a2',NULL,'+10',NULL,NULL,NULL,NULL,'2ed91309-e907-4eb0-9747-91ce112fee8e'),(77,'b430afc7-f0d2-4db0-b436-1f2fd8c9c7ae','RQ000000077','new mre sasdasfname',NULL,'345756955',2,'we4333dgds43re','esports/e77e4430-e984-418f-b4a7-3c0874a94fa3__Screeshot 2023-04-07 at 00.25.48.png','admin2d3sa22@esports.com','ne333333sdfgsdfa name','ريبdd43333بثص رشوث','esports/20329377-1776-451f-9448-c0a1ff92abe8__Screeshot 2023-04-07 at 00.25.48.png','312444567443','esports/ac5e64c8-1f4d-451c-9678-671bbc63687__Screenshot 2023-04-07 at 00.25.48.png',1681998000000,'SA34773253559977235423534','esports/da0f0602-8373-4789-8a7b-e24a0ed6208__Screenshot 2023-04-07 at 00.25.48.png',2,2,'2023-04-14 03:29:10','2023-04-14 03:29:10','0b727b5c-14a5-4148-9d24-97468ea4c2a2','0b727b5c-14a5-4148-9d24-97468ea4c2a2',NULL,'+10',NULL,NULL,NULL,NULL,'2ed91309-e907-4eb0-9747-91ce112fee8e'),(78,'6cf5f128-3bdf-496b-9b98-220570e47475','RQ000000078','new mre sasd9sfname',NULL,'349756955',2,'we4339dgds43re','esports/e77e4430-e984-418f-b4a7-3c0874a94fa3__Screeshot 2023-04-07 at 00.25.48.png','asdf@lsdjf.com','ne333933sdfgsdfa name','ريبdd49333بثص رشوث','esports/20329377-1776-451f-9448-c0a1ff92abe8__Screeshot 2023-04-07 at 00.25.48.png','312444967443','esports/ac5e64c8-1f4d-451c-9678-671bbc63687__Screenshot 2023-04-07 at 00.25.48.png',1681998000000,'SA34773259559977235423534','esports/da0f0602-8373-4789-8a7b-e24a0ed6208__Screenshot 2023-04-07 at 00.25.48.png',2,2,'2023-04-14 03:31:33','2023-04-14 03:31:33','0b727b5c-14a5-4148-9d24-97468ea4c2a2','0b727b5c-14a5-4148-9d24-97468ea4c2a2',NULL,'+10',NULL,NULL,NULL,NULL,'2ed91309-e907-4eb0-9747-91ce112fee8e'),(79,'43f9d5e9-725a-41aa-8239-d20844c91d83','RQ000000079','new mre sasd9sfname',NULL,'349756955',2,'we4339dgds43re','esports/e77e4430-e984-418f-b4a7-3c0874a94fa3__Screeshot 2023-04-07 at 00.25.48.png','asdf@lsdjf.com','ne333933sdfgsdfa name','ريبdd49333بثص رشوث','esports/20329377-1776-451f-9448-c0a1ff92abe8__Screeshot 2023-04-07 at 00.25.48.png','312444967443','esports/ac5e64c8-1f4d-451c-9678-671bbc63687__Screenshot 2023-04-07 at 00.25.48.png',1681998000000,'SA34773259447235423534','esports/da0f0602-8373-4789-8a7b-e24a0ed6208__Screenshot 2023-04-07 at 00.25.48.png',2,2,'2023-04-14 03:35:51','2023-04-14 03:35:51','0b727b5c-14a5-4148-9d24-97468ea4c2a2','0b727b5c-14a5-4148-9d24-97468ea4c2a2',NULL,'+10',NULL,NULL,NULL,NULL,'2ed91309-e907-4eb0-9747-91ce112fee8e'),(80,'f3a36748-b37f-491c-9198-fc37b860605f','RQ000000080','jjjjjjjjhujj',NULL,'564899435',4,'444448','esports/2a4da3f0-44c6-4499-9ad5-956dbcc88753__jpg.jpg','yyyyyyyyyyuuuuuuuuuuuuu@dsdsd.com','fffddgdgj','يبلللبببببب','esports/758c8d2e-b604-45cb-a2ce-ef9942310a57__jpg.jpg','4243488889','esports/5551e29c-1021-4eb3-b4b5-a14a1ad38374__jpg.jpg',1681941600000,'SA3444444455777775555555','esports/27a1f6f6-eb1d-4cfd-b174-18a87a7262a5__jpg.jpg',2,2,'2023-04-15 15:03:23','2023-04-15 15:03:23','3d6f3253-d2a6-436d-ad8b-62f55ecd396a','3d6f3253-d2a6-436d-ad8b-62f55ecd396a',NULL,'+966',NULL,NULL,NULL,NULL,'5aacf8de-2e0c-472f-b3c7-0495c5fb11ae'),(81,'93481a9b-9efe-4f4a-8758-c25d633445f3','RQ000000081','jjjjjjjjhujj',NULL,'564899435',4,'444448','esports/2a4da3f0-44c6-4499-9ad5-956dbcc88753__jpg.jpg','yyyyyyyyyyuuuuuuuuuuuuu@dsdsd.com','fffddgdgj','يبلللبببببب','esports/758c8d2e-b604-45cb-a2ce-ef9942310a57__jpg.jpg','4243488889','esports/5551e29c-1021-4eb3-b4b5-a14a1ad38374__jpg.jpg',1681682400000,'SA3444444455777775555555','esports/27a1f6f6-eb1d-4cfd-b174-18a87a7262a5__jpg.jpg',2,2,'2023-04-15 16:21:48','2023-04-15 16:21:48','3d6f3253-d2a6-436d-ad8b-62f55ecd396a','3d6f3253-d2a6-436d-ad8b-62f55ecd396a',NULL,'+966',NULL,NULL,NULL,NULL,'5aacf8de-2e0c-472f-b3c7-0495c5fb11ae'),(82,'5a383fb7-e530-47eb-bafc-5764044c6904','RQ000000082','kareem club','MALE','557555555',3,'2222222222','esports/9524209f-9900-41f6-9b3a-8c898f961b8b__test.png','kareemclub@gmail.com','kareem','كريم','esports/a91fdd23-5a55-4b9d-8747-589ccb017a82__test.png','3333333333','esports/9345f9a6-4263-4fcd-ac4f-f7997072ab49__test.png',1803420000000,'SA0380000000608010167519','esports/c53a2229-5138-4de8-b12a-ca96a06c3439__test.png',1,4,'2023-04-16 15:38:12','2023-04-16 15:38:12',NULL,NULL,'c7e29356-2b75-4301-a333-32c483707f05','+966',NULL,NULL,1,NULL,NULL),(83,'143dcbdc-b65a-49ec-b563-dab4f585decd','RQ000000083','new  asfdasasd9sfname',NULL,'359756455',2,'we433adsfa9dgds43re','esports/e77e4430-e984-418f-b4a7-3c0874a94fa3__Screeshot 2023-04-07 at 00.25.48.png','engbassdfdemsalama@gmail.com','ne33393sadf3sdfsdfgsdfa name','ريبdsadfd49333بثص رشوث','esports/20329377-1776-451f-9448-c0a1ff92abe8__Screeshot 2023-04-07 at 00.25.48.png','3124443967443','esports/ac5e64c8-1f4d-451c-9678-671bbc63687__Screenshot 2023-04-07 at 00.25.48.png',1681998000000,'SA34663259447235423534','esports/da0f0602-8373-4789-8a7b-e24a0ed6208__Screenshot 2023-04-07 at 00.25.48.png',2,5,'2023-04-16 16:52:56','2023-04-16 16:52:56','143960ef-65f9-4eb8-9906-b12d3535f2e1','143960ef-65f9-4eb8-9906-b12d3535f2e1',NULL,'+10','Some Text here reason',0,NULL,0,'6f9b9624-cb61-43e1-91d5-0c93da2ae8b1'),(84,'6ec00ce7-4702-41d1-b634-a621c1b3958b','RQ000000084','new  asfdasasd9sfname',NULL,'359756455',2,'we433adsfa9dgds43re','esports/e77e4430-e984-418f-b4a7-3c0874a94fa3__Screeshot 2023-04-07 at 00.25.48.png','newclubow@mailinator.com','ne33393sadf3sdfsdfgsdfa name','ريبdsadfd49333بثص رشوث','esports/20329377-1776-451f-9448-c0a1ff92abe8__Screeshot 2023-04-07 at 00.25.48.png','3124443967443','esports/ac5e64c8-1f4d-451c-9678-671bbc63687__Screenshot 2023-04-07 at 00.25.48.png',1681998000000,'SA34663259447235423534','esports/da0f0602-8373-4789-8a7b-e24a0ed6208__Screenshot 2023-04-07 at 00.25.48.png',2,2,'2023-04-16 21:41:45','2023-04-16 21:41:45','143960ef-65f9-4eb8-9906-b12d3535f2e1','143960ef-65f9-4eb8-9906-b12d3535f2e1',NULL,'+10',NULL,NULL,NULL,NULL,'6f9b9624-cb61-43e1-91d5-0c93da2ae8b1'),(85,'e5b76f95-5ce8-4e8d-a710-bfc1ff389779','RQ000000085','jjjjjjjjhujj',NULL,'564899435',4,'444448','esports/2a4da3f0-44c6-4499-9ad5-956dbcc88753__jpg.jpg','yyyyyyyyyyuuuuuuuuuuuuu@dsdsd.com','kareem yousry','يبلللبببببب','esports/758c8d2e-b604-45cb-a2ce-ef9942310a57__jpg.jpg','4243488889','esports/a5542245-5935-4a05-8fdc-04766c1db0e2__test.png',1681941600000,'SA3444444455777775555555','esports/a5542245-5935-4a05-8fdc-04766c1db0e2__test.png',2,2,'2023-04-17 00:52:41','2023-04-17 00:52:41','3d6f3253-d2a6-436d-ad8b-62f55ecd396a','3d6f3253-d2a6-436d-ad8b-62f55ecd396a',NULL,'+966','change club name',NULL,NULL,NULL,'5aacf8de-2e0c-472f-b3c7-0495c5fb11ae'),(86,'9041e143-41f3-4781-9f21-e339a1bb1fcf','RQ000000086','dsafsafas',NULL,'359756455',2,'4241421423','esports/e77e4430-e984-418f-b4a7-3c0874a94fa3__Screeshot 2023-04-07 at 00.25.48.png','newclubow@mailinator.com','asdfasfaf','شسيبسش','esports/4a47b533-bc08-4f93-98d2-ddb68a016a6b__Screenshot 2023-04-14 at 03.39.19.png','3124443967','esports/ac5e64c8-1f4d-451c-9678-671bbc63687__Screenshot 2023-04-07 at 00.25.48.png',1681998000000,'SA2323232332323232332232','esports/da0f0602-8373-4789-8a7b-e24a0ed6208__Screenshot 2023-04-07 at 00.25.48.png',2,2,'2023-04-17 15:59:03','2023-04-17 15:59:03','143960ef-65f9-4eb8-9906-b12d3535f2e1','143960ef-65f9-4eb8-9906-b12d3535f2e1',NULL,'+10','dfasdfsafsa',NULL,NULL,NULL,'6f9b9624-cb61-43e1-91d5-0c93da2ae8b1'),(87,'5e1e158d-6ee7-422e-a545-585719dc3dc6','RQ000000087','riadh club owner','MALE','534333322',195,'7777777','esports/32ca2189-4ffd-4064-bb84-e780b5bdb4e9__riadh-avatar2.png','riadhclubowner@riadh.com','riadh club owner','رياض مالك نادي','esports/8e9a0b04-ddc4-45d1-b3db-100cb496b18b__riadh-avatar2.png','4444322222','esports/7a274c27-cfae-4c93-b553-9b6edf252b7b__mercedes.png',1684530000000,'SA3434343434344444444444','esports/cb902f6e-9ce7-487c-a95e-84753aa1d451__riadh avatar.jpeg',1,3,'2023-04-17 16:44:34','2023-04-17 16:44:34',NULL,NULL,'c8d2027a-89ff-4159-b908-8bbcf6884aef','+966',NULL,NULL,1,NULL,NULL),(88,'b157b719-e569-4819-87da-12407388420f','RQ000000088','jjjjjjjjhujj',NULL,'564899435',4,'321313333','esports/2a4da3f0-44c6-4499-9ad5-956dbcc88753__jpg.jpg','yyyyyyyyyyuuuuuuuuuuuuu@dsdsd.com','kareem yousry abd','يبلللبببببب','esports/758c8d2e-b604-45cb-a2ce-ef9942310a57__jpg.jpg','3377333333','esports/5551e29c-1021-4eb3-b4b5-a14a1ad38374__jpg.jpg',1681941600000,'SA3444444455777775555555','esports/27a1f6f6-eb1d-4cfd-b174-18a87a7262a5__jpg.jpg',2,2,'2023-04-18 17:19:08','2023-04-18 17:19:08','3d6f3253-d2a6-436d-ad8b-62f55ecd396a','3d6f3253-d2a6-436d-ad8b-62f55ecd396a',NULL,'+966','name',NULL,NULL,NULL,'5aacf8de-2e0c-472f-b3c7-0495c5fb11ae'),(89,'6f9a1f12-6544-4d35-9ae6-65102346e362','RQ000000089','jjjjjjjjhujj',NULL,'564899435',4,'22222222','esports/2a4da3f0-44c6-4499-9ad5-956dbcc88753__jpg.jpg','yyyyyyyyyyuuuuuuuuuuuuu@dsdsd.com','kareem yousry abd','يبلللبببببب','esports/758c8d2e-b604-45cb-a2ce-ef9942310a57__jpg.jpg','4243488889','esports/5551e29c-1021-4eb3-b4b5-a14a1ad38374__jpg.jpg',1681941600000,'SA3444444455777775555555','esports/27a1f6f6-eb1d-4cfd-b174-18a87a7262a5__jpg.jpg',2,6,'2023-04-18 23:02:53','2023-04-18 23:02:53','3d6f3253-d2a6-436d-ad8b-62f55ecd396a','3d6f3253-d2a6-436d-ad8b-62f55ecd396a',NULL,'+966','change national id',NULL,NULL,NULL,'5aacf8de-2e0c-472f-b3c7-0495c5fb11ae'),(90,'9b394c4b-2176-4326-aff0-e3252a54a4d0','RQ000000090','ldfkjlajksf','MALE','533434343',3,'1242341241','esports/bcd6f3d2-cf09-4bac-83e2-b8f80edfcca3__Screenshot 2023-04-14 at 03.39.19.png','lalklafs@mailinator.com','asdfasfsf','شيبش','esports/f3d32fcf-206b-42fa-a976-e45d82d5bbdf__Screenshot 2023-04-14 at 03.39.19.png','1241234314','esports/aaa63777-5212-489f-bc87-b8ba6f49df5d__Screenshot 2023-04-14 at 03.39.19.png',1681938000000,'SA0332432143412341243124','esports/f6e4e5ec-e1cc-4ca3-81bf-dabaa9466ddc__Screenshot 2023-04-14 at 03.39.19.png',1,3,'2023-04-19 03:37:04','2023-04-19 03:37:04',NULL,NULL,'ea4574e5-239a-4b13-b789-41e26af44701','+966',NULL,NULL,1,NULL,NULL),(91,'f3d9e925-9419-4c10-8902-223d59fa7fd2','RQ000000091','jjjjjjjjhujj',NULL,'564899435',4,'444448','esports/2a4da3f0-44c6-4499-9ad5-956dbcc88753__jpg.jpg','yyyyyyyyyyuuuuuuuuuuuuu@dsdsd.com','kareem yousry','يبلللبببببب','esports/758c8d2e-b604-45cb-a2ce-ef9942310a57__jpg.jpg','4243488889','esports/5551e29c-1021-4eb3-b4b5-a14a1ad38374__jpg.jpg',1681941600000,'SA3444444455777775555555','esports/27a1f6f6-eb1d-4cfd-b174-18a87a7262a5__jpg.jpg',2,6,'2023-04-19 14:50:06','2023-04-19 14:50:06','3d6f3253-d2a6-436d-ad8b-62f55ecd396a','3d6f3253-d2a6-436d-ad8b-62f55ecd396a',NULL,'+966','change name',NULL,NULL,NULL,'5aacf8de-2e0c-472f-b3c7-0495c5fb11ae'),(92,'20bdba86-e240-409a-ad57-30a1f76ca81b','RQ000000092','jjjjjjjjhujj',NULL,'564899435',4,'444448','esports/2a4da3f0-44c6-4499-9ad5-956dbcc88753__jpg.jpg','yyyyyyyyyyuuuuuuuuuuuuu@dsdsd.com','kareem yousry f','يبلللبببببب','esports/758c8d2e-b604-45cb-a2ce-ef9942310a57__jpg.jpg','4243488889','esports/5551e29c-1021-4eb3-b4b5-a14a1ad38374__jpg.jpg',1681941600000,'SA3444444455777775555555','esports/27a1f6f6-eb1d-4cfd-b174-18a87a7262a5__jpg.jpg',2,6,'2023-04-19 14:51:00','2023-04-19 14:51:00','3d6f3253-d2a6-436d-ad8b-62f55ecd396a','3d6f3253-d2a6-436d-ad8b-62f55ecd396a',NULL,'+966','test',NULL,NULL,NULL,'5aacf8de-2e0c-472f-b3c7-0495c5fb11ae'),(93,'5256752a-642d-47d0-9bc4-9d31057b0b3f','RQ000000093','jjjjjjjjhujj',NULL,'564899435',4,'444448','esports/2a4da3f0-44c6-4499-9ad5-956dbcc88753__jpg.jpg','yyyyyyyyyyuuuuuuuuuuuuu@dsdsd.com','kareem yousrys','يبلللبببببب','esports/758c8d2e-b604-45cb-a2ce-ef9942310a57__jpg.jpg','4243488889','esports/5551e29c-1021-4eb3-b4b5-a14a1ad38374__jpg.jpg',1681941600000,'SA3444444455777775555555','esports/27a1f6f6-eb1d-4cfd-b174-18a87a7262a5__jpg.jpg',2,6,'2023-04-19 15:00:40','2023-04-19 15:00:40','3d6f3253-d2a6-436d-ad8b-62f55ecd396a','3d6f3253-d2a6-436d-ad8b-62f55ecd396a',NULL,'+966','test',NULL,NULL,NULL,'5aacf8de-2e0c-472f-b3c7-0495c5fb11ae'),(94,'55bf24b8-bd0e-4543-89db-27cde5e01c00','RQ000000094','jjjjjjjjhujj',NULL,'564899435',4,'444448','esports/2a4da3f0-44c6-4499-9ad5-956dbcc88753__jpg.jpg','yyyyyyyyyyuuuuuuuuuuuuu@dsdsd.com','kareem yousry gg','يبلللبببببب','esports/758c8d2e-b604-45cb-a2ce-ef9942310a57__jpg.jpg','4243488889','esports/5551e29c-1021-4eb3-b4b5-a14a1ad38374__jpg.jpg',1681941600000,'SA3444444455777775555555','esports/27a1f6f6-eb1d-4cfd-b174-18a87a7262a5__jpg.jpg',2,6,'2023-04-19 15:01:45','2023-04-19 15:01:45','3d6f3253-d2a6-436d-ad8b-62f55ecd396a','3d6f3253-d2a6-436d-ad8b-62f55ecd396a',NULL,'+966','res',NULL,NULL,NULL,'5aacf8de-2e0c-472f-b3c7-0495c5fb11ae'),(95,'66fcbd09-9255-46d4-8e55-5b6de3c4d5b6','RQ000000095','jjjjjjjjhujj',NULL,'564899435',4,'444448','esports/2a4da3f0-44c6-4499-9ad5-956dbcc88753__jpg.jpg','yyyyyyyyyyuuuuuuuuuuuuu@dsdsd.com','kareem yousry jgt','يبلللبببببب','esports/758c8d2e-b604-45cb-a2ce-ef9942310a57__jpg.jpg','4243488889','esports/5551e29c-1021-4eb3-b4b5-a14a1ad38374__jpg.jpg',1681941600000,'SA3444444455777775555555','esports/27a1f6f6-eb1d-4cfd-b174-18a87a7262a5__jpg.jpg',2,6,'2023-04-19 15:03:22','2023-04-19 15:03:22','3d6f3253-d2a6-436d-ad8b-62f55ecd396a','3d6f3253-d2a6-436d-ad8b-62f55ecd396a',NULL,'+966','tesr',NULL,NULL,NULL,'5aacf8de-2e0c-472f-b3c7-0495c5fb11ae'),(96,'4c31933e-1bcd-4604-80fe-0e104b4f463f','RQ000000096','jjjjjjjjhujj',NULL,'564899435',4,'444448','esports/2a4da3f0-44c6-4499-9ad5-956dbcc88753__jpg.jpg','yyyyyyyyyyuuuuuuuuuuuuu@dsdsd.com','kareem yousry d','يبلللبببببب','esports/758c8d2e-b604-45cb-a2ce-ef9942310a57__jpg.jpg','4243488889','esports/5551e29c-1021-4eb3-b4b5-a14a1ad38374__jpg.jpg',1681941600000,'SA3444444455777775555555','esports/27a1f6f6-eb1d-4cfd-b174-18a87a7262a5__jpg.jpg',2,6,'2023-04-19 15:07:34','2023-04-19 15:07:34','3d6f3253-d2a6-436d-ad8b-62f55ecd396a','3d6f3253-d2a6-436d-ad8b-62f55ecd396a',NULL,'+966','test',NULL,NULL,NULL,'5aacf8de-2e0c-472f-b3c7-0495c5fb11ae'),(97,'6410cb2a-db2b-4ab6-a54d-6e2bf3ee469b','RQ000000097','batman',NULL,'564899435',4,'33333333','esports/2a4da3f0-44c6-4499-9ad5-956dbcc88753__jpg.jpg','yyyyyyyyyyuuuuuuuuuuuuu@dsdsd.com','kareem one','يبلللبببببب','esports/758c8d2e-b604-45cb-a2ce-ef9942310a57__jpg.jpg','4243488889','esports/5551e29c-1021-4eb3-b4b5-a14a1ad38374__jpg.jpg',1681941600000,'SA3444444455777775555555','esports/27a1f6f6-eb1d-4cfd-b174-18a87a7262a5__jpg.jpg',2,6,'2023-04-19 15:20:48','2023-04-19 15:20:48','3d6f3253-d2a6-436d-ad8b-62f55ecd396a','3d6f3253-d2a6-436d-ad8b-62f55ecd396a',NULL,'+966','test',NULL,NULL,NULL,'5aacf8de-2e0c-472f-b3c7-0495c5fb11ae'),(98,'126e05fc-b136-437c-a566-51fd3715f853','RQ000000098','asfasf',NULL,'3494456455',2,'we4339dwegds43re','esports/e77e4430-e984-418f-b4a7-3c0874a94fa3__Screeshot 2023-04-07 at 00.25.48.png','engbassedsmsalama@gmail.com','dslkfjdsalkf','بشسيبشس','esports/20329377-1776-451f-9448-c0a1ff92abe8__Screeshot 2023-04-07 at 00.25.48.png','3424323424','esports/ac5e64c8-1f4d-451c-9678-671bbc63687__Screenshot 2023-04-07 at 00.25.48.png',1681998000000,'SA3477325944793242342324','esports/da0f0602-8373-4789-8a7b-e24a0ed6208__Screenshot 2023-04-07 at 00.25.48.png',2,2,'2023-04-20 00:28:46','2023-04-20 00:28:46','0b727b5c-14a5-4148-9d24-97468ea4c2a2','0b727b5c-14a5-4148-9d24-97468ea4c2a2',NULL,'+10','dalsjfkdfsladf',NULL,NULL,NULL,'2ed91309-e907-4eb0-9747-91ce112fee8e'),(99,'100a4867-9c3c-4b5f-8c30-b3ea1dd2059e','RQ000000099','asfasf',NULL,'3494456455',3,'we4339dwegds43re','esports/e77e4430-e984-418f-b4a7-3c0874a94fa3__Screeshot 2023-04-07 at 00.25.48.png','engbassedsmsalama@gmail.com','dslkfjdsalkf','بشسيبشس','esports/20329377-1776-451f-9448-c0a1ff92abe8__Screeshot 2023-04-07 at 00.25.48.png','3424323424','esports/ac5e64c8-1f4d-451c-9678-671bbc63687__Screenshot 2023-04-07 at 00.25.48.png',1681998000000,'SA3477325944793242342324','esports/da0f0602-8373-4789-8a7b-e24a0ed6208__Screenshot 2023-04-07 at 00.25.48.png',2,2,'2023-04-20 00:30:00','2023-04-20 00:30:00','0b727b5c-14a5-4148-9d24-97468ea4c2a2','0b727b5c-14a5-4148-9d24-97468ea4c2a2',NULL,'+10','change national',NULL,NULL,NULL,'2ed91309-e907-4eb0-9747-91ce112fee8e'),(100,'c0c9f4ee-5e50-4399-896b-50e4bad64c61','RQ000000100','asfasf',NULL,'3494456455',57,'we4339dwegds43re','esports/e77e4430-e984-418f-b4a7-3c0874a94fa3__Screeshot 2023-04-07 at 00.25.48.png','engbassedsmsalama@gmail.com','dslkfjdsalkf','بشسيبشس','esports/20329377-1776-451f-9448-c0a1ff92abe8__Screeshot 2023-04-07 at 00.25.48.png','3424323424','esports/ac5e64c8-1f4d-451c-9678-671bbc63687__Screenshot 2023-04-07 at 00.25.48.png',1681998000000,'SA3477325944793242342324','esports/da0f0602-8373-4789-8a7b-e24a0ed6208__Screenshot 2023-04-07 at 00.25.48.png',2,2,'2023-04-20 00:30:37','2023-04-20 00:30:37','0b727b5c-14a5-4148-9d24-97468ea4c2a2','0b727b5c-14a5-4148-9d24-97468ea4c2a2',NULL,'+10','change nation to egy',NULL,NULL,NULL,'2ed91309-e907-4eb0-9747-91ce112fee8e'),(101,'f08d0991-c685-44b5-b743-eee6e3e166d0','RQ000000101','asfasf',NULL,'3494456455',57,'we4339dwegds43re','esports/e77e4430-e984-418f-b4a7-3c0874a94fa3__Screeshot 2023-04-07 at 00.25.48.png','engbassedsmsalama@gmail.com','dslkfjdsalkfdsf','بشسيبشس','esports/20329377-1776-451f-9448-c0a1ff92abe8__Screeshot 2023-04-07 at 00.25.48.png','3424323424','esports/ac5e64c8-1f4d-451c-9678-671bbc63687__Screenshot 2023-04-07 at 00.25.48.png',1681998000000,'SA3477325944793242342324','esports/da0f0602-8373-4789-8a7b-e24a0ed6208__Screenshot 2023-04-07 at 00.25.48.png',2,2,'2023-04-20 00:38:00','2023-04-20 00:38:00','0b727b5c-14a5-4148-9d24-97468ea4c2a2','0b727b5c-14a5-4148-9d24-97468ea4c2a2',NULL,'+10','asdfa',NULL,NULL,NULL,'2ed91309-e907-4eb0-9747-91ce112fee8e'),(102,'def058b2-b355-4b7f-805a-a5f2590c37e2','RQ000000102','jjjjjjjjhujj',NULL,'564899435',4,'444448','esports/2a4da3f0-44c6-4499-9ad5-956dbcc88753__jpg.jpg','yyyyyyyyyyuuuuuuuuuuuuu@dsdsd.com','kareem yousry abd','يبلللبببببب','esports/758c8d2e-b604-45cb-a2ce-ef9942310a57__jpg.jpg','4243488889','esports/5551e29c-1021-4eb3-b4b5-a14a1ad38374__jpg.jpg',1682546400000,'SA3444444455777775555555','esports/27a1f6f6-eb1d-4cfd-b174-18a87a7262a5__jpg.jpg',2,2,'2023-04-20 03:15:44','2023-04-20 03:15:44','3d6f3253-d2a6-436d-ad8b-62f55ecd396a','3d6f3253-d2a6-436d-ad8b-62f55ecd396a',NULL,'+966','ewqewq',NULL,NULL,NULL,'5aacf8de-2e0c-472f-b3c7-0495c5fb11ae'),(105,'e9e1b272-c30d-4742-b528-9d127e14694b','RQ000000105','dsafsafas',NULL,'359756458',2,'4241421423','esports/e77e4430-e984-418f-b4a7-3c0874a94fa3__Screeshot 2023-04-07 at 00.25.48.png','newclubows@mailinator.com','asdfasfaf','شسيبسش','esports/4a47b533-bc08-4f93-98d2-ddb68a016a6b__Screenshot 2023-04-14 at 03.39.19.png','3124443967','esports/ac5e64c8-1f4d-451c-9678-671bbc63687__Screenshot 2023-04-07 at 00.25.48.png',1681998000000,'SA2323232332323232332232','esports/da0f0602-8373-4789-8a7b-e24a0ed6208__Screenshot 2023-04-07 at 00.25.48.png',2,2,'2023-04-20 04:08:19','2023-04-20 04:08:19','143960ef-65f9-4eb8-9906-b12d3535f2e1','143960ef-65f9-4eb8-9906-b12d3535f2e1',NULL,'+10','dsgfsd',NULL,NULL,NULL,'6f9b9624-cb61-43e1-91d5-0c93da2ae8b1'),(106,'0e042cd9-274a-448e-9f21-9139f6abe41e','RQ000000106','dsafsafas',NULL,'359756499',2,'4241421423','esports/e77e4430-e984-418f-b4a7-3c0874a94fa3__Screeshot 2023-04-07 at 00.25.48.png','newclubows@mailinator.com','asdfasfaf','شسيبسش','esports/4a47b533-bc08-4f93-98d2-ddb68a016a6b__Screenshot 2023-04-14 at 03.39.19.png','3124443967','esports/ac5e64c8-1f4d-451c-9678-671bbc63687__Screenshot 2023-04-07 at 00.25.48.png',1681998000000,'SA2323232332323232332232','esports/da0f0602-8373-4789-8a7b-e24a0ed6208__Screenshot 2023-04-07 at 00.25.48.png',2,2,'2023-04-20 04:24:40','2023-04-20 04:24:40','143960ef-65f9-4eb8-9906-b12d3535f2e1','143960ef-65f9-4eb8-9906-b12d3535f2e1',NULL,'+213','dfghjkl',NULL,NULL,NULL,'6f9b9624-cb61-43e1-91d5-0c93da2ae8b1'),(107,'a32dba5e-6619-4814-835f-b879dd45ddbe','RQ000000107','dsafsafasdff',NULL,'359756411',2,'4241421423','esports/e77e4430-e984-418f-b4a7-3c0874a94fa3__Screeshot 2023-04-07 at 00.25.48.png','newclubows@mailinator.com','asdfasfaf','شسيبسش','esports/4a47b533-bc08-4f93-98d2-ddb68a016a6b__Screenshot 2023-04-14 at 03.39.19.png','3124443967','esports/ac5e64c8-1f4d-451c-9678-671bbc63687__Screenshot 2023-04-07 at 00.25.48.png',1681998000000,'SA2323232332323232332232','esports/da0f0602-8373-4789-8a7b-e24a0ed6208__Screenshot 2023-04-07 at 00.25.48.png',2,2,'2023-04-20 04:39:08','2023-04-20 04:39:08','143960ef-65f9-4eb8-9906-b12d3535f2e1','143960ef-65f9-4eb8-9906-b12d3535f2e1',NULL,'+355','dfasfda',NULL,NULL,NULL,'6f9b9624-cb61-43e1-91d5-0c93da2ae8b1'),(108,'38946632-5438-41cb-b0ab-8258eb3a188d','RQ000000108','dsafsafasdff',NULL,'359756422',2,'4241421423','esports/e77e4430-e984-418f-b4a7-3c0874a94fa3__Screeshot 2023-04-07 at 00.25.48.png','newclubows@mailinator.com','asdfasfaf','شسيبسش','esports/4a47b533-bc08-4f93-98d2-ddb68a016a6b__Screenshot 2023-04-14 at 03.39.19.png','3124443967','esports/ac5e64c8-1f4d-451c-9678-671bbc63687__Screenshot 2023-04-07 at 00.25.48.png',1681998000000,'SA2323232332323232332232','esports/da0f0602-8373-4789-8a7b-e24a0ed6208__Screenshot 2023-04-07 at 00.25.48.png',2,2,'2023-04-20 04:48:24','2023-04-20 04:48:24','143960ef-65f9-4eb8-9906-b12d3535f2e1','143960ef-65f9-4eb8-9906-b12d3535f2e1',NULL,'+213','safasadf',NULL,NULL,NULL,'6f9b9624-cb61-43e1-91d5-0c93da2ae8b1'),(109,'e439f01d-4ee0-41ec-9ef1-f443c3ea9464','RQ000000109','dsafsafasdff',NULL,'359756422',2,'4241421423','esports/e77e4430-e984-418f-b4a7-3c0874a94fa3__Screeshot 2023-04-07 at 00.25.48.png','newclubows@mailinator.com','asdfasfaffdsa','شسيبسش','esports/4a47b533-bc08-4f93-98d2-ddb68a016a6b__Screenshot 2023-04-14 at 03.39.19.png','3124443967','esports/ac5e64c8-1f4d-451c-9678-671bbc63687__Screenshot 2023-04-07 at 00.25.48.png',1681998000000,'SA2323232332323232332232','esports/da0f0602-8373-4789-8a7b-e24a0ed6208__Screenshot 2023-04-07 at 00.25.48.png',2,2,'2023-04-20 04:57:25','2023-04-20 04:57:25','143960ef-65f9-4eb8-9906-b12d3535f2e1','143960ef-65f9-4eb8-9906-b12d3535f2e1',NULL,'+213','asfdsadfa',NULL,NULL,NULL,'6f9b9624-cb61-43e1-91d5-0c93da2ae8b1'),(110,'01a7eed4-9b37-432d-a1e7-222222a45306','RQ000000110','dsafsafasdff',NULL,'359756443',2,'4241421423','esports/e77e4430-e984-418f-b4a7-3c0874a94fa3__Screeshot 2023-04-07 at 00.25.48.png','newclubows@mailinator.com','asdfasfaffdsa','شسيبسش','esports/4a47b533-bc08-4f93-98d2-ddb68a016a6b__Screenshot 2023-04-14 at 03.39.19.png','3124443967','esports/ac5e64c8-1f4d-451c-9678-671bbc63687__Screenshot 2023-04-07 at 00.25.48.png',1681998000000,'SA2323232332323232332232','esports/da0f0602-8373-4789-8a7b-e24a0ed6208__Screenshot 2023-04-07 at 00.25.48.png',2,2,'2023-04-20 05:03:42','2023-04-20 05:03:42','143960ef-65f9-4eb8-9906-b12d3535f2e1','143960ef-65f9-4eb8-9906-b12d3535f2e1',NULL,'+355','jhjhghjgh',NULL,NULL,NULL,'6f9b9624-cb61-43e1-91d5-0c93da2ae8b1'),(111,'0477482c-1a55-4c54-ae2c-d6e519514e12','RQ000000111','dsafsafasdff',NULL,'359756445',2,'4241421423','esports/e77e4430-e984-418f-b4a7-3c0874a94fa3__Screeshot 2023-04-07 at 00.25.48.png','newclubows@mailinator.com','asdfasfaffdsa','شسيبسشيسي','esports/4a47b533-bc08-4f93-98d2-ddb68a016a6b__Screenshot 2023-04-14 at 03.39.19.png','3124443967','esports/ac5e64c8-1f4d-451c-9678-671bbc63687__Screenshot 2023-04-07 at 00.25.48.png',1681998000000,'SA2323232332323232332232','esports/da0f0602-8373-4789-8a7b-e24a0ed6208__Screenshot 2023-04-07 at 00.25.48.png',2,5,'2023-04-20 05:09:25','2023-04-20 05:09:25','143960ef-65f9-4eb8-9906-b12d3535f2e1','143960ef-65f9-4eb8-9906-b12d3535f2e1',NULL,'+213','rghjkl',0,NULL,0,'6f9b9624-cb61-43e1-91d5-0c93da2ae8b1'),(112,'c9254b09-4783-416c-a26c-5c9292b886c0','RQ000000112','jjjjjjjjhujj',NULL,'564899435',4,'444448','esports/2a4da3f0-44c6-4499-9ad5-956dbcc88753__jpg.jpg','yyyyyyyyyyuuuuuuuuuuuuu@dsdsd.com','kareem yousry ab','يبلللبببببب','esports/758c8d2e-b604-45cb-a2ce-ef9942310a57__jpg.jpg','4243488889','esports/5551e29c-1021-4eb3-b4b5-a14a1ad38374__jpg.jpg',1682546400000,'SA3444444455777775555555','esports/27a1f6f6-eb1d-4cfd-b174-18a87a7262a5__jpg.jpg',2,6,'2023-04-20 12:52:28','2023-04-20 12:52:28','3d6f3253-d2a6-436d-ad8b-62f55ecd396a','3d6f3253-d2a6-436d-ad8b-62f55ecd396a',NULL,'+966','y',NULL,NULL,NULL,'5aacf8de-2e0c-472f-b3c7-0495c5fb11ae'),(113,'9b4c5518-b2aa-4611-a18d-d0be54e2c41c','RQ000000113','jjjjjjjjhujj',NULL,'564899435',4,'444448','esports/2a4da3f0-44c6-4499-9ad5-956dbcc88753__jpg.jpg','yyyyyyyyyyuuuuuuuuuuuuu@dsdsd.com','kareem yousry abh','يبلللبببببب','esports/758c8d2e-b604-45cb-a2ce-ef9942310a57__jpg.jpg','4243488889','esports/5551e29c-1021-4eb3-b4b5-a14a1ad38374__jpg.jpg',1682546400000,'SA3444444455777775555555','esports/27a1f6f6-eb1d-4cfd-b174-18a87a7262a5__jpg.jpg',2,6,'2023-04-20 14:17:59','2023-04-20 14:17:59','3d6f3253-d2a6-436d-ad8b-62f55ecd396a','3d6f3253-d2a6-436d-ad8b-62f55ecd396a',NULL,'+966','test',NULL,NULL,NULL,'5aacf8de-2e0c-472f-b3c7-0495c5fb11ae'),(114,'f82f0a0d-35e1-4c02-ab08-34417ad65545','RQ000000114','jjjjjjjjhujj',NULL,'564899435',4,'444448','esports/2a4da3f0-44c6-4499-9ad5-956dbcc88753__jpg.jpg','yyyyyyyyyyuuuuuuuuuuuuu@dsdsd.com','kareem yousry a','يبلللبببببب','esports/758c8d2e-b604-45cb-a2ce-ef9942310a57__jpg.jpg','4243488889','esports/5551e29c-1021-4eb3-b4b5-a14a1ad38374__jpg.jpg',1682546400000,'SA3444444455777775555555','esports/27a1f6f6-eb1d-4cfd-b174-18a87a7262a5__jpg.jpg',2,6,'2023-04-20 17:46:04','2023-04-20 17:46:04','3d6f3253-d2a6-436d-ad8b-62f55ecd396a','3d6f3253-d2a6-436d-ad8b-62f55ecd396a',NULL,'+966','ddd',NULL,NULL,NULL,'5aacf8de-2e0c-472f-b3c7-0495c5fb11ae'),(115,'8aa74067-c3b7-4e2f-8cec-483692ad5dd2','RQ000000115','jjjjjjjjhujj',NULL,'564899435',4,'444448','esports/2a4da3f0-44c6-4499-9ad5-956dbcc88753__jpg.jpg','yyyyyyyyyyuuuuuuuuuuuuu@dsdsd.com','kareem yousry abs','يبلللبببببب','esports/758c8d2e-b604-45cb-a2ce-ef9942310a57__jpg.jpg','4243488889','esports/5551e29c-1021-4eb3-b4b5-a14a1ad38374__jpg.jpg',1683147600000,'SA3444444455777775555555','esports/27a1f6f6-eb1d-4cfd-b174-18a87a7262a5__jpg.jpg',2,6,'2023-04-25 14:36:47','2023-04-25 14:36:47','3d6f3253-d2a6-436d-ad8b-62f55ecd396a','3d6f3253-d2a6-436d-ad8b-62f55ecd396a',NULL,'+966','tsdsa',NULL,NULL,NULL,'5aacf8de-2e0c-472f-b3c7-0495c5fb11ae'),(116,'e84ab6f5-c812-4dfc-8766-6b944939b029','RQ000000116','kareem y',NULL,'564899435',4,'444448','esports/2a4da3f0-44c6-4499-9ad5-956dbcc88753__jpg.jpg','yyyyyyyyyyuuuuuuuuuuuuu@dsdsd.com','kareem yousry abd dsda','يبلللبببببب بب','esports/758c8d2e-b604-45cb-a2ce-ef9942310a57__jpg.jpg','4243488889','esports/5551e29c-1021-4eb3-b4b5-a14a1ad38374__jpg.jpg',1683752400000,'SA3444444455777775555555','esports/27a1f6f6-eb1d-4cfd-b174-18a87a7262a5__jpg.jpg',2,6,'2023-04-25 14:44:17','2023-04-25 14:44:17','3d6f3253-d2a6-436d-ad8b-62f55ecd396a','3d6f3253-d2a6-436d-ad8b-62f55ecd396a',NULL,'+966','vdsf',NULL,NULL,NULL,'5aacf8de-2e0c-472f-b3c7-0495c5fb11ae'),(117,'b9c5817a-35c4-4351-b198-81322463a8a5','RQ000000117','jjjjjjjjhujj',NULL,'564899435',4,'444448','esports/2a4da3f0-44c6-4499-9ad5-956dbcc88753__jpg.jpg','yyyyyyyyyyuuuuuuuuuuuuu@dsdsd.com','kareem yousry abd f','يبلللبببببب','esports/758c8d2e-b604-45cb-a2ce-ef9942310a57__jpg.jpg','4243488889','esports/5551e29c-1021-4eb3-b4b5-a14a1ad38374__jpg.jpg',1682546400000,'SA3444444455777775555555','esports/27a1f6f6-eb1d-4cfd-b174-18a87a7262a5__jpg.jpg',2,6,'2023-04-26 02:07:15','2023-04-26 02:07:15','3d6f3253-d2a6-436d-ad8b-62f55ecd396a','3d6f3253-d2a6-436d-ad8b-62f55ecd396a',NULL,'+966','d',NULL,NULL,NULL,'5aacf8de-2e0c-472f-b3c7-0495c5fb11ae'),(118,'d47c5e37-6102-4e44-9d56-1c1b39cf11cc','RQ000000118','jjjjjjjjhujj',NULL,'564899435',4,'444448','esports/2a4da3f0-44c6-4499-9ad5-956dbcc88753__jpg.jpg','yyyyyyyyyyuuuuuuuuuuuuu@dsdsd.com','kareem yousry dabd','يبلللبببببب','esports/758c8d2e-b604-45cb-a2ce-ef9942310a57__jpg.jpg','4243488889','esports/5551e29c-1021-4eb3-b4b5-a14a1ad38374__jpg.jpg',1682546400000,'SA3444444455777775555555','esports/27a1f6f6-eb1d-4cfd-b174-18a87a7262a5__jpg.jpg',2,3,'2023-04-26 04:19:35','2023-04-26 04:19:35','3d6f3253-d2a6-436d-ad8b-62f55ecd396a','3d6f3253-d2a6-436d-ad8b-62f55ecd396a',NULL,'+966','d',NULL,NULL,NULL,'5aacf8de-2e0c-472f-b3c7-0495c5fb11ae'),(119,'0bf86bb2-19a1-4549-8018-45ab8d8fd8f1','RQ000000119','asfasf',NULL,'3494456455',2,'3424523','esports/e77e4430-e984-418f-b4a7-3c0874a94fa3__Screeshot 2023-04-07 at 00.25.48.png','engbassedsmsalama@gmail.com','update admin','شيبشسيبسش','esports/20329377-1776-451f-9448-c0a1ff92abe8__Screeshot 2023-04-07 at 00.25.48.png','3424323424','esports/ac5e64c8-1f4d-451c-9678-671bbc63687__Screenshot 2023-04-07 at 00.25.48.png',1867611600000,'SA3477325944793242342324','esports/da0f0602-8373-4789-8a7b-e24a0ed6208__Screenshot 2023-04-07 at 00.25.48.png',2,5,'2023-04-29 23:25:46','2023-04-29 23:25:46','cd2e7507-38b5-43b1-8b76-f9fe8d1730f3','cd2e7507-38b5-43b1-8b76-f9fe8d1730f3',NULL,'+10','ldkfjdaslkfdaksf',0,NULL,0,'2ed91309-e907-4eb0-9747-91ce112fee8e'),(120,'309f4bfa-ed19-4f23-adb6-5a0029205efd','RQ000000120','asfasf',NULL,'3494456455',2,'we4339dwegds43re','esports/e77e4430-e984-418f-b4a7-3c0874a94fa3__Screeshot 2023-04-07 at 00.25.48.png','engbassedsmsalama@gmail.com','admin update','بشسيبشس','esports/20329377-1776-451f-9448-c0a1ff92abe8__Screeshot 2023-04-07 at 00.25.48.png','3424323424','esports/ac5e64c8-1f4d-451c-9678-671bbc63687__Screenshot 2023-04-07 at 00.25.48.png',1867525200000,'SA3477325944793242342324','esports/da0f0602-8373-4789-8a7b-e24a0ed6208__Screenshot 2023-04-07 at 00.25.48.png',2,2,'2023-04-29 23:45:57','2023-04-29 23:45:57','cd2e7507-38b5-43b1-8b76-f9fe8d1730f3','cd2e7507-38b5-43b1-8b76-f9fe8d1730f3',NULL,'+10','updae admin',NULL,NULL,NULL,'2ed91309-e907-4eb0-9747-91ce112fee8e'),(121,'382a2325-b024-4c22-9477-58d61370020f','RQ000000121','asfasf',NULL,'434345343',2,'4444444444','esports/e77e4430-e984-418f-b4a7-3c0874a94fa3__Screeshot 2023-04-07 at 00.25.48.png','engbassedsmsalama@gmail.com','admin updatess','بشسيبشس','esports/20329377-1776-451f-9448-c0a1ff92abe8__Screeshot 2023-04-07 at 00.25.48.png','3424323424','esports/ac5e64c8-1f4d-451c-9678-671bbc63687__Screenshot 2023-04-07 at 00.25.48.png',1867525200000,'SA3477325944793242342324','esports/da0f0602-8373-4789-8a7b-e24a0ed6208__Screenshot 2023-04-07 at 00.25.48.png',2,6,'2023-04-30 13:21:30','2023-04-30 13:21:30','0b727b5c-14a5-4148-9d24-97468ea4c2a2','0b727b5c-14a5-4148-9d24-97468ea4c2a2',NULL,'+10','dasfd',NULL,NULL,NULL,'2ed91309-e907-4eb0-9747-91ce112fee8e'),(122,'3af49d3c-223a-4d7f-8d8e-1907b5d4033a','RQ000000122','asfasf',NULL,'3494456455',2,'4234234','esports/e77e4430-e984-418f-b4a7-3c0874a94fa3__Screeshot 2023-04-07 at 00.25.48.png','engbassedsmsalama@gmail.com','admin updates','بشسيبشس','esports/20329377-1776-451f-9448-c0a1ff92abe8__Screeshot 2023-04-07 at 00.25.48.png','3424323424','esports/ac5e64c8-1f4d-451c-9678-671bbc63687__Screenshot 2023-04-07 at 00.25.48.png',1867525200000,'SA3477325944793242342324','esports/da0f0602-8373-4789-8a7b-e24a0ed6208__Screenshot 2023-04-07 at 00.25.48.png',2,2,'2023-05-01 19:17:33','2023-05-01 19:17:33','cd2e7507-38b5-43b1-8b76-f9fe8d1730f3','cd2e7507-38b5-43b1-8b76-f9fe8d1730f3',NULL,'+10','sadf',NULL,NULL,NULL,'2ed91309-e907-4eb0-9747-91ce112fee8e'),(123,'a5ffe82d-ea5c-4754-817c-5cee190d078b','RQ000000123','asfasf',NULL,'3494456455',2,'43523','esports/e77e4430-e984-418f-b4a7-3c0874a94fa3__Screeshot 2023-04-07 at 00.25.48.png','engbassedsmsalama@gmail.com','admin udspdates','بشسيبشس','esports/20329377-1776-451f-9448-c0a1ff92abe8__Screeshot 2023-04-07 at 00.25.48.png','3424323424','esports/ac5e64c8-1f4d-451c-9678-671bbc63687__Screenshot 2023-04-07 at 00.25.48.png',1867525200000,'SA3477325944793242342324','esports/da0f0602-8373-4789-8a7b-e24a0ed6208__Screenshot 2023-04-07 at 00.25.48.png',2,6,'2023-05-03 07:46:13','2023-05-03 07:46:13','0b727b5c-14a5-4148-9d24-97468ea4c2a2','0b727b5c-14a5-4148-9d24-97468ea4c2a2',NULL,'+10','jkjkdf',NULL,NULL,NULL,'2ed91309-e907-4eb0-9747-91ce112fee8e'),(124,'4af912cf-abb8-4efa-a717-2d1e2d43f88d','RQ000000124','asfasf',NULL,'3494456455',2,'4234234','esports/e77e4430-e984-418f-b4a7-3c0874a94fa3__Screeshot 2023-04-07 at 00.25.48.png','engbassedsmsalama@gmail.com','admin updatess','بشسيبشس','esports/20329377-1776-451f-9448-c0a1ff92abe8__Screeshot 2023-04-07 at 00.25.48.png','3424323424','esports/ac5e64c8-1f4d-451c-9678-671bbc63687__Screenshot 2023-04-07 at 00.25.48.png',1867525200000,'SA3477325944793242342324','esports/da0f0602-8373-4789-8a7b-e24a0ed6208__Screenshot 2023-04-07 at 00.25.48.png',2,6,'2023-05-03 08:13:00','2023-05-03 08:13:00','cd2e7507-38b5-43b1-8b76-f9fe8d1730f3','cd2e7507-38b5-43b1-8b76-f9fe8d1730f3',NULL,'+10','asdfa',NULL,NULL,NULL,'2ed91309-e907-4eb0-9747-91ce112fee8e'),(125,'1f96976e-da41-4ec9-b9b7-f8e346acf9c7','RQ000000125','asfasf',NULL,'3494456455',2,'4234234','esports/e77e4430-e984-418f-b4a7-3c0874a94fa3__Screeshot 2023-04-07 at 00.25.48.png','engbassedsmsalama@gmail.com','admin updatesss','بشسيبشس','esports/20329377-1776-451f-9448-c0a1ff92abe8__Screeshot 2023-04-07 at 00.25.48.png','3424323424','esports/ac5e64c8-1f4d-451c-9678-671bbc63687__Screenshot 2023-04-07 at 00.25.48.png',1867525200000,'SA3477325944793242342324','esports/da0f0602-8373-4789-8a7b-e24a0ed6208__Screenshot 2023-04-07 at 00.25.48.png',2,5,'2023-05-03 14:18:59','2023-05-03 14:18:59','cd2e7507-38b5-43b1-8b76-f9fe8d1730f3','cd2e7507-38b5-43b1-8b76-f9fe8d1730f3',NULL,'+10','dsada',0,NULL,0,'2ed91309-e907-4eb0-9747-91ce112fee8e'),(126,'d56f4e45-4918-4c30-abc9-4c4b9e93bb0e','RQ000000126','asfasf',NULL,'3494456455',2,'4234234','esports/e77e4430-e984-418f-b4a7-3c0874a94fa3__Screeshot 2023-04-07 at 00.25.48.png','engbassedsmsalama@gmail.com','admin updatesss','بشسيبشس','esports/20329377-1776-451f-9448-c0a1ff92abe8__Screeshot 2023-04-07 at 00.25.48.png','3424323424','esports/ac5e64c8-1f4d-451c-9678-671bbc63687__Screenshot 2023-04-07 at 00.25.48.png',1867525200000,'SA3477325944793242342324','esports/da0f0602-8373-4789-8a7b-e24a0ed6208__Screenshot 2023-04-07 at 00.25.48.png',2,5,'2023-05-03 14:30:03','2023-05-03 14:30:03','cd2e7507-38b5-43b1-8b76-f9fe8d1730f3','cd2e7507-38b5-43b1-8b76-f9fe8d1730f3',NULL,'+10','sdfs',0,NULL,0,'2ed91309-e907-4eb0-9747-91ce112fee8e'),(127,'3b50063c-8e08-4a77-8e88-cd6719422de5','RQ000000127','asfasf',NULL,'3494456455',2,'4234234','esports/e77e4430-e984-418f-b4a7-3c0874a94fa3__Screeshot 2023-04-07 at 00.25.48.png','engbassedsmsalama@gmail.com','admin updates','بشسيبشس','esports/20329377-1776-451f-9448-c0a1ff92abe8__Screeshot 2023-04-07 at 00.25.48.png','3424323424','esports/ac5e64c8-1f4d-451c-9678-671bbc63687__Screenshot 2023-04-07 at 00.25.48.png',1867525200000,'SA3477325944793242342324','esports/da0f0602-8373-4789-8a7b-e24a0ed6208__Screenshot 2023-04-07 at 00.25.48.png',2,2,'2023-05-03 16:19:05','2023-05-03 16:19:05','0b727b5c-14a5-4148-9d24-97468ea4c2a2','0b727b5c-14a5-4148-9d24-97468ea4c2a2',NULL,'+44','dsfasf',NULL,NULL,NULL,'2ed91309-e907-4eb0-9747-91ce112fee8e'),(128,'bae0be55-b880-46ed-b580-fb4c13d2a27a','RQ000000128','asfasf',NULL,'3494456455',2,'4234234','esports/e77e4430-e984-418f-b4a7-3c0874a94fa3__Screeshot 2023-04-07 at 00.25.48.png','engbassedsmsalama@gmail.com','admin updatess','بشسيبشس','esports/20329377-1776-451f-9448-c0a1ff92abe8__Screeshot 2023-04-07 at 00.25.48.png','3424323424','esports/ac5e64c8-1f4d-451c-9678-671bbc63687__Screenshot 2023-04-07 at 00.25.48.png',1867525200000,'SA3477325944793242342324','esports/da0f0602-8373-4789-8a7b-e24a0ed6208__Screenshot 2023-04-07 at 00.25.48.png',2,6,'2023-05-03 16:35:59','2023-05-03 16:35:59','0b727b5c-14a5-4148-9d24-97468ea4c2a2','0b727b5c-14a5-4148-9d24-97468ea4c2a2',NULL,'+44','asfdsf',NULL,NULL,NULL,'2ed91309-e907-4eb0-9747-91ce112fee8e'),(129,'e9f59a0a-ff8a-473d-a9f1-c6ab1998fc67','RQ000000129','asfasf',NULL,'3494456455',2,'4234234','esports/e77e4430-e984-418f-b4a7-3c0874a94fa3__Screeshot 2023-04-07 at 00.25.48.png','engbassedsmsalama@gmail.com','admin updatess','بشسيبشس','esports/20329377-1776-451f-9448-c0a1ff92abe8__Screeshot 2023-04-07 at 00.25.48.png','3424323424','esports/ac5e64c8-1f4d-451c-9678-671bbc63687__Screenshot 2023-04-07 at 00.25.48.png',1867525200000,'SA3477325944793242342324','esports/da0f0602-8373-4789-8a7b-e24a0ed6208__Screenshot 2023-04-07 at 00.25.48.png',2,6,'2023-05-03 17:46:21','2023-05-03 17:46:21','cd2e7507-38b5-43b1-8b76-f9fe8d1730f3','cd2e7507-38b5-43b1-8b76-f9fe8d1730f3',NULL,'+44','adfa',NULL,NULL,NULL,'2ed91309-e907-4eb0-9747-91ce112fee8e'),(130,'a18f32ec-c679-4f1e-b815-219dbd28a818','RQ000000130','asfasf',NULL,'3494456455',2,'4234234','esports/e77e4430-e984-418f-b4a7-3c0874a94fa3__Screeshot 2023-04-07 at 00.25.48.png','engbassedsmsalama@gmail.com','admin updatess','بشسيبشس','esports/20329377-1776-451f-9448-c0a1ff92abe8__Screeshot 2023-04-07 at 00.25.48.png','3424323424','esports/ac5e64c8-1f4d-451c-9678-671bbc63687__Screenshot 2023-04-07 at 00.25.48.png',1867525200000,'SA3477325944793242342324','esports/da0f0602-8373-4789-8a7b-e24a0ed6208__Screenshot 2023-04-07 at 00.25.48.png',2,6,'2023-05-03 17:47:05','2023-05-03 17:47:05','0b727b5c-14a5-4148-9d24-97468ea4c2a2','0b727b5c-14a5-4148-9d24-97468ea4c2a2',NULL,'+44','sdasf',NULL,NULL,NULL,'2ed91309-e907-4eb0-9747-91ce112fee8e'),(131,'c76f3214-4856-4c93-9fe4-87aa46f2f264','RQ000000131','asfasf',NULL,'3494456455',2,'4234234','esports/e77e4430-e984-418f-b4a7-3c0874a94fa3__Screeshot 2023-04-07 at 00.25.48.png','engbassedsmsalama@gmail.com','admin updatess','بشسيبشس','esports/20329377-1776-451f-9448-c0a1ff92abe8__Screeshot 2023-04-07 at 00.25.48.png','3424323424','esports/ac5e64c8-1f4d-451c-9678-671bbc63687__Screenshot 2023-04-07 at 00.25.48.png',1867525200000,'SA3477325944793242342324','esports/da0f0602-8373-4789-8a7b-e24a0ed6208__Screenshot 2023-04-07 at 00.25.48.png',2,6,'2023-05-04 14:06:18','2023-05-04 14:06:18','cd2e7507-38b5-43b1-8b76-f9fe8d1730f3','cd2e7507-38b5-43b1-8b76-f9fe8d1730f3',NULL,'+44','dsfa',NULL,NULL,NULL,'2ed91309-e907-4eb0-9747-91ce112fee8e'),(132,'bf5536c8-f42e-4c7a-abca-97549b6b571d','RQ000000132','asfasf',NULL,'3494456455',2,'4234234','esports/e77e4430-e984-418f-b4a7-3c0874a94fa3__Screeshot 2023-04-07 at 00.25.48.png','engbassedsmsalama@gmail.com','admin updatess','بشسيبشس','esports/20329377-1776-451f-9448-c0a1ff92abe8__Screeshot 2023-04-07 at 00.25.48.png','3424323424','esports/ac5e64c8-1f4d-451c-9678-671bbc63687__Screenshot 2023-04-07 at 00.25.48.png',1867525200000,'SA3477325944793242342324','esports/da0f0602-8373-4789-8a7b-e24a0ed6208__Screenshot 2023-04-07 at 00.25.48.png',2,6,'2023-05-04 14:16:19','2023-05-04 14:16:19','0b727b5c-14a5-4148-9d24-97468ea4c2a2','0b727b5c-14a5-4148-9d24-97468ea4c2a2',NULL,'+44','sadfsa',NULL,NULL,NULL,'2ed91309-e907-4eb0-9747-91ce112fee8e'),(134,'8037f9e8-ced6-43c1-8b85-cb5020041849','RQ000000134','asfasf',NULL,'3494456455',2,'4234234','esports/e77e4430-e984-418f-b4a7-3c0874a94fa3__Screeshot 2023-04-07 at 00.25.48.png','engbassedsmsalama@gmail.com','admin updatess','بشسيبشس','esports/20329377-1776-451f-9448-c0a1ff92abe8__Screeshot 2023-04-07 at 00.25.48.png','3424323424','esports/ac5e64c8-1f4d-451c-9678-671bbc63687__Screenshot 2023-04-07 at 00.25.48.png',1867525200000,'SA3477325944793242342324','esports/da0f0602-8373-4789-8a7b-e24a0ed6208__Screenshot 2023-04-07 at 00.25.48.png',2,2,'2023-05-04 16:14:05','2023-05-04 16:14:05','0b727b5c-14a5-4148-9d24-97468ea4c2a2','0b727b5c-14a5-4148-9d24-97468ea4c2a2',NULL,'+44','asdfsa',NULL,NULL,NULL,'2ed91309-e907-4eb0-9747-91ce112fee8e'),(135,'cf53bbb0-32be-4165-9b18-64f88a2b4396','RQ000000135','asfasf',NULL,'3494456455',2,'4234234','esports/e77e4430-e984-418f-b4a7-3c0874a94fa3__Screeshot 2023-04-07 at 00.25.48.png','engbassedsmsalama@gmail.com','admin updatess','بشسيبشس','esports/20329377-1776-451f-9448-c0a1ff92abe8__Screeshot 2023-04-07 at 00.25.48.png','3424323424','esports/ac5e64c8-1f4d-451c-9678-671bbc63687__Screenshot 2023-04-07 at 00.25.48.png',1867525200000,'SA3477325944793242342324','esports/da0f0602-8373-4789-8a7b-e24a0ed6208__Screenshot 2023-04-07 at 00.25.48.png',2,2,'2023-05-04 16:15:09','2023-05-04 16:15:09','0b727b5c-14a5-4148-9d24-97468ea4c2a2','0b727b5c-14a5-4148-9d24-97468ea4c2a2',NULL,'+673','sdfs',NULL,NULL,NULL,'2ed91309-e907-4eb0-9747-91ce112fee8e'),(136,'3ec55f01-4712-4790-9327-92d87253c22a','RQ000000136','asfasf',NULL,'3494456455',2,'4234234','esports/e77e4430-e984-418f-b4a7-3c0874a94fa3__Screeshot 2023-04-07 at 00.25.48.png','engbassedsmsalama@gmail.com','admin updatessss','بشسيبشس','esports/20329377-1776-451f-9448-c0a1ff92abe8__Screeshot 2023-04-07 at 00.25.48.png','3424323424','esports/ac5e64c8-1f4d-451c-9678-671bbc63687__Screenshot 2023-04-07 at 00.25.48.png',1867525200000,'SA3477325944793242342324','esports/da0f0602-8373-4789-8a7b-e24a0ed6208__Screenshot 2023-04-07 at 00.25.48.png',2,2,'2023-05-04 16:51:24','2023-05-04 16:51:24','0b727b5c-14a5-4148-9d24-97468ea4c2a2','0b727b5c-14a5-4148-9d24-97468ea4c2a2',NULL,'+359','fghjk',NULL,NULL,NULL,'2ed91309-e907-4eb0-9747-91ce112fee8e'),(137,'c95ce2fa-de03-47a1-8232-2362924d4cdd','RQ000000137','IZbbiuDtLiKQkPJotmdk','MALE','181785379',58,'619624454','file00007244','gcuSd@clubowner.com','IBYAQnuGflnWsLEaqCfp','ا هي','file00007246','10000059593','file00007247',1769173492000,'SA1000671709607916566216','file00007248',1,2,'2023-05-08 14:06:57','2023-05-08 14:06:57',NULL,NULL,'6e9f2eca-bb76-4f28-998f-c26fc9b99b96','+20',NULL,NULL,1,NULL,NULL),(138,'5e497ad5-1aef-4cfc-a575-4e2ee179a6bf','RQ000000138','mahmoud','MALE','514236152',2,'12312','esports/d6a13559-ade4-47cf-9f07-7c390d1afa70__Screenshot from 2023-05-09 14-31-06.png','mahmoud@esports.com','asdas','يسس','esports/df2dbbc0-3f41-4efe-8210-be13aad4fee6__Screenshot from 2023-05-09 14-37-47.png','6542133454','esports/2e5125a2-3ea8-4166-97bb-b1ca54603b63__Screenshot from 2023-05-03 18-06-42.png',1684357200000,'SA3123123133121231213213','esports/d5deb6a0-8f24-4ad8-a11e-7d18d4123494__Screenshot from 2023-05-03 17-31-12.png',1,1,'2023-05-11 19:22:55','2023-05-11 19:22:55',NULL,NULL,'f7a23080-8894-4a10-b9c0-89e48069f7d8','+966',NULL,NULL,1,NULL,NULL);
/*!40000 ALTER TABLE `club_owner_request` ENABLE KEYS */;
UNLOCK TABLES;

--
-- Table structure for table `club_owner_request_id_seq`
--

DROP TABLE IF EXISTS `club_owner_request_id_seq`;
/*!40101 SET @saved_cs_client     = @@character_set_client */;
/*!50503 SET character_set_client = utf8mb4 */;
CREATE TABLE `club_owner_request_id_seq` (
  `my_row_id` bigint unsigned NOT NULL AUTO_INCREMENT /*!80023 INVISIBLE */,
  `next_val` bigint DEFAULT NULL,
  PRIMARY KEY (`my_row_id`)
) ENGINE=InnoDB AUTO_INCREMENT=2 DEFAULT CHARSET=utf8mb4 COLLATE=utf8mb4_0900_ai_ci;
/*!40101 SET character_set_client = @saved_cs_client */;

--
-- Dumping data for table `club_owner_request_id_seq`
--

LOCK TABLES `club_owner_request_id_seq` WRITE;
/*!40000 ALTER TABLE `club_owner_request_id_seq` DISABLE KEYS */;
INSERT INTO `club_owner_request_id_seq` (`my_row_id`, `next_val`) VALUES (1,139);
/*!40000 ALTER TABLE `club_owner_request_id_seq` ENABLE KEYS */;
UNLOCK TABLES;

--
-- Table structure for table `club_social_media`
--

DROP TABLE IF EXISTS `club_social_media`;
/*!40101 SET @saved_cs_client     = @@character_set_client */;
/*!50503 SET character_set_client = utf8mb4 */;
CREATE TABLE `club_social_media` (
  `id` bigint NOT NULL AUTO_INCREMENT,
  `created_at` datetime(6) DEFAULT NULL,
  `created_by_system_id` varchar(255) DEFAULT NULL,
  `system_id` varchar(255) DEFAULT NULL,
  `updated_at` datetime(6) DEFAULT NULL,
  `updated_by_system_id` varchar(255) DEFAULT NULL,
  `club_id` int DEFAULT NULL,
  `social_media_id` int DEFAULT NULL,
  `account_link` varchar(255) DEFAULT NULL,
  PRIMARY KEY (`id`),
  KEY `FKkgrxka6bcro3j9qsoij9rgbiw` (`club_id`),
  KEY `FKs5eowrkvjo1r9gda5ubdunqtg` (`social_media_id`),
  CONSTRAINT `FKkgrxka6bcro3j9qsoij9rgbiw` FOREIGN KEY (`club_id`) REFERENCES `club` (`id`),
  CONSTRAINT `FKs5eowrkvjo1r9gda5ubdunqtg` FOREIGN KEY (`social_media_id`) REFERENCES `social_media` (`id`)
) ENGINE=InnoDB AUTO_INCREMENT=76 DEFAULT CHARSET=utf8mb4 COLLATE=utf8mb4_0900_ai_ci;
/*!40101 SET character_set_client = @saved_cs_client */;

--
-- Dumping data for table `club_social_media`
--

LOCK TABLES `club_social_media` WRITE;
/*!40000 ALTER TABLE `club_social_media` DISABLE KEYS */;
INSERT INTO `club_social_media` VALUES (46,'2023-03-07 23:58:38.161000','22c66b9d-14e2-404f-80d3-c3c38c57e1f6','1a142067-b58d-4018-a13e-0592cff46207','2023-03-07 23:58:38.161000','22c66b9d-14e2-404f-80d3-c3c38c57e1f6',29,5,'mmm'),(58,'2023-03-08 15:02:50.607000','143960ef-65f9-4eb8-9906-b12d3535f2e1','45307706-52d8-4b5a-a002-f671bd7e46fe','2023-03-08 15:02:50.607000','143960ef-65f9-4eb8-9906-b12d3535f2e1',31,3,'riadh'),(62,'2023-03-14 12:08:32.192000','143960ef-65f9-4eb8-9906-b12d3535f2e1','884d82bb-2be3-45d3-bf02-5ff1de2a87b5','2023-03-14 12:08:32.192000','143960ef-65f9-4eb8-9906-b12d3535f2e1',31,1,'riadh'),(63,'2023-03-14 12:08:36.117000','143960ef-65f9-4eb8-9906-b12d3535f2e1','c65c95b9-7506-4cca-86d5-203d618ad533','2023-03-14 12:08:36.117000','143960ef-65f9-4eb8-9906-b12d3535f2e1',31,2,'riadh'),(70,'2023-03-14 18:20:49.835000','143960ef-65f9-4eb8-9906-b12d3535f2e1','ed55a799-da69-4974-8b02-b3d1a0f2d034','2023-03-14 18:20:49.835000','143960ef-65f9-4eb8-9906-b12d3535f2e1',31,6,'test'),(72,'2023-04-03 13:25:17.771000','143960ef-65f9-4eb8-9906-b12d3535f2e1','271440f0-692b-4677-bbf0-b7cb9d6ea45d','2023-04-03 13:25:17.771000','143960ef-65f9-4eb8-9906-b12d3535f2e1',31,7,'@mmmm'),(73,'2023-04-03 13:25:24.100000','143960ef-65f9-4eb8-9906-b12d3535f2e1','faced607-4c71-4852-bcd0-1b3da7e923d7','2023-04-03 13:25:24.100000','143960ef-65f9-4eb8-9906-b12d3535f2e1',31,8,'@mmm'),(75,'2023-04-17 19:21:05.122000','143960ef-65f9-4eb8-9906-b12d3535f2e1','03cb21fe-596b-41a5-94ea-25fbd5f21bfa','2023-04-17 19:21:05.122000','143960ef-65f9-4eb8-9906-b12d3535f2e1',31,4,'dsfsadfa');
/*!40000 ALTER TABLE `club_social_media` ENABLE KEYS */;
UNLOCK TABLES;

--
-- Table structure for table `club_sponsor`
--

DROP TABLE IF EXISTS `club_sponsor`;
/*!40101 SET @saved_cs_client     = @@character_set_client */;
/*!50503 SET character_set_client = utf8mb4 */;
CREATE TABLE `club_sponsor` (
  `id` bigint NOT NULL AUTO_INCREMENT,
  `system_id` varchar(255) NOT NULL,
  `club_id` int NOT NULL,
  `name` varchar(255) DEFAULT NULL,
  `link` varchar(255) DEFAULT NULL,
  `logo` varchar(255) DEFAULT NULL,
  `created_by` varchar(255) DEFAULT NULL,
  `created_date` timestamp NULL DEFAULT NULL,
  `last_modified_by` varchar(255) DEFAULT NULL,
  `last_modified_date` timestamp NULL DEFAULT NULL,
  `deleted` tinyint(1) DEFAULT '0',
  PRIMARY KEY (`id`),
  KEY `fx_sponsor_club` (`club_id`),
  CONSTRAINT `fx_sponsor_club` FOREIGN KEY (`club_id`) REFERENCES `club` (`id`)
) ENGINE=InnoDB AUTO_INCREMENT=32 DEFAULT CHARSET=utf8mb4 COLLATE=utf8mb4_0900_ai_ci;
/*!40101 SET character_set_client = @saved_cs_client */;

--
-- Dumping data for table `club_sponsor`
--

LOCK TABLES `club_sponsor` WRITE;
/*!40000 ALTER TABLE `club_sponsor` DISABLE KEYS */;
INSERT INTO `club_sponsor` VALUES (1,'957c6bd5-def2-4a24-a456-6fabc92acbf7',29,'mmm',NULL,'esports/7d3c9055-7409-44aa-b14d-dcb4f29814c1__download.jpg','22c66b9d-14e2-404f-80d3-c3c38c57e1f6','2023-03-14 14:51:28','22c66b9d-14e2-404f-80d3-c3c38c57e1f6','2023-03-14 14:51:28',0),(3,'0c71bf89-ad39-4993-9ea5-107379c4c95e',29,'pubg','https://jira.stcs.com.sa/','esports/b2fece1b-0ae4-4bfb-b158-27b3c4584dda__images (1).jpg','22c66b9d-14e2-404f-80d3-c3c38c57e1f6','2023-03-15 13:30:31','22c66b9d-14e2-404f-80d3-c3c38c57e1f6','2023-03-15 13:30:31',0),(4,'e19d88c4-24cc-4e9f-84f4-015e58d30783',29,'EA Sports','jira.stcs.com.sa','esports/3823bcf5-7b2c-47f6-8c3c-4cb41f112d1b__png-clipart-fifa-13-ea-sports-logo-electronic-arts-sports-game-ea-sports-text-trademark-thumbnail.png','22c66b9d-14e2-404f-80d3-c3c38c57e1f6','2023-03-15 13:31:27','22c66b9d-14e2-404f-80d3-c3c38c57e1f6','2023-03-15 13:31:27',0),(5,'2f926bde-cd1d-45f0-9de4-e8b78978b330',29,'ESPORT games',NULL,'esports/b191a6eb-5ef7-4774-bbbc-b19420215fe0__image (1).png','22c66b9d-14e2-404f-80d3-c3c38c57e1f6','2023-03-15 13:40:48','22c66b9d-14e2-404f-80d3-c3c38c57e1f6','2023-03-19 12:34:50',0),(6,'64799403-0995-43d9-a9ab-3c72fb8edffb',29,'FIFA',NULL,'esports/657e77a8-e449-4226-86da-5f21b76c9671__images.jpg','22c66b9d-14e2-404f-80d3-c3c38c57e1f6','2023-03-15 13:44:35','22c66b9d-14e2-404f-80d3-c3c38c57e1f6','2023-03-15 13:44:35',0),(8,'e2f46961-f408-4a1d-b198-5db9176fd3b8',29,'google','www.google.com.eg/','esports/35b36410-9d10-4735-bc50-f6bfdc428adc__image (1).png','22c66b9d-14e2-404f-80d3-c3c38c57e1f6','2023-03-15 13:51:09','22c66b9d-14e2-404f-80d3-c3c38c57e1f6','2023-03-15 13:51:09',0),(9,'e86fce57-2697-4314-84d4-9be3d1487ebe',29,'link',NULL,'esports/3a4cab89-16aa-45d6-9f12-fafefdbddc03__yellow-orange-starburst-flower-nature-jpg-192959431.jpg','22c66b9d-14e2-404f-80d3-c3c38c57e1f6','2023-03-16 16:34:53','22c66b9d-14e2-404f-80d3-c3c38c57e1f6','2023-03-16 16:34:53',0),(10,'47eafd6b-d0a4-46a1-a124-96445737439e',29,'second',NULL,'esports/937dfe0f-5229-407d-bfc9-c3507b32aa9d__download.jpg','22c66b9d-14e2-404f-80d3-c3c38c57e1f6','2023-03-16 16:35:14','22c66b9d-14e2-404f-80d3-c3c38c57e1f6','2023-03-16 16:35:14',0),(11,'2aec5c2f-01e4-4cbc-9bd2-c0ae0d4de900',29,'game',NULL,'esports/674d90f2-743f-49f1-b545-8cead98e2444__images (1).jpg','22c66b9d-14e2-404f-80d3-c3c38c57e1f6','2023-03-16 16:35:31','22c66b9d-14e2-404f-80d3-c3c38c57e1f6','2023-03-16 16:35:31',0),(12,'6974fd4e-9f1e-42c9-8e2f-088ec57769d9',43,'ملتلتلتلتلتملتملتلتلتلتلتملت','arvKQ/NNKRH','ARHIG.png','995586bb-81d1-4490-a8ec-936555f6f3c4','2023-03-18 16:22:06','995586bb-81d1-4490-a8ec-936555f6f3c4','2023-03-18 16:22:06',0),(13,'42feff71-6da6-4c77-8d4d-b48432867967',43,'ملتلتلتلتلتملتملتلتلتلتلتملت','StVmg/LrHOY','HSkQL.png','995586bb-81d1-4490-a8ec-936555f6f3c4','2023-03-18 17:17:11','995586bb-81d1-4490-a8ec-936555f6f3c4','2023-03-18 17:17:11',0),(14,'71b52c10-2a25-4ca4-944c-db3807b12f7c',43,'ملتلتلتلتلتملتملتلتلتلتلتملت','qjnKb/otEYF','IxyhM.png','995586bb-81d1-4490-a8ec-936555f6f3c4','2023-03-18 17:17:14','995586bb-81d1-4490-a8ec-936555f6f3c4','2023-03-18 17:17:14',0),(15,'a100887d-a76a-4c51-a9a4-dcc6e2dfa1a5',43,'second','TiwTK/Cbchp-updated','jUFMi-updated.png','995586bb-81d1-4490-a8ec-936555f6f3c4','2023-03-18 18:55:01','995586bb-81d1-4490-a8ec-936555f6f3c4','2023-03-18 19:05:22',0),(16,'8d59fc46-e0d8-4789-91d3-8a24664b089e',43,'FIFA','fVdfO/IToAS','QOuHZ.png','995586bb-81d1-4490-a8ec-936555f6f3c4','2023-03-18 19:05:48','995586bb-81d1-4490-a8ec-936555f6f3c4','2023-03-18 19:05:48',0),(19,'225be726-97f8-4a0b-84cb-c3c9f8bcb173',31,'eee',NULL,'esports/3697d852-ac8e-4c55-8ff0-5cc4e71713a2__Screenshot from 2023-03-21 18-03-47.png','143960ef-65f9-4eb8-9906-b12d3535f2e1','2023-03-21 19:26:47','143960ef-65f9-4eb8-9906-b12d3535f2e1','2023-03-21 19:26:47',0),(20,'16389722-279e-4cd2-aee6-862569fd3168',31,'fortnite','www.facebook.com','esports/27ff03cb-a541-48cb-9e6a-8dde571a6c3e__fortnite.png','143960ef-65f9-4eb8-9906-b12d3535f2e1','2023-03-22 17:58:16','143960ef-65f9-4eb8-9906-b12d3535f2e1','2023-03-22 17:58:16',0),(21,'79ee155b-0808-45e6-a745-d185c7420c4a',31,'sdf','www.google.com','esports/f6188154-2e19-4d52-86be-585ca1ed6370__Screenshot from 2023-03-22 17-57-59.png','143960ef-65f9-4eb8-9906-b12d3535f2e1','2023-03-22 18:58:25','143960ef-65f9-4eb8-9906-b12d3535f2e1','2023-03-22 18:58:25',0),(22,'79d54131-39c8-4028-9f5b-fc6bf91681c7',31,'mmm','www.google.com','esports/2f2672ac-1347-4c15-816e-7ee1339fbcc2__Screenshot from 2023-03-21 11-02-24.png','143960ef-65f9-4eb8-9906-b12d3535f2e1','2023-03-22 18:58:45','143960ef-65f9-4eb8-9906-b12d3535f2e1','2023-03-22 18:58:45',0),(23,'20f8cb1a-b0a5-4032-aba6-39ad9eb427a7',31,'xsadas','https://dev.saudiesports.sa/','esports/874ce449-e965-40c1-bce9-003126857151__logo_ar.png','143960ef-65f9-4eb8-9906-b12d3535f2e1','2023-04-03 12:57:01','143960ef-65f9-4eb8-9906-b12d3535f2e1','2023-04-03 12:57:01',0),(24,'5f801587-8a5a-45e5-a02d-44f4b38ae6a1',31,'ZXzx','www.google.com','esports/d8764aed-73ad-42ae-bca8-c62c0d0b4018__pubg.png','143960ef-65f9-4eb8-9906-b12d3535f2e1','2023-04-03 12:57:27','143960ef-65f9-4eb8-9906-b12d3535f2e1','2023-04-03 12:57:27',0),(25,'71cc3caf-51ae-4510-a406-3daba69e365b',31,'asdas','www.google.com','esports/24d05012-b99d-4b57-9517-bd6d64f6f5f6__fortnite.png','143960ef-65f9-4eb8-9906-b12d3535f2e1','2023-04-03 12:57:44','143960ef-65f9-4eb8-9906-b12d3535f2e1','2023-04-03 12:57:44',0),(26,'36748760-b2d6-42cb-9048-43ac6ea0c7e2',31,'xs','www.google.com','esports/068ebc5e-7a5e-4e53-b271-19562cba60fb__Screenshot from 2023-02-05 22-28-55.png','143960ef-65f9-4eb8-9906-b12d3535f2e1','2023-04-03 12:57:56','143960ef-65f9-4eb8-9906-b12d3535f2e1','2023-04-03 12:57:56',0),(27,'b2fc267f-e648-4f2d-bed3-9626013c1abd',31,'pubggggdddd','www.google.com','esports/fd5fe019-a0d5-41cd-a6a9-f0a7f9156c81__pubg.png','b54b3b83-6996-40f3-9c56-00f9f3c2d035','2023-04-06 15:33:46','b54b3b83-6996-40f3-9c56-00f9f3c2d035','2023-04-06 15:34:07',0),(28,'80286de9-5e2b-46b1-b2e0-253f6a205bae',48,'tete','https://stcsolutions-my.sharepoint.com/:x:/g/personal/mmsaad_eg_solutions_com_sa/Efm_O9yYWihAnSQP9l5OBz0BHN253Tu4CuqK0bdLNsozug?rtime=QRd-0RU120g','esports/4f7d500d-7b34-4929-b39b-b43d8526e76b__image (1).png','3d6f3253-d2a6-436d-ad8b-62f55ecd396a','2023-04-11 17:44:38','3d6f3253-d2a6-436d-ad8b-62f55ecd396a','2023-04-11 17:44:38',0),(29,'0c27d515-a5b7-4a5e-b31a-57164539bd23',48,'wtewet','https://translate.google.com/?sl=en&tl=ar&op=translate','esports/a6369943-3323-4d1e-b217-f896249afd8e__image (1).png','3d6f3253-d2a6-436d-ad8b-62f55ecd396a','2023-04-11 18:07:55','3d6f3253-d2a6-436d-ad8b-62f55ecd396a','2023-04-11 18:07:55',0),(30,'5c004f93-ffdf-4f0c-8733-5f061e4b3c94',48,'dfdfr','www.cu.co','esports/bbc76e85-fac4-41a2-b856-0c6e085e4dfb__image (1).png','3d6f3253-d2a6-436d-ad8b-62f55ecd396a','2023-04-15 18:06:35','3d6f3253-d2a6-436d-ad8b-62f55ecd396a','2023-04-15 18:06:35',0),(31,'4624880c-c467-4ca5-a520-d383d14d481e',48,'asfaf','www.j.co','esports/06eef014-35bb-4e06-9178-a8e06ceb5bb8__image (1).png','3d6f3253-d2a6-436d-ad8b-62f55ecd396a','2023-04-15 18:07:08','3d6f3253-d2a6-436d-ad8b-62f55ecd396a','2023-04-15 18:07:08',0);
/*!40000 ALTER TABLE `club_sponsor` ENABLE KEYS */;
UNLOCK TABLES;

--
-- Table structure for table `country`
--

DROP TABLE IF EXISTS `country`;
/*!40101 SET @saved_cs_client     = @@character_set_client */;
/*!50503 SET character_set_client = utf8mb4 */;
CREATE TABLE `country` (
  `id` bigint NOT NULL,
  `name` varchar(255) NOT NULL,
  `name_ar` varchar(255) NOT NULL,
  `name_fr` varchar(255) NOT NULL,
  `nationality` varchar(255) DEFAULT NULL,
  `nationality_ar` varchar(255) DEFAULT NULL,
  `dial_code` varchar(255) NOT NULL,
  `code` varchar(255) NOT NULL,
  `regex` varchar(255) DEFAULT NULL,
  `flag` varchar(4000) DEFAULT NULL,
  `sorting` varchar(255) DEFAULT NULL,
  PRIMARY KEY (`id`)
) ENGINE=InnoDB DEFAULT CHARSET=utf8mb4 COLLATE=utf8mb4_0900_ai_ci;
/*!40101 SET character_set_client = @saved_cs_client */;

--
-- Dumping data for table `country`
--

LOCK TABLES `country` WRITE;
/*!40000 ALTER TABLE `country` DISABLE KEYS */;
INSERT INTO `country` VALUES (2,'Albania','ألبانيا','Albanie','Albanian','ألباني','+355','al','^[0-9]{5,15}$',NULL,'100'),(3,'Algeria','الجزائر','Algérie','Algerian','جزائري','+213','dz','^[0-9]{5,15}$',NULL,'100'),(4,'Andorra','أندورا','Andorre','Andorran','أندوري','+376','ad','^[0-9]{5,15}$',NULL,'100'),(6,'Anguilla','أنغيلا','Anguilla','Angolan','أنغولي','+1264','ai','^[0-9]{5,15}$',NULL,'100'),(8,'Argentina','الأرجنتين','Argentine','Argentinean','أرجنتيني','+54','ar','^[0-9]{5,15}$',NULL,'100'),(9,'Armenia','أرمينيا','Arménie','Armenian','أرميني','+374','am','^[0-9]{5,15}$',NULL,'100'),(10,'Aruba','أروبا','Aruba','Aruban','أروبى','+297','aw','^[0-9]{5,15}$',NULL,'100'),(11,'Australia','أستراليا','Australie','Australian','أسترالي','+61','au','^[0-9]{5,15}$',NULL,'100'),(12,'Austria','النمسا','L\'Autriche','Austrian','نمساوي','+43','at','^[0-9]{5,15}$',NULL,'100'),(13,'Azerbaijan','أذربيجان','Azerbaïdjan','Azerbaijani','أذربيجاني','+994','az','^[0-9]{5,15}$',NULL,'100'),(14,'Bahamas','الباهاما','Bahamas','Bahamian','باهامى','+1242','bs','^[0-9]{5,15}$',NULL,'100'),(15,'Bahrain','البحرين','Bahreïn','Bahraini','بحريني','+973','bh','^[0-9]{5,15}$',NULL,'100'),(16,'Bangladesh','بنغلاديش','Bangladesh','Bangladeshi','بنجلاديشي','+880','bd','^[0-9]{5,15}$',NULL,'100'),(17,'Barbados','بربادوس','La Barbade','Barbadian','باربادوسي','+1246','bb','^[0-9]{5,15}$',NULL,'100'),(18,'Belarus','روسيا البيضاء','Biélorussie','Belarusian','بيلاروسي','+375','by','^[0-9]{5,15}$',NULL,'100'),(19,'Belgium','بلجيكا','Belgique','Belgian','بلجيكي','+32','be','^[0-9]{5,15}$',NULL,'100'),(20,'Belize','بليز','Belize','Belizean','بليزي','+501','bz','^[0-9]{5,15}$',NULL,'100'),(21,'Benin','بنين','Bénin','Beninese','بنيني','+229','bj','^[0-9]{5,15}$',NULL,'100'),(22,'Bermuda','برمودا','Bermudes','Bermudian','برمودى','+1441','bm','^[0-9]{5,15}$',NULL,'100'),(23,'Bhutan','بوتان','Bhoutan','Bhutanese','بوتاني','+975','bt','^[0-9]{5,15}$',NULL,'100'),(24,'Bosnia and Herzegovina','البوسنة والهرسك','Bosnie Herzégovine','Herzegovinian','هرسكي','+387','ba','^[0-9]{5,15}$',NULL,'100'),(25,'Brazil','البرازيل','Brésil','Brazilian','برازيلي','+55','br','^[0-9]{5,15}$',NULL,'100'),(26,'Brunei Darussalam','بروناي دار السلام','Brunei Darussalam','Bruneian','بروناى','+673','bn','^[0-9]{5,15}$',NULL,'100'),(27,'Bulgaria','بلغاريا','Bulgarie','Bulgarian','بلغاري','+359','bg','^[0-9]{5,15}$',NULL,'100'),(28,'Burkina Faso','بوركينا فاسو','Burkina Faso','Burkinabe','بوركيني','+226','bf','^[0-9]{5,15}$',NULL,'100'),(29,'Burundi','بوروندي','Burundi','Burundian','بوروندي','+257','bi','^[0-9]{5,15}$',NULL,'100'),(30,'Cambodia','كمبوديا','Cambodge','Cambodian','كمبودي','+855','kh','^[0-9]{5,15}$',NULL,'100'),(31,'Cameroon','الكاميرون','Cameroun','Cameroonian','كاميروني','+237','cm','^[0-9]{5,15}$',NULL,'100'),(32,'Canada','كندا','Canada','Canadian','كندي','+1','ca','^[0-9]{5,15}$',NULL,'100'),(33,'Cape Verde','الرأس الأخضر','Cap-Vert','Cape Verdean','الرأس الأخضر','+238','cv','^[0-9]{5,15}$',NULL,'100'),(35,'Central African Republic','جمهورية افريقيا الوسطى','République centrafricaine','Central African','وسط أفريقيا','+236','cf','^[0-9]{5,15}$',NULL,'100'),(36,'Chad','تشاد','Le tchad','Chadian','تشادي','+235','td','^[0-9]{5,15}$',NULL,'100'),(37,'Chile','تشيلي','Chili','Chilean','شيلي','+56','cl','^[0-9]{5,15}$',NULL,'100'),(38,'China','الصين','Chine','Chinese','صينى','+86','cn','^[0-9]{5,15}$',NULL,'100'),(41,'Colombia','كولومبيا','Colombie','Colombian','كولومبي','+57','co','^[0-9]{5,15}$',NULL,'100'),(42,'Comoros','جزر القمر','Comores','Comoran','جزر القمر','+269','km','^[0-9]{5,15}$',NULL,'100'),(43,'Congo','الكونغو','Congo','Congolese','كونغولي','+242','cg','^[0-9]{5,15}$',NULL,'100'),(45,'Costa Rica','كوستا ريكا','Costa Rica','Costa Rican','كوستاريكي','+506','cr','^[0-9]{5,15}$',NULL,'100'),(47,'Croatia (Hrvatska)','كرواتيا (هرفاتسكا)','Croatie (Hrvatska)','Croatian','كرواتية','+385','hr','^[0-9]{5,15}$',NULL,'100'),(48,'Cuba','كوبا','Cuba','Cuban','كوبي','+53','cu','^[0-9]{5,15}$',NULL,'100'),(49,'Cyprus','قبرص','Chypre','Cypriot','قبرصي','+357','cy','^[0-9]{5,15}$',NULL,'100'),(50,'Czech Republic','جمهورية التشيك','République Tchèque','Czech','تشيكي','+420','cz','^[0-9]{5,15}$',NULL,'100'),(52,'Denmark','الدنمارك','Danemark','Danish','دنماركى','+45','dk','^[0-9]{5,15}$',NULL,'100'),(53,'Djibouti','جيبوتي','Djibouti','Djibouti','جيبوتي','+253','dj','^[0-9]{5,15}$',NULL,'100'),(54,'Dominica','دومينيكا','Dominique','Dominican','دومينيكاني','+1767','dm','^[0-9]{5,15}$',NULL,'100'),(56,'Ecuador','الإكوادور','L\'Équateur','Ecuadorean','اكوادوري','+593','ec','^[0-9]{5,15}$',NULL,'100'),(57,'Egypt','مصر','Egypte','Egyptian','مصري','+20','eg','^1[0125][0-9]{8}$','iVBORw0KGgoAAAANSUhEUgAAAB4AAAAUCAYAAACaq43EAAAAGXRFWHRTb2Z0d2FyZQBBZG9iZSBJbWFnZVJlYWR5ccllPAAAAyRpVFh0WE1MOmNvbS5hZG9iZS54bXAAAAAAADw/eHBhY2tldCBiZWdpbj0i77u/IiBpZD0iVzVNME1wQ2VoaUh6cmVTek5UY3prYzlkIj8+IDx4OnhtcG1ldGEgeG1sbnM6eD0iYWRvYmU6bnM6bWV0YS8iIHg6eG1wdGs9IkFkb2JlIFhNUCBDb3JlIDUuMy1jMDExIDY2LjE0NTY2MSwgMjAxMi8wMi8wNi0xNDo1NjoyNyAgICAgICAgIj4gPHJkZjpSREYgeG1sbnM6cmRmPSJodHRwOi8vd3d3LnczLm9yZy8xOTk5LzAyLzIyLXJkZi1zeW50YXgtbnMjIj4gPHJkZjpEZXNjcmlwdGlvbiByZGY6YWJvdXQ9IiIgeG1sbnM6eG1wPSJodHRwOi8vbnMuYWRvYmUuY29tL3hhcC8xLjAvIiB4bWxuczp4bXBNTT0iaHR0cDovL25zLmFkb2JlLmNvbS94YXAvMS4wL21tLyIgeG1sbnM6c3RSZWY9Imh0dHA6Ly9ucy5hZG9iZS5jb20veGFwLzEuMC9zVHlwZS9SZXNvdXJjZVJlZiMiIHhtcDpDcmVhdG9yVG9vbD0iQWRvYmUgUGhvdG9zaG9wIENTNiAoTWFjaW50b3NoKSIgeG1wTU06SW5zdGFuY2VJRD0ieG1wLmlpZDo0QkM4MTQwRjE3NzYxMUUyODY3Q0FBOTFCQzlGNjlDRiIgeG1wTU06RG9jdW1lbnRJRD0ieG1wLmRpZDo0QkM4MTQxMDE3NzYxMUUyODY3Q0FBOTFCQzlGNjlDRiI+IDx4bXBNTTpEZXJpdmVkRnJvbSBzdFJlZjppbnN0YW5jZUlEPSJ4bXAuaWlkOjRCQzgxNDBEMTc3NjExRTI4NjdDQUE5MUJDOUY2OUNGIiBzdFJlZjpkb2N1bWVudElEPSJ4bXAuZGlkOjRCQzgxNDBFMTc3NjExRTI4NjdDQUE5MUJDOUY2OUNGIi8+IDwvcmRmOkRlc2NyaXB0aW9uPiA8L3JkZjpSREY+IDwveDp4bXBtZXRhPiA8P3hwYWNrZXQgZW5kPSJyIj8+4WJtkQAAAL5JREFUeNpiPCeo9p9hAAATwwCBUYtHLaYZYPz///9HIM0HxCRmqw9AzALEPCTbCcSfWKAMBiQaP/j1iIHhxwkGBg5NiFt/3GRgYDcEYhWSLGchOYz+/WD4eyucgVEsg4GBmZvh//NeBiati0S6GgFItvj/v+9AXXwMjBwaQHczMfxn5gUK/iTZ/SRbzPjvEwOzZBGQ8Qsc1MzSpcBQ+EivxPUDiK9BtegAMTvJiYuR9NQ8WoCMWjxqMXYAEGAAUBIvbfhWcKoAAAAASUVORK5CYII=','2'),(58,'El Salvador','السلفادور','Le Salvador','Salvadoran','سلفادورى','+503','sv','^[0-9]{5,15}$',NULL,'100'),(59,'Equatorial Guinea','غينيا الإستوائية','Guinée Équatoriale','Equatorial Guinean','غيني  استوائي','+240','gq','^[0-9]{5,15}$',NULL,'100'),(60,'Eritrea','إريتريا','Erythrée','Eritrean','إريتري','+291','er','^[0-9]{5,15}$',NULL,'100'),(61,'Estonia','استونيا','Estonie','Estonian','إستوني','+372','ee','^[0-9]{5,15}$',NULL,'100'),(62,'Ethiopia','أثيوبيا','Ethiopie','Ethiopian','حبشي','+251','et','^[0-9]{5,15}$',NULL,'100'),(65,'Fiji','فيجي','Fidji','Fijian','فيجي','+679','fj','^[0-9]{5,15}$',NULL,'100'),(66,'Finland','فنلندا','Finlande','Finnish','فنلندي','+358','fi','^[0-9]{5,15}$',NULL,'100'),(67,'France','فرنسا','France','French','فرنسي','+33','fr','^[0-9]{5,15}$',NULL,'100'),(70,'Gabon','الغابون','Gabon','Gabonese','جابوني','+241','ga','^[0-9]{5,15}$',NULL,'100'),(71,'Gambia','غامبيا','Gambie','Gambian','غامبيي','+220','gm','^[0-9]{5,15}$',NULL,'100'),(72,'Georgia','جورجيا','Géorgie','Georgian','جورجي','+995','ge','^[0-9]{5,15}$',NULL,'100'),(73,'Germany','ألمانيا','Allemagne','German','ألماني','+49','de','^[0-9]{5,15}$',NULL,'100'),(74,'Ghana','غانا','Ghana','Ghanaian','غاني','+233','gh','^[0-9]{5,15}$',NULL,'100'),(77,'Greece','اليونان','Grèce','Greek','إغريقي','+30','gr','^[0-9]{5,15}$',NULL,'100'),(79,'Grenada','غرينادا','Grenade','Grenadian','جرينادي','+1473','gd','^[0-9]{5,15}$',NULL,'100'),(81,'Guatemala','غواتيمالا','Guatemala','Guatemalan','غواتيمالي','+502','gt','^[0-9]{5,15}$',NULL,'100'),(82,'Guinea','غينيا','Guinée','Guinean','غيني','+224','gn','^[0-9]{5,15}$',NULL,'100'),(83,'Guinea-Bissau','غينيا بيساو','Guinée-Bissau','Guinea-Bissauan','غيني بيساوي','+245','gw','^[0-9]{5,15}$',NULL,'100'),(84,'Guyana','غيانا','Guyane','Guyanese','جوياني','+592','gy','^[0-9]{5,15}$',NULL,'100'),(85,'Haiti','هايتي','Haïti','Haitian','هايتي','+509','ht','^[0-9]{5,15}$',NULL,'100'),(86,'Honduras','هندوراس','Honduras','Honduran','هندوراسي','+504','hn','^[0-9]{5,15}$',NULL,'100'),(87,'Hungary','اليونان','Hongrie','Hungarian','هنغاري','+36','hu','^[0-9]{5,15}$',NULL,'100'),(88,'Iceland','أيسلندا','Islande','Icelander','إيسلندي','+354','is','^[0-9]{5,15}$',NULL,'100'),(89,'India','الهند','Inde','Indian','هندي','+91','in','^[0-9]{5,15}$',NULL,'100'),(90,'Indonesia','أندونيسيا','Indonésie','Indonesian','إندونيسي','+62','id','^[0-9]{5,15}$',NULL,'100'),(91,'Iran','إيران','Iran','Iranian','إيراني','+98','ir','^[0-9]{5,15}$',NULL,'100'),(92,'Iraq','العراق','Irak','Iraqi','عراقي','+964','iq','^[0-9]{5,15}$',NULL,'100'),(93,'Ireland','أيرلندا','Irlande','Irish','ايرلندى','+353','ie','^[0-9]{5,15}$',NULL,'100'),(94,'Italy','إيطاليا','Italie','Italian','إيطالي','+39','it','^[0-9]{5,15}$',NULL,'100'),(95,'Jamaica','جامايكا','Jamaïque','Jamaican','جامايكي','+1876','jm','^[0-9]{5,15}$',NULL,'100'),(96,'Japan','اليابان','Japon','Japanese','ياباني','+81','jp','^[0-9]{5,15}$',NULL,'100'),(97,'Jordan','الأردن','Jordan','Jordanian','أردني','+962','jo','^[0-9]{5,15}$',NULL,'100'),(98,'Kazakhstan','كازاخستان','Le kazakhstan','Kazakhstani','كازاخستاني','+77','kz','^[0-9]{5,15}$',NULL,'100'),(99,'Kenya','كينيا','Kenya','Kenyan','كيني','+254','ke','^[0-9]{5,15}$',NULL,'100'),(101,'Korea (North)','كوريا الشمالية','Corée du Nord','North Korean','كورى شمالى','+850','kp','^[0-9]{5,15}$',NULL,'100'),(102,'Korea (South)','كوريا، الجنوبيه','COREE DU SUD)','South Korean','كورى جنوبى','+82','kr','^[0-9]{5,15}$',NULL,'100'),(103,'Kuwait','الكويت','Koweit','Kuwaiti','كويتي','+965','kw','^[0-9]{5,15}$',NULL,'100'),(104,'Kyrgyzstan','قرغيزستان','Kirghizistan','Kyrgyz','قيرغيزستان','+996','kg','^[0-9]{5,15}$',NULL,'100'),(105,'Laos','لاوس','Laos','Laotian','لاوسي','+856','la','^[0-9]{5,15}$',NULL,'100'),(106,'Latvia','لاتفيا','Lettonie','Latvian','لاتفي','+371','lv','^[0-9]{5,15}$',NULL,'100'),(107,'Lebanon','لبنان','Liban','Lebanese','لبناني','+961','lb','^[0-9]{5,15}$',NULL,'100'),(108,'Liberia','ليبيريا','Libéria','Liberian','ليبيري','+231','lr','^[0-9]{5,15}$',NULL,'100'),(109,'Libya','ليبيا','Libye','Libyan','ليبي','+218','ly','^[0-9]{5,15}$',NULL,'100'),(110,'Liechtenstein','ليختنشتاين','Le Liechtenstein','Liechtensteiner','ليختنشتايني','+423','li','^[0-9]{5,15}$',NULL,'100'),(111,'Lithuania','ليتوانيا','Lituanie','Lithuanian','لتواني','+370','lt','^[0-9]{5,15}$',NULL,'100'),(112,'Luxembourg','لوكسمبورغ','Luxembourg','Luxembourger','لكسمبرغي','+352','lu','^[0-9]{5,15}$',NULL,'100'),(113,'Macedonia','مقدونيا','Macédoine','Macedonian','مقدوني','+389','mk','^[0-9]{5,15}$',NULL,'100'),(114,'Madagascar','مدغشقر','Madagascar','Malagasy','مدغشقرى','+261','mg','^[0-9]{5,15}$',NULL,'100'),(115,'Malawi','مالاوي','Malawi','Malawian','مالاوى','+265','mw','^[0-9]{5,15}$',NULL,'100'),(116,'Malaysia','ماليزيا','Malaisie','Malaysian','ماليزي','+60','my','^[0-9]{5,15}$',NULL,'100'),(117,'Maldives','جزر المالديف','Maldives','Maldivan','مالديفي','+960','mv','^[0-9]{5,15}$',NULL,'100'),(119,'Mali','مالي','Mali','Malian','مالي','+223','ml','^[0-9]{5,15}$',NULL,'100'),(120,'Malta','مالطا','Malte','Maltese','مالطي','+356','mt','^[0-9]{5,15}$',NULL,'100'),(121,'Marshall Islands','جزر مارشال','Iles Marshall','Marshallese','مارشالي','+692','mh','^[0-9]{5,15}$',NULL,'100'),(122,'Mauritania','موريتانيا','Mauritanie','Mauritanian','موريتاني','+222','mr','^[0-9]{5,15}$',NULL,'100'),(123,'Mauritius','موريشيوس','Maurice','Mauritian','موريشيوسي','+230','mu','^[0-9]{5,15}$',NULL,'100'),(124,'Mexico','المكسيك','Mexique','Mexican','مكسيكي','+52','mx','^[0-9]{5,15}$',NULL,'100'),(125,'Moldova','مولدوفا','La Moldavie','Moldovan','مولدوفي','+373','md','^[0-9]{5,15}$',NULL,'100'),(126,'Monaco','موناكو','Monaco','Monacan','موناكو','+377','mc','^[0-9]{5,15}$',NULL,'100'),(127,'Mongolia','منغوليا','Mongolie','Mongolian','منغولي','+976','mn','^[0-9]{5,15}$',NULL,'100'),(128,'Morocco','المغرب','Maroc','Moroccan','مغربي','+212','ma','^[0-9]{5,15}$',NULL,'100'),(129,'Mozambique','موزمبيق','Mozambique','Mozambican','موزمبيقي','+258','mz','^[0-9]{5,15}$',NULL,'100'),(131,'Namibia','ناميبيا','Namibie','Namibian','ناميبي','+264','na','^[0-9]{5,15}$',NULL,'100'),(132,'Nauru','ناورو','Nauru','Nauruan','ناورو','+674','nr','^[0-9]{5,15}$',NULL,'100'),(133,'Nepal','نيبال','Népal','Nepalese','نيبالي','+977','np','^[0-9]{5,15}$',NULL,'100'),(134,'Netherlands','هولندا','Pays-Bas','Dutch','هولندى','+31','nl','^[0-9]{5,15}$',NULL,'100'),(137,'New Zealand (Aotearoa)','نيوزيلندا (اوتياروا)','Nouvelle-Zélande (Aotearoa)','New Zealander','نيوزيلندي','+64','nz','^[0-9]{5,15}$',NULL,'100'),(138,'Nicaragua','نيكاراغوا','Nicaragua','Nicaraguan','نيكاراغوا','+505','ni','^[0-9]{5,15}$',NULL,'100'),(139,'Niger','النيجر','Niger','Nigerien','نيجري','+227','ne','^[0-9]{5,15}$',NULL,'100'),(144,'Norway','النرويج','Norvège','Norwegian','نرويجي','+47','no','^[0-9]{5,15}$',NULL,'100'),(145,'Oman','سلطنة عمان','Oman','Omani','عماني','+968','om','^[0-9]{5,15}$',NULL,'100'),(146,'Pakistan','باكستان','Pakistan','Pakistani','باكستاني','+92','pk','^[0-9]{5,15}$',NULL,'100'),(147,'Palau','بالاو','Palau','Palauan','بالاوي','+680','pw','^[0-9]{5,15}$',NULL,'100'),(148,'Palestinian Territory','الأراضي الفلسطينية','Territoire Palestinien','Palestinian','فلسطيني','+970','ps','^[0-9]{5,15}$',NULL,'100'),(149,'Panama','بناما','Panama','Panamanian','بنمي','+507','pa','^[0-9]{5,15}$',NULL,'100'),(150,'Papua New Guinea','بابوا غينيا الجديدة','Papouasie Nouvelle Guinée','Papua New Guinean','بابوا غينيا الجديدة','+675','pg','^[0-9]{5,15}$',NULL,'100'),(151,'Paraguay','باراغواي','Paraguay','Paraguayan','باراغواياني','+595','py','^[0-9]{5,15}$',NULL,'100'),(152,'Peru','بيرو','Pérou','Peruvian','بيروفي','+51','pe','^[0-9]{5,15}$',NULL,'100'),(155,'Poland','بولندا','Pologne','Polish','بولندي','+48','pl','^[0-9]{5,15}$',NULL,'100'),(156,'Portugal','البرتغال','le Portugal','Portuguese','برتغالي','+351','pt','^[0-9]{5,15}$',NULL,'100'),(157,'Qatar','دولة قطر','Qatar','Qatari','قطري','+974','qa','^[0-9]{5,15}$',NULL,'100'),(158,'Romania','رومانيا','Roumanie','Romanian','روماني','+40','ro','^[0-9]{5,15}$',NULL,'100'),(159,'Russian Federation','الاتحاد الروسي','Fédération Russe','Russian','روسي','+7','ru','^[0-9]{5,15}$',NULL,'100'),(160,'Rwanda','رواندا','Rwanda','Rwandan','رواندي','+250','rw','^[0-9]{5,15}$',NULL,'100'),(164,'Saint Lucia','القديسة لوسيا','Sainte-Lucie','Saint Lucian','لوسياني','+1758','lc','^[0-9]{5,15}$',NULL,'100'),(165,'Samoa','ساموا','Samoa','Samoan','ساموايان','+685','ws','^[0-9]{5,15}$',NULL,'100'),(166,'San Marino','سان مارينو','Saint Marin','San Marinese','سان مارينيز','+378','sm','^[0-9]{5,15}$',NULL,'100'),(167,'Sao Tome and Principe','ساو تومي وبرنسيبي','Sao Tomé et Principe','Sao Tomean','ساو توميان','+239','st','^[0-9]{5,15}$',NULL,'100'),(168,'Saudi Arabia','المملكة العربية السعودية','Arabie Saoudite','Saudi','سعودي','+966','sa','^(05|5)(5|0|3|6|4|9|1|8|7)([0-9]{7})$','iVBORw0KGgoAAAANSUhEUgAAAB4AAAAUCAYAAACaq43EAAAAGXRFWHRTb2Z0d2FyZQBBZG9iZSBJbWFnZVJlYWR5ccllPAAAAyRpVFh0WE1MOmNvbS5hZG9iZS54bXAAAAAAADw/eHBhY2tldCBiZWdpbj0i77u/IiBpZD0iVzVNME1wQ2VoaUh6cmVTek5UY3prYzlkIj8+IDx4OnhtcG1ldGEgeG1sbnM6eD0iYWRvYmU6bnM6bWV0YS8iIHg6eG1wdGs9IkFkb2JlIFhNUCBDb3JlIDUuMy1jMDExIDY2LjE0NTY2MSwgMjAxMi8wMi8wNi0xNDo1NjoyNyAgICAgICAgIj4gPHJkZjpSREYgeG1sbnM6cmRmPSJodHRwOi8vd3d3LnczLm9yZy8xOTk5LzAyLzIyLXJkZi1zeW50YXgtbnMjIj4gPHJkZjpEZXNjcmlwdGlvbiByZGY6YWJvdXQ9IiIgeG1sbnM6eG1wPSJodHRwOi8vbnMuYWRvYmUuY29tL3hhcC8xLjAvIiB4bWxuczp4bXBNTT0iaHR0cDovL25zLmFkb2JlLmNvbS94YXAvMS4wL21tLyIgeG1sbnM6c3RSZWY9Imh0dHA6Ly9ucy5hZG9iZS5jb20veGFwLzEuMC9zVHlwZS9SZXNvdXJjZVJlZiMiIHhtcDpDcmVhdG9yVG9vbD0iQWRvYmUgUGhvdG9zaG9wIENTNiAoTWFjaW50b3NoKSIgeG1wTU06SW5zdGFuY2VJRD0ieG1wLmlpZDoxMzM1RkUxODE3ODcxMUUyQTcxNDlDNEFCRkNENzc2NiIgeG1wTU06RG9jdW1lbnRJRD0ieG1wLmRpZDozMEE2MkM3MDE3ODcxMUUyQTcxNDlDNEFCRkNENzc2NiI+IDx4bXBNTTpEZXJpdmVkRnJvbSBzdFJlZjppbnN0YW5jZUlEPSJ4bXAuaWlkOjEzMzVGRTE2MTc4NzExRTJBNzE0OUM0QUJGQ0Q3NzY2IiBzdFJlZjpkb2N1bWVudElEPSJ4bXAuZGlkOjEzMzVGRTE3MTc4NzExRTJBNzE0OUM0QUJGQ0Q3NzY2Ii8+IDwvcmRmOkRlc2NyaXB0aW9uPiA8L3JkZjpSREY+IDwveDp4bXBtZXRhPiA8P3hwYWNrZXQgZW5kPSJyIj8+VDw2aQAAAwhJREFUeNrEVttOE1EUXdNO72ALvQqIQYSIxIA+GCMvPJEYLzH+gN/hZ/jAL2jiB/jkgw+YeEkkgsRE4w0UrLTFdnqbzrTj2jNtANMpwgOc5uScM3PmrL3X2nufKlic/QlgiF3D8bR+9k21PcGe8VjAPTihprq/UgCrxd505h7aaFm771qGM/WoznOl8017v8L9Hu+eb/a3Hh5btMpCgABqUwcaZfg9Ps4b8BpVhAOnEPH64eNaFfCWCbXVhMfUoXBUXAAP9pgHRoJR3Bu7jbA/grWdLyjUS0jzWc2oYDw6iunkFFa2P6CglxBUQ9DNOm6dncPH4g+8+LWC19+eA+HEIT02ahiLnsGNsXlcy8wgrgbxieDJSBLzo3McU1gmqBCr09tUMIYdsjLcfxpR7m1aZk+PvbiZecAx0O1lhbTlawUk6eVkfBJb5SyGQgMo8blFzWPU8XtxHWkaoelFvM2uYSSSQCw4gDfZVfyu5YnQ9eiGu8fUrUFP8vUixPY4NVWocZ36DYfjWBi+iqnUNLZqO8hW8gj7wrgzsYD10iY+k5nxwXOUyzyCxtQrfWoE9y/eRZJePnz3CDOJCVyKn8er7HtkqN3S1jIKZg0+o4y52BV4yMCzjZcwabBXIlpReuTM4mypa/FgWvhJk3gnducqOVtfP5nIlTaQolGbpD5AT0MEqdE7g9RqzIQ0dS5UttFQvG64mjuw5CEtR0Nz8tnfb7Ng5y9ph87nDCJ7n53vlpO3AiZ7mGr2HF3TSnPXWA6TQxko8Pc5oLKWYDEbzihgYpwcLmCyR+Zkwd4L6yiVq6O1jkFG6mhfBnXOmzTIah+oyI86tmhAjMaVzSq+Mrh0Fhi7oh2tZLZbi4WElF5nLkuFMuiZAEmXIJL1H+bvODW/nLiAp+tLeLL6GAgNol1HDxlce7UWD4RG0a1TqxXsats0oNC4EAPRSwY00V/pef9oB3ssh0sQSf+3/nYuBoJZjOpqNedQrAZcL4f/p3ofkAt1nYj2hHfXB7QTvY+1tsbH+ddH+yvAAIKJO5Z5g0J2AAAAAElFTkSuQmCC','1'),(169,'Senegal','السنغال','Sénégal','Senegalese','سنغالي','+221','sn','^[0-9]{5,15}$',NULL,'100'),(170,'Seychelles','سيشيل','les Seychelles','Seychellois','سيشلي','+248','sc','^[0-9]{5,15}$',NULL,'100'),(171,'Sierra Leone','سيرا ليون','Sierra Leone','Sierra Leonean','سيرا ليوني','+232','sl','^[0-9]{5,15}$',NULL,'100'),(172,'Singapore','سنغافورة','Singapour','Singaporean','سنغافوري','+65','sg','^[0-9]{5,15}$',NULL,'100'),(173,'Slovakia','سلوفاكيا','La slovaquie','Slovakian','سلوفاكي','+421','sk','^[0-9]{5,15}$',NULL,'100'),(174,'Slovenia','سلوفينيا','La slovénie','Slovenian','سلوفيني','+386','si','^[0-9]{5,15}$',NULL,'100'),(175,'Solomon Islands','جزر سليمان','Les îles Salomon','Solomon Islander','جزر سليمان','+677','sb','^[0-9]{5,15}$',NULL,'100'),(176,'Somalia','الصومال','Somalie','Somali','صومالي','+252','so','^[0-9]{5,15}$',NULL,'100'),(177,'South Africa','جنوب أفريقيا','Afrique du Sud','South African','جنوب افريقيي','+27','za','^[0-9]{5,15}$',NULL,'100'),(178,'Spain','إسبانيا','Espagne','Spanish','إسباني','+34','es','^[0-9]{5,15}$',NULL,'100'),(179,'Sri Lanka','سيريلانكا','Sri Lanka','Sri Lankan','سري لانكي','+94','lk','^[0-9]{5,15}$',NULL,'100'),(180,'Sudan','سودان','Soudan','Sudanese','سوداني','+249','sd','^[0-9]{5,15}$',NULL,'100'),(181,'Suriname','سورينام','Suriname','Surinamer','سورينامي','+597','sr','^[0-9]{5,15}$',NULL,'100'),(183,'Swaziland','سوازيلاند','Swaziland','Swazi','سوازي','+268','sz','^[0-9]{5,15}$',NULL,'100'),(184,'Sweden','السويد','Suède','Swedish','سويدي','+46','se','^[0-9]{5,15}$',NULL,'100'),(185,'Switzerland','سويسرا','Suisse','Swiss','سويسري','+41','ch','^[0-9]{5,15}$',NULL,'100'),(186,'Syria','سوريا','Syrie','Syrian','سوري','+963','sy','^[0-9]{5,15}$',NULL,'100'),(187,'Taiwan','تايوان','Taïwan','Taiwanese','تايواني','+886','tw','^[0-9]{5,15}$',NULL,'100'),(188,'Tajikistan','طاجيكستان','Tadjikistan','Tajik','طاجيكي','+992','tj','^[0-9]{5,15}$',NULL,'100'),(189,'Tanzania','تنزانيا','Tanzanie','Tanzanian','تنزاني','+255','tz','^[0-9]{5,15}$',NULL,'100'),(190,'Thailand','تايلاند','Thaïlande','Thai','التايلاندي','+66','th','^[0-9]{5,15}$',NULL,'100'),(191,'Togo','ليذهب','Aller','Togolese','توغواني','+228','tg','^[0-9]{5,15}$',NULL,'100'),(193,'Tonga','تونغا','Tonga','Tongan','تونجاني','+676','to','^[0-9]{5,15}$',NULL,'100'),(194,'Trinidad and Tobago','ترينداد وتوباغو','Trinité-et-Tobago','Trinidadian or Tobagonian','ترينيدادي أو توباغوني','+1868','tt','^[0-9]{5,15}$',NULL,'100'),(195,'Tunisia','تونس','Tunisie','Tunisian','تونسي','+216','tn','^[0-9]{5,15}$',NULL,'100'),(196,'Turkey','ديك رومي','dinde','Turkish','تركي','+90','tr','^[0-9]{5,15}$',NULL,'100'),(197,'Turkmenistan','تركمانستان','Turkménistan','Turkmen','تركمانى','+993','tm','^[0-9]{5,15}$',NULL,'100'),(199,'Tuvalu','توفالو','Tuvalu','Tuvaluan','توفالي','+688','tv','^[0-9]{5,15}$',NULL,'100'),(200,'Uganda','أوغندا','Ouganda','Ugandan','أوغندي','+256','ug','^[0-9]{5,15}$',NULL,'100'),(201,'Ukraine','أوكرانيا','Ukraine','Ukrainian','أوكراني','+380','ua','^[0-9]{5,15}$',NULL,'100'),(202,'United Arab Emirates','الإمارات العربية المتحدة','Emirats Arabes Unis','Emirati','اماراتى','+971','ae','^[0-9]{5,15}$',NULL,'100'),(203,'United States of America','الولايات المتحدة','les États-Unis d\'Amérique','American','امريكى','+1684','us','^[0-9]{5,15}$',NULL,'100'),(204,'Uruguay','أوروغواي','Uruguay','Uruguayan','أوروجواي','+598','uy','^[0-9]{5,15}$',NULL,'100'),(205,'Uzbekistan','أوزبكستان','Ouzbékistan','Uzbekistani','أوزبكستاني','+998','uz','^[0-9]{5,15}$',NULL,'100'),(207,'Venezuela','فنزويلا','Venezuela','Venezuelan','فنزويلي','+58','ve','^[0-9]{5,15}$',NULL,'100'),(208,'Viet Nam','فيتنام','Viet Nam','Vietnamese','فيتنامي','+84','vn','^[0-9]{5,15}$',NULL,'100'),(209,'Yemen','اليمن','Yémen','Yemenite','يمني','+967','ye','^[0-9]{5,15}$',NULL,'100'),(210,'Zambia','زامبيا','Zambie','Zambian','زامبي','+260','zm','^[0-9]{5,15}$',NULL,'100'),(211,'Zimbabwe','زيمبابوي','Zimbabwe','Zimbabwean','زيمبابوي','+263','zw','^[0-9]{5,15}$',NULL,'100'),(221,'Botswana','بوتسوانا','Bostwana','Batswana','بوتسواني','+267','bw','^[0-9]{5,15}$',NULL,'100'),(222,'Bolivia','بوليفيا','Bolivie','Bolivian','بوليفي','+591','bo','^[0-9]{5,15}$',NULL,'100'),(223,'United Kingdom','المملكة المتحدة','United Kingdom','British','بريطاني','+44','gb','^[0-9]{5,15}$',NULL,'100'),(224,'Myanmar','ميانمار','Birmanie','Burmese','بورمي','+95','mm','^[0-9]{5,15}$',NULL,'100'),(225,'Timor-Leste','تيمور ليشتي','Timor oriental','East Timorese','تيموري شرقي','+670','tl','^[0-9]{5,15}$',NULL,'100'),(227,'Philippines','فيلبيني','Philippines','Filipino','فلبيني','+63','ph','^[0-9]{5,15}$',NULL,'100'),(229,'Côte d\'Ivoire','كوت ديفوار','Côte d\'Ivoire','Ivorian','إفواري','+225','ci','^[0-9]{5,15}$',NULL,'100'),(231,'Micronesia','ميكرونيزيا','Micronésie','Micronesian','ميكرونيزي','+691','fm','^[0-9]{5,15}$',NULL,'100'),(232,'Lesotho','ليسوتو','Lesotho','Mosotho','ليسوتو','+266','ls','^[0-9]{5,15}$',NULL,'100'),(234,'Vanuatu',' فانواتي','Vanuatu','Ni-Vanuatu','ني فانواتي','+678','vu','^[0-9]{5,15}$',NULL,'100'),(237,'Serbia','صربيا','Serbie','Serbian','صربي','+381','rs','^[0-9]{5,15}$',NULL,'100');
/*!40000 ALTER TABLE `country` ENABLE KEYS */;
UNLOCK TABLES;

--
-- Table structure for table `game_attribute_values`
--

DROP TABLE IF EXISTS `game_attribute_values`;
/*!40101 SET @saved_cs_client     = @@character_set_client */;
/*!50503 SET character_set_client = utf8mb4 */;
CREATE TABLE `game_attribute_values` (
  `id` int NOT NULL AUTO_INCREMENT,
  `code` varchar(255) DEFAULT NULL,
  `name` varchar(255) DEFAULT NULL,
  `name_ar` varchar(255) DEFAULT NULL,
  `game_attribute_id` bigint DEFAULT NULL,
  `value_rank` int DEFAULT NULL,
  PRIMARY KEY (`id`),
  KEY `FKfib3qr77q0wandekbg2hhfkxq` (`game_attribute_id`),
  CONSTRAINT `FKfib3qr77q0wandekbg2hhfkxq` FOREIGN KEY (`game_attribute_id`) REFERENCES `game_attributes` (`id`)
) ENGINE=InnoDB AUTO_INCREMENT=2120 DEFAULT CHARSET=utf8mb4 COLLATE=utf8mb4_0900_ai_ci;
/*!40101 SET character_set_client = @saved_cs_client */;

--
-- Dumping data for table `game_attribute_values`
--

LOCK TABLES `game_attribute_values` WRITE;
/*!40000 ALTER TABLE `game_attribute_values` DISABLE KEYS */;
INSERT INTO `game_attribute_values` VALUES (1,'brimstone','Brimstone','Brimstone',2,NULL),(2,'viper','Viper','Viper',2,NULL),(3,'Omen\n','Omen\n','Omen\n',2,NULL),(4,'Killjoy\n','Killjoy\n','Killjoy\n',2,NULL),(5,'Cypher\n','Cypher\n','Cypher\n',2,NULL),(6,'Sova\n','Sova\n','Sova\n',2,NULL),(7,'Sage\n','Sage\n','Sage\n',2,NULL),(8,'Phoenix\n','Phoenix\n','Phoenix\n',2,NULL),(9,'Jett\n','Jett\n','Jett\n',2,NULL),(10,'Reyna\n','Reyna\n','Reyna\n',2,NULL),(11,'Raze\n','Raze\n','Raze\n',2,NULL),(12,'Breach\n','Breach\n','Breach\n',2,NULL),(13,'Skye\n','Skye\n','Skye\n',2,NULL),(14,'Yoru\n','Yoru\n','Yoru\n',2,NULL),(15,'Astra\n','Astra\n','Astra\n',2,NULL),(16,'KAY/O\n','KAY/O\n','KAY/O\n',2,NULL),(17,'Chamber\n','Chamber\n','Chamber\n',2,NULL),(18,'Neon\n','Neon\n','Neon\n',2,NULL),(19,'Fade\n','Fade\n','Fade\n',2,NULL),(20,'Harbor','Harbor','Harbor',2,NULL),(21,'Sentinel\n','Sentinel\n','Sentinel\n',3,NULL),(22,'Controller','Controller','Controller',3,NULL),(23,'Initiator','Initiator','Initiator',3,NULL),(24,'Duelist','Duelist','Duelist',3,NULL),(25,'PC','PC','PC',4,NULL),(26,'RADIANT\n','RADIANT\n','RADIANT\n',5,25),(27,'IMMORTAL_3\n','IMMORTAL 3\n','IMMORTAL 3\n',5,24),(28,'IMMORTAL_2\n','IMMORTAL 2\n','IMMORTAL 2\n',5,23),(29,'IMMORTAL_1\n','IMMORTAL 1\n','IMMORTAL 1\n',5,22),(30,'ASCENDANT_3\n','ASCENDANT 3\n','ASCENDANT 3\n',5,21),(31,'ASCENDANT_2\n','ASCENDANT 2\n','ASCENDANT 2\n',5,20),(32,'ASCENDANT_1\n','ASCENDANT 1\n','ASCENDANT 1\n',5,19),(33,'DIAMOND_3\n','DIAMOND 3\n','DIAMOND 3\n',5,18),(34,'DIAMOND_2\n','DIAMOND 2\n','DIAMOND 2\n',5,17),(35,'DIAMOND_1\n','DIAMOND 1\n','DIAMOND 1\n',5,16),(36,'PLATINUM_3\n','PLATINUM 3\n','PLATINUM 3\n',5,15),(37,'PLATINUM_2\n','PLATINUM 2\n','PLATINUM 2\n',5,14),(38,'PLATINUM_1\n','PLATINUM 1\n','PLATINUM 1\n',5,13),(39,'GOLD_3\n','GOLD 3\n','GOLD 3\n',5,12),(40,'GOLD_2\n','GOLD 2\n','GOLD 2\n',5,11),(41,'GOLD_1\n','GOLD 1\n','GOLD 1\n',5,10),(42,'SILVER_3\n','SILVER 3\n','SILVER 3\n',5,9),(43,'SILVER_2\n','SILVER 2\n','SILVER 2\n',5,8),(44,'SILVER_1\n','SILVER 1\n','SILVER 1\n',5,7),(45,'BRONZE_3\n','BRONZE 3\n','BRONZE 3\n',5,6),(46,'BRONZE_2\n','BRONZE 2\n','BRONZE 2\n',5,5),(47,'BRONZE_1\n','BRONZE 1\n','BRONZE 1\n',5,4),(48,'IRON_3\n','IRON 3\n','IRON 3\n',5,3),(49,'IRON_2\n','IRON 2\n','IRON 2\n',5,2),(50,'IRON_1','IRON 1','IRON 1',5,1),(51,'RADIANT\n','RADIANT\n','RADIANT\n',6,25),(52,'IMMORTAL_3\n','IMMORTAL 3\n','IMMORTAL 3\n',6,24),(53,'IMMORTAL_2\n','IMMORTAL 2\n','IMMORTAL 2\n',6,23),(54,'IMMORTAL_1\n','IMMORTAL 1\n','IMMORTAL 1\n',6,22),(55,'ASCENDANT_3\n','ASCENDANT 3\n','ASCENDANT 3\n',6,21),(56,'ASCENDANT_2\n','ASCENDANT 2\n','ASCENDANT 2\n',6,20),(57,'ASCENDANT_1\n','ASCENDANT 1\n','ASCENDANT 1\n',6,19),(58,'DIAMOND_3\n','DIAMOND 3\n','DIAMOND 3\n',6,18),(59,'DIAMOND_2\n','DIAMOND 2\n','DIAMOND 2\n',6,17),(60,'DIAMOND_1\n','DIAMOND 1\n','DIAMOND 1\n',6,16),(61,'PLATINUM_3\n','PLATINUM 3\n','PLATINUM 3\n',6,15),(62,'PLATINUM_2\n','PLATINUM 2\n','PLATINUM 2\n',6,14),(63,'PLATINUM_1\n','PLATINUM 1\n','PLATINUM 1\n',6,13),(64,'GOLD_3\n','GOLD 3\n','GOLD 3\n',6,12),(65,'GOLD_2\n','GOLD 2\n','GOLD 2\n',6,11),(66,'GOLD_1\n','GOLD 1\n','GOLD 1\n',6,10),(67,'SILVER_3\n','SILVER 3\n','SILVER 3\n',6,9),(68,'SILVER_2\n','SILVER 2\n','SILVER 2\n',6,8),(69,'SILVER_1\n','SILVER 1\n','SILVER 1\n',6,7),(70,'BRONZE_3\n','BRONZE 3\n','BRONZE 3\n',6,6),(71,'BRONZE_2\n','BRONZE 2\n','BRONZE 2\n',6,5),(72,'BRONZE_1\n','BRONZE 1\n','BRONZE 1\n',6,4),(73,'IRON_3\n','IRON 3\n','IRON 3\n',6,3),(74,'IRON_2\n','IRON 2\n','IRON 2\n',6,2),(75,'IRON_1','IRON 1','IRON 1',6,1),(112,'DVA','D.VA','D.VA',49,NULL),(113,'DOOMFIST','DOOMFIST','DOOMFIST',49,NULL),(114,'JUNKER_QUEEN','JUNKER QUEEN','JUNKER QUEEN',49,NULL),(115,'ORISA','ORISA','ORISA',49,NULL),(116,'RAMATTRA','RAMATTRA','RAMATTRA',49,NULL),(117,'REINHARDT','REINHARDT','REINHARDT',49,NULL),(118,'ROADHOG','ROADHOG','ROADHOG',49,NULL),(119,'SIGMA','SIGMA','SIGMA',49,NULL),(120,'WINSTON','WINSTON','WINSTON',49,NULL),(121,'WRECKING_BALL','WRECKING BALL','WRECKING BALL',49,NULL),(122,'ZARYA','ZARYA','ZARYA',49,NULL),(123,'ASHE','ASHE','ASHE',49,NULL),(124,'BASTION','BASTION','BASTION',49,NULL),(125,'CASSIDY','CASSIDY','CASSIDY',49,NULL),(126,'ECHO','ECHO','ECHO',49,NULL),(127,'GENJI','GENJI','GENJI',49,NULL),(128,'HANZO','HANZO','HANZO',49,NULL),(129,'JUNKRAT','JUNKRAT','JUNKRAT',49,NULL),(130,'MEI','MEI','MEI',49,NULL),(131,'PHARAH','PHARAH','PHARAH',49,NULL),(132,'REAPER','REAPER','REAPER',49,NULL),(133,'SOJOURN','SOJOURN','SOJOURN',49,NULL),(134,'SOLDIER:_76','SOLDIER: 76','SOLDIER: 76',49,NULL),(135,'SOMBRA','SOMBRA','SOMBRA',49,NULL),(136,'SYMMETRA','SYMMETRA','SYMMETRA',49,NULL),(137,'TORBJORN','TORBJORN','TORBJORN',49,NULL),(138,'TRACER','TRACER','TRACER',49,NULL),(139,'WIDOWMAKER','WIDOWMAKER','WIDOWMAKER',49,NULL),(140,'ANA','ANA','ANA',49,NULL),(141,'BAPTISTE','BAPTISTE','BAPTISTE',49,NULL),(142,'BRIGITTE','BRIGITTE','BRIGITTE',49,NULL),(143,'KIRIKO','KIRIKO','KIRIKO',49,NULL),(144,'LUCIO','LUCIO','LUCIO',49,NULL),(145,'MERCY','MERCY','MERCY',49,NULL),(146,'MOIRA','MOIRA','MOIRA',49,NULL),(147,'ZENYATTA','ZENYATTA','ZENYATTA',49,NULL),(148,'ANJI','ANJI','ANJI',43,NULL),(149,'AXL','AXL','AXL',43,NULL),(150,'BAIKEN','BAIKEN','BAIKEN',43,NULL),(151,'BRIDGET','BRIDGET','BRIDGET',43,NULL),(152,'FAUST','FAUST','FAUST',43,NULL),(153,'CHIPP','CHIPP','CHIPP',43,NULL),(154,'GOLDLEWIS','GOLDLEWIS','GOLDLEWIS',43,NULL),(155,'GIOVANNA','GIOVANNA','GIOVANNA',43,NULL),(156,'HAPPY_CHAOS','HAPPY CHAOS','HAPPY CHAOS',43,NULL),(157,'I-NO','I-NO','I-NO',43,NULL),(158,'JACK-O','JACK-O','JACK-O',43,NULL),(159,'KY','KY','KY',43,NULL),(160,'LEO','LEO','LEO',43,NULL),(161,'MAY','MAY','MAY',43,NULL),(162,'MILLIA','MILLIA','MILLIA',43,NULL),(163,'NAGORIYUKI','NAGORIYUKI','NAGORIYUKI',43,NULL),(164,'POTEMKIN','POTEMKIN','POTEMKIN',43,NULL),(165,'RAMLETHAL','RAMLETHAL','RAMLETHAL',43,NULL),(166,'SOL','SOL','SOL',43,NULL),(167,'TESTAMENT','TESTAMENT','TESTAMENT',43,NULL),(168,'ZATO','ZATO','ZATO',43,NULL),(169,'Ash','Ash','Ash',37,NULL),(170,'Bangalore','Bangalore','Bangalore',37,NULL),(171,'Bloodhound','Bloodhound','Bloodhound',37,NULL),(172,'Catalyst','Catalyst','Catalyst',37,NULL),(173,'Caustic','Caustic','Caustic',37,NULL),(174,'Crypto','Crypto','Crypto',37,NULL),(175,'Fuse','Fuse','Fuse',37,NULL),(176,'Gibraltar','Gibraltar','Gibraltar',37,NULL),(177,'Horizon_','Horizon ','Horizon ',37,NULL),(178,'Lifeline','Lifeline','Lifeline',37,NULL),(179,'Loba','Loba','Loba',37,NULL),(180,'Mad_Maggie','Mad Maggie','Mad Maggie',37,NULL),(181,'Mirage','Mirage','Mirage',37,NULL),(182,'Newcastle','Newcastle','Newcastle',37,NULL),(183,'Octane','Octane','Octane',37,NULL),(184,'Pathfinder','Pathfinder','Pathfinder',37,NULL),(185,'Rampart','Rampart','Rampart',37,NULL),(186,'Revenant','Revenant','Revenant',37,NULL),(187,'Seer','Seer','Seer',37,NULL),(188,'Valkyrie','Valkyrie','Valkyrie',37,NULL),(189,'Vantage','Vantage','Vantage',37,NULL),(190,'Wattson','Wattson','Wattson',37,NULL),(191,'Wraith','Wraith','Wraith',37,NULL),(192,'Ash','Ash','Ash',38,NULL),(193,'Bangalore','Bangalore','Bangalore',38,NULL),(194,'Bloodhound','Bloodhound','Bloodhound',38,NULL),(195,'Caustic','Caustic','Caustic',38,NULL),(196,'Crypto','Crypto','Crypto',38,NULL),(197,'Fade','Fade','Fade',38,NULL),(198,'Gibraltar','Gibraltar','Gibraltar',38,NULL),(199,'Lifeline','Lifeline','Lifeline',38,NULL),(200,'Loba','Loba','Loba',38,NULL),(201,'Mirage','Mirage','Mirage',38,NULL),(202,'Octane','Octane','Octane',38,NULL),(203,'Pathfinder','Pathfinder','Pathfinder',38,NULL),(204,'Rhapsody','Rhapsody','Rhapsody',38,NULL),(205,'Aoi','Aoi','Aoi',39,NULL),(206,'Batman','Batman','Batman',39,NULL),(207,'Bright','Bright','Bright',39,NULL),(208,'Butterfly','Butterfly','Butterfly',39,NULL),(209,'Enzo','Enzo','Enzo',39,NULL),(210,'Flash','Flash','Flash',39,NULL),(211,'Keera','Keera','Keera',39,NULL),(212,'Kriknak','Kriknak','Kriknak',39,NULL),(213,'Murad','Murad','Murad',39,NULL),(214,'Paine','Paine','Paine',39,NULL),(215,'Quillen','Quillen','Quillen',39,NULL),(216,'Nakroth','Nakroth','Nakroth',39,NULL),(217,'Sinestrea','Sinestrea','Sinestrea',39,NULL),(218,'Wukong','Wukong','Wukong',39,NULL),(219,'Zill','Zill','Zill',39,NULL),(220,'Aleister','Aleister','Aleister',39,NULL),(221,'AzzenKa','Azzen\'Ka','Azzen\'Ka',39,NULL),(222,'DArcy','D\'Arcy','D\'Arcy',39,NULL),(223,'Diaochan','Diaochan','Diaochan',39,NULL),(224,'Dirak','Dirak','Dirak',39,NULL),(225,'Iggy','Iggy','Iggy',39,NULL),(226,'Ignis','Ignis','Ignis',39,NULL),(227,'Ilumia','Ilumia','Ilumia',39,NULL),(228,'Ishar','Ishar','Ishar',39,NULL),(229,'Jinnar','Jinnar','Jinnar',39,NULL),(230,'Kahlii','Kahlii','Kahlii',39,NULL),(231,'Zata','Zata','Zata',39,NULL),(232,'Krixi','Krixi','Krixi',39,NULL),(233,'Lauriel','Lauriel','Lauriel',39,NULL),(234,'Liliana','Liliana','Liliana',39,NULL),(235,'Lorion','Lorion','Lorion',39,NULL),(236,'Marja','Marja','Marja',39,NULL),(237,'Mganga','Mganga','Mganga',39,NULL),(238,'Natalya','Natalya','Natalya',39,NULL),(239,'Preyta','Preyta','Preyta',39,NULL),(240,'Raz','Raz','Raz',39,NULL),(241,'Sephera','Sephera','Sephera',39,NULL),(242,'Tulen','Tulen','Tulen',39,NULL),(243,'Veera','Veera','Veera',39,NULL),(244,'Yue','Yue','Yue',39,NULL),(245,'Brunhilda','Brunhilda','Brunhilda',39,NULL),(246,'Capheny','Capheny','Capheny',39,NULL),(247,'Elandorr','Eland\'orr','Eland\'orr',39,NULL),(248,'Elsu','Elsu','Elsu',39,NULL),(249,'Fennik','Fennik','Fennik',39,NULL),(250,'Hayate','Hayate','Hayate',39,NULL),(251,'Laville','Laville','Laville',39,NULL),(252,'Lindis','Lindis','Lindis',39,NULL),(253,'Moren','Moren','Moren',39,NULL),(254,'Slimz','Slimz','Slimz',39,NULL),(255,'TelAnnas','Tel\'Annas ','Tel\'Annas ',39,NULL),(256,'The_Joker','The Joker','The Joker',39,NULL),(257,'Thorne','Thorne','Thorne',39,NULL),(258,'Valhein','Valhein','Valhein',39,NULL),(259,'Violet','Violet','Violet',39,NULL),(260,'Wisp','Wisp','Wisp',39,NULL),(261,'Yorn','Yorn','Yorn',39,NULL),(262,'Alice','Alice','Alice',39,NULL),(263,'Annette','Annette','Annette',39,NULL),(264,'Aya','Aya','Aya',39,NULL),(265,'Chaugnar','Chaugnar','Chaugnar',39,NULL),(266,'Cresht','Cresht','Cresht',39,NULL),(267,'Gildur','Gildur','Gildur',39,NULL),(268,'Helen','Helen','Helen',39,NULL),(269,'Krizzix','Krizzix','Krizzix',39,NULL),(270,'Lumburr','Lumburr','Lumburr',39,NULL),(271,'Rouie','Rouie','Rouie',39,NULL),(272,'TeeMee','TeeMee','TeeMee',39,NULL),(273,'Zip','Zip','Zip',39,NULL),(274,'Arum','Arum','Arum',39,NULL),(275,'Ata','Ata','Ata',39,NULL),(276,'Baldum','Baldum','Baldum',39,NULL),(277,'Grakk','Grakk','Grakk',39,NULL),(278,'Max','Max','Max',39,NULL),(279,'Mina','Mina','Mina',39,NULL),(280,'Omega','Omega','Omega',39,NULL),(281,'Taara','Taara','Taara',39,NULL),(282,'Ormarr','Ormarr','Ormarr',39,NULL),(283,'Roxie','Roxie','Roxie',39,NULL),(284,'Thane','Thane','Thane',39,NULL),(285,'Teeri','Teeri','Teeri',39,NULL),(286,'Toro','Toro','Toro',39,NULL),(287,'Xeniel','Xeniel','Xeniel',39,NULL),(288,'Ybneth','Y\'bneth ','Y\'bneth ',39,NULL),(289,'Airi','Airi','Airi',39,NULL),(290,'Allain','Allain','Allain',39,NULL),(291,'Amily','Amily','Amily',39,NULL),(292,'Arduin','Arduin','Arduin',39,NULL),(293,'Arthur','Arthur','Arthur',39,NULL),(294,'Astrid','Astrid','Astrid',39,NULL),(295,'Dextra','Dextra','Dextra',39,NULL),(296,'Errol','Errol','Errol',39,NULL),(297,'Florentino','Florentino','Florentino',39,NULL),(298,'KilGroth','Kil\'Groth','Kil\'Groth',39,NULL),(299,'Lu_Bu','Lu Bu','Lu Bu',39,NULL),(300,'Maloch','Maloch','Maloch',39,NULL),(301,'Omen','Omen','Omen',39,NULL),(302,'Qi','Qi','Qi',39,NULL),(303,'Riktor','Riktor','Riktor',39,NULL),(304,'Rourke','Rourke','Rourke',39,NULL),(305,'Ryoma','Ryoma','Ryoma',39,NULL),(306,'Skud','Skud','Skud',39,NULL),(307,'Superman','Superman','Superman',39,NULL),(308,'Tachi','Tachi','Tachi',39,NULL),(309,'Veres','Veres','Veres',39,NULL),(310,'Volkath','Volkath','Volkath',39,NULL),(311,'Wiro','Wiro','Wiro',39,NULL),(312,'Wonder_Woman','Wonder Woman','Wonder Woman',39,NULL),(313,'Yan','Yan','Yan',39,NULL),(314,'Yena','Yena','Yena',39,NULL),(315,'Zanis','Zanis','Zanis',39,NULL),(316,'Zephys','Zephys','Zephys',39,NULL),(317,'Zuka','Zuka','Zuka',39,NULL),(318,'Peura','Peura','Peura',39,NULL),(319,'BODVAR','BODVAR','BODVAR',40,NULL),(320,'CASSIDY','CASSIDY','CASSIDY',40,NULL),(321,'ORION','ORION','ORION',40,NULL),(322,'LORD_VRAXX','LORD VRAXX','LORD VRAXX',40,NULL),(323,'GNASH','GNASH','GNASH',40,NULL),(324,'QUEEN_NAI','QUEEN NAI','QUEEN NAI',40,NULL),(325,'HATTORI','HATTORI','HATTORI',40,NULL),(326,'SIR_ROLAND','SIR ROLAND','SIR ROLAND',40,NULL),(327,'SCARLET','SCARLET','SCARLET',40,NULL),(328,'THATCH','THATCH','THATCH',40,NULL),(329,'ADA','ADA','ADA',40,NULL),(330,'SENTINEL','SENTINEL','SENTINEL',40,NULL),(331,'LUCIEN','LUCIEN','LUCIEN',40,NULL),(332,'TEROS','TEROS','TEROS',40,NULL),(333,'BRYNN','BRYNN','BRYNN',40,NULL),(334,'ASURI','ASURI','ASURI',40,NULL),(335,'BARRAZA','BARRAZA','BARRAZA',40,NULL),(336,'EMBER','EMBER','EMBER',40,NULL),(337,'AZOTH','AZOTH','AZOTH',40,NULL),(338,'KOJI','KOJI','KOJI',40,NULL),(339,'ULGRIM','ULGRIM','ULGRIM',40,NULL),(340,'DIANA','DIANA','DIANA',40,NULL),(341,'JHALA','JHALA','JHALA',40,NULL),(342,'KOR','KOR','KOR',40,NULL),(343,'WU_SHANG_','WU SHANG ','WU SHANG ',40,NULL),(344,'VAL','VAL','VAL',40,NULL),(345,'RAGNIR','RAGNIR','RAGNIR',40,NULL),(346,'CROSS','CROSS','CROSS',40,NULL),(347,'MIRAGE','MIRAGE','MIRAGE',40,NULL),(348,'NIX','NIX','NIX',40,NULL),(349,'MORDEX','MORDEX','MORDEX',40,NULL),(350,'YUMIKO','YUMIKO','YUMIKO',40,NULL),(351,'ARTEMIS','ARTEMIS','ARTEMIS',40,NULL),(352,'CASPIAN','CASPIAN','CASPIAN',40,NULL),(353,'SIDRA','SIDRA','SIDRA',40,NULL),(354,'XULL','XULL','XULL',40,NULL),(355,'KAYA','KAYA','KAYA',40,NULL),(356,'ISAIAH','ISAIAH','ISAIAH',40,NULL),(357,'JIRO','JIRO','JIRO',40,NULL),(358,'LIN_FEI','LIN FEI','LIN FEI',40,NULL),(359,'ZARIEL','ZARIEL','ZARIEL',40,NULL),(360,'RAYMAN','RAYMAN','RAYMAN',40,NULL),(361,'DUSK','DUSK','DUSK',40,NULL),(362,'FAIT','FAIT','FAIT',40,NULL),(363,'THOR','THOR','THOR',40,NULL),(364,'PETRA','PETRA','PETRA',40,NULL),(365,'VECTOR','VECTOR','VECTOR',40,NULL),(366,'VOLKOV','VOLKOV','VOLKOV',40,NULL),(367,'ONYX','ONYX','ONYX',40,NULL),(368,'JAEYUN','JAEYUN','JAEYUN',40,NULL),(369,'MAKO','MAKO','MAKO',40,NULL),(370,'MAGYAR','MAGYAR','MAGYAR',40,NULL),(371,'RENO','RENO','RENO',40,NULL),(372,'MUNIN','MUNIN','MUNIN',40,NULL),(373,'ARCADIA','ARCADIA','ARCADIA',40,NULL),(374,'EZIO','EZIO','EZIO',40,NULL),(375,'TEZCA','TEZCA','TEZCA',40,NULL),(376,'SHOVEL_KNIGHT','SHOVEL KNIGHT','SHOVEL KNIGHT',40,NULL),(377,'BLACK_KNIGHT','BLACK KNIGHT','BLACK KNIGHT',40,NULL),(378,'KING_KNIGHT','KING KNIGHT','KING KNIGHT',40,NULL),(379,'SPECTER_KNIGHT','SPECTER KNIGHT','SPECTER KNIGHT',40,NULL),(380,'PLAGUE_KNIGHT','PLAGUE KNIGHT','PLAGUE KNIGHT',40,NULL),(381,'ENCHANTRESS','ENCHANTRESS','ENCHANTRESS',40,NULL),(382,'GLOBOX','GLOBOX','GLOBOX',40,NULL),(383,'BARBARA','BARBARA','BARBARA',40,NULL),(384,'HELLBOY','HELLBOY','HELLBOY',40,NULL),(385,'NIMUE','NIMUE','NIMUE',40,NULL),(386,'DAIMIO','DAIMIO','DAIMIO',40,NULL),(387,'GRUAGACH','GRUAGACH','GRUAGACH',40,NULL),(388,'FINN','FINN','FINN',40,NULL),(389,'JAKE__','JAKE  ','JAKE  ',40,NULL),(390,'PRINCESS_BUBBLEGUM','PRINCESS BUBBLEGUM','PRINCESS BUBBLEGUM',40,NULL),(391,'JOHN_CENA','JOHN CENA','JOHN CENA',40,NULL),(392,'BECKY_LYNCH','BECKY LYNCH','BECKY LYNCH',40,NULL),(393,'XAVIER_WOODS','XAVIER WOODS','XAVIER WOODS',40,NULL),(394,'THE_ROCK','THE ROCK','THE ROCK',40,NULL),(395,'ASUKA','ASUKA','ASUKA',40,NULL),(396,'ROMAN_REIGNS','ROMAN REIGNS','ROMAN REIGNS',40,NULL),(397,'MACHO_MAN','MACHO MAN','MACHO MAN',40,NULL),(398,'THE_UNDERTAKER','THE UNDERTAKER','THE UNDERTAKER',40,NULL),(399,'AMETHYST','AMETHYST','AMETHYST',40,NULL),(400,'STEVONNIE','STEVONNIE','STEVONNIE',40,NULL),(401,'GARNET','GARNET','GARNET',40,NULL),(402,'PEARL','PEARL','PEARL',40,NULL),(403,'LARA_CROFT','LARA CROFT','LARA CROFT',40,NULL),(404,'HEATBLAST','HEATBLAST','HEATBLAST',40,NULL),(405,'DIAMONDHEAD','DIAMONDHEAD','DIAMONDHEAD',40,NULL),(406,'FOUR_ARMS','FOUR ARMS','FOUR ARMS',40,NULL),(407,'MICHONNE','MICHONNE','MICHONNE',40,NULL),(408,'DARYL','DARYL','DARYL',40,NULL),(409,'RICK','RICK','RICK',40,NULL),(410,'NEGAN','NEGAN','NEGAN',40,NULL),(411,'MAGGIE','MAGGIE','MAGGIE',40,NULL),(412,'PO','PO','PO',40,NULL),(413,'TAI_LUNG','TAI LUNG','TAI LUNG',40,NULL),(414,'TIGRESS','TIGRESS','TIGRESS',40,NULL),(415,'MICHELANGELO','MICHELANGELO','MICHELANGELO',40,NULL),(416,'RAPHAEL','RAPHAEL','RAPHAEL',40,NULL),(417,'LEONARDO','LEONARDO','LEONARDO',40,NULL),(418,'DONATELLO','DONATELLO','DONATELLO',40,NULL),(419,'RYU_','RYU ','RYU ',40,NULL),(420,'CHUN_LI','CHUN LI','CHUN LI',40,NULL),(421,'AKUMA','AKUMA','AKUMA',40,NULL),(422,'M_BISON','M. BISON','M. BISON',40,NULL),(423,'KEN','KEN','KEN',40,NULL),(424,'SAKURA','SAKURA','SAKURA',40,NULL),(425,'DHALSIM','DHALSIM','DHALSIM',40,NULL),(426,'LUKE','LUKE','LUKE',40,NULL),(427,'STORM_SHADOW','STORM SHADOW','STORM SHADOW',40,NULL),(428,'SNAKE_EYES','SNAKE EYES','SNAKE EYES',40,NULL),(429,'EIVOR','EIVOR','EIVOR',40,NULL),(430,'ALUCARD','ALUCARD','ALUCARD',40,NULL),(431,'SIMON_BELMONT','SIMON BELMONT','SIMON BELMONT',40,NULL),(432,'AANG','AANG','AANG',40,NULL),(433,'TOPH','TOPH','TOPH',40,NULL),(434,'ZUKO','ZUKO','ZUKO',40,NULL),(435,'Abaddon','Abaddon','Abaddon',41,NULL),(436,'Alchemist','Alchemist','Alchemist',41,NULL),(437,'ANCIENT_APPARITION','ANCIENT APPARITION','ANCIENT APPARITION',41,NULL),(438,'ANTI-MAGE','ANTI-MAGE','ANTI-MAGE',41,NULL),(439,'ARC_WARDEN','ARC WARDEN','ARC WARDEN',41,NULL),(440,'AXE','AXE','AXE',41,NULL),(441,'BANE','BANE','BANE',41,NULL),(442,'BATRIDER','BATRIDER','BATRIDER',41,NULL),(443,'BEASTMASTER','BEASTMASTER','BEASTMASTER',41,NULL),(444,'BLOODSEEKER','BLOODSEEKER','BLOODSEEKER',41,NULL),(445,'BOUNTY_HUNTER','BOUNTY HUNTER','BOUNTY HUNTER',41,NULL),(446,'BREWMASTER','BREWMASTER','BREWMASTER',41,NULL),(447,'BRISTLEBACK','BRISTLEBACK','BRISTLEBACK',41,NULL),(448,'BROODMOTHER','BROODMOTHER','BROODMOTHER',41,NULL),(449,'CENTAUR_WARRUNNER','CENTAUR WARRUNNER','CENTAUR WARRUNNER',41,NULL),(450,'CHAOS_KNIGHT','CHAOS KNIGHT','CHAOS KNIGHT',41,NULL),(451,'CHEN','CHEN','CHEN',41,NULL),(452,'CLINKZ','CLINKZ','CLINKZ',41,NULL),(453,'CLOCKWERK','CLOCKWERK','CLOCKWERK',41,NULL),(454,'CRYSTAL_MAIDEN','CRYSTAL MAIDEN','CRYSTAL MAIDEN',41,NULL),(455,'DARK_SEER','DARK SEER','DARK SEER',41,NULL),(456,'DARK_WILLOW','DARK WILLOW','DARK WILLOW',41,NULL),(457,'DAWNBREAKER','DAWNBREAKER','DAWNBREAKER',41,NULL),(458,'DAZZLE','DAZZLE','DAZZLE',41,NULL),(459,'DEATH_PROPHET','DEATH PROPHET','DEATH PROPHET',41,NULL),(460,'DISRUPTOR','DISRUPTOR','DISRUPTOR',41,NULL),(461,'DOOM','DOOM','DOOM',41,NULL),(462,'DRAGON_KNIGHT','DRAGON KNIGHT','DRAGON KNIGHT',41,NULL),(463,'DROW_RANGER','DROW RANGER','DROW RANGER',41,NULL),(464,'EARTH_SPIRIT','EARTH SPIRIT','EARTH SPIRIT',41,NULL),(465,'EARTHSHAKER','EARTHSHAKER','EARTHSHAKER',41,NULL),(466,'ELDER_TITAN','ELDER TITAN','ELDER TITAN',41,NULL),(467,'EMBER_SPIRIT','EMBER SPIRIT','EMBER SPIRIT',41,NULL),(468,'ENCHANTRESS','ENCHANTRESS','ENCHANTRESS',41,NULL),(469,'ENIGMA','ENIGMA','ENIGMA',41,NULL),(470,'FACELESS_VOID','FACELESS VOID','FACELESS VOID',41,NULL),(471,'GRIMSTROKE','GRIMSTROKE','GRIMSTROKE',41,NULL),(472,'GYROCOPTER','GYROCOPTER','GYROCOPTER',41,NULL),(473,'HOODWINK','HOODWINK','HOODWINK',41,NULL),(474,'HUSKAR','HUSKAR','HUSKAR',41,NULL),(475,'INVOKER','INVOKER','INVOKER',41,NULL),(476,'IO','IO','IO',41,NULL),(477,'JAKIRO','JAKIRO','JAKIRO',41,NULL),(478,'JUGGERNAUT','JUGGERNAUT','JUGGERNAUT',41,NULL),(479,'KEEPER_OF_THE_LIGHT','KEEPER OF THE LIGHT','KEEPER OF THE LIGHT',41,NULL),(480,'KUNKKA','KUNKKA','KUNKKA',41,NULL),(481,'LEGION_COMMANDER','LEGION COMMANDER','LEGION COMMANDER',41,NULL),(482,'LESHRAC','LESHRAC','LESHRAC',41,NULL),(483,'LICH','LICH','LICH',41,NULL),(484,'LIFESTEALER','LIFESTEALER','LIFESTEALER',41,NULL),(485,'LINA','LINA','LINA',41,NULL),(486,'LION','LION','LION',41,NULL),(487,'LONE_DRUID','LONE DRUID','LONE DRUID',41,NULL),(488,'LUNA','LUNA','LUNA',41,NULL),(489,'LYCAN','LYCAN','LYCAN',41,NULL),(490,'MAGNUS','MAGNUS','MAGNUS',41,NULL),(491,'MARCI','MARCI','MARCI',41,NULL),(492,'MARS','MARS','MARS',41,NULL),(493,'MEDUSA','MEDUSA','MEDUSA',41,NULL),(494,'MEEPO','MEEPO','MEEPO',41,NULL),(495,'MIRANA','MIRANA','MIRANA',41,NULL),(496,'MONKEY_KING','MONKEY KING','MONKEY KING',41,NULL),(497,'MORPHLING','MORPHLING','MORPHLING',41,NULL),(498,'NAGA_SIREN','NAGA SIREN','NAGA SIREN',41,NULL),(499,'NATURES_PROPHET','NATURE\'S PROPHET','NATURE\'S PROPHET',41,NULL),(500,'NECROPHOS','NECROPHOS','NECROPHOS',41,NULL),(501,'NIGHT_STALKER','NIGHT STALKER','NIGHT STALKER',41,NULL),(502,'NYX_ASSASSIN','NYX ASSASSIN','NYX ASSASSIN',41,NULL),(503,'OGRE_MAGI','OGRE MAGI','OGRE MAGI',41,NULL),(504,'OMNIKNIGHT','OMNIKNIGHT','OMNIKNIGHT',41,NULL),(505,'ORACLE','ORACLE','ORACLE',41,NULL),(506,'OUTWORLD_DESTROYER','OUTWORLD DESTROYER','OUTWORLD DESTROYER',41,NULL),(507,'PANGOLIER','PANGOLIER','PANGOLIER',41,NULL),(508,'PHANTOM_ASSASSIN','PHANTOM ASSASSIN','PHANTOM ASSASSIN',41,NULL),(509,'PHANTOM_LANCER','PHANTOM LANCER','PHANTOM LANCER',41,NULL),(510,'PHOENIX','PHOENIX','PHOENIX',41,NULL),(511,'PRIMAL_BEAST','PRIMAL BEAST','PRIMAL BEAST',41,NULL),(512,'PUCK','PUCK','PUCK',41,NULL),(513,'PUDGE','PUDGE','PUDGE',41,NULL),(514,'PUGNA','PUGNA','PUGNA',41,NULL),(515,'QUEEN_OF_PAIN','QUEEN OF PAIN','QUEEN OF PAIN',41,NULL),(516,'RAZOR','RAZOR','RAZOR',41,NULL),(517,'RIKI','RIKI','RIKI',41,NULL),(518,'RUBICK','RUBICK','RUBICK',41,NULL),(519,'SAND_KING','SAND KING','SAND KING',41,NULL),(520,'SHADOW_DEMON','SHADOW DEMON','SHADOW DEMON',41,NULL),(521,'SHADOW_FIEND','SHADOW FIEND','SHADOW FIEND',41,NULL),(522,'SHADOW_SHAMAN','SHADOW SHAMAN','SHADOW SHAMAN',41,NULL),(523,'SILENCER','SILENCER','SILENCER',41,NULL),(524,'SKYWRATH_MAGE','SKYWRATH MAGE','SKYWRATH MAGE',41,NULL),(525,'SLARDAR','SLARDAR','SLARDAR',41,NULL),(526,'SLARK','SLARK','SLARK',41,NULL),(527,'SNAPFIRE','SNAPFIRE','SNAPFIRE',41,NULL),(528,'SNIPER','SNIPER','SNIPER',41,NULL),(529,'SPECTRE','SPECTRE','SPECTRE',41,NULL),(530,'SPIRIT_BREAKER','SPIRIT BREAKER','SPIRIT BREAKER',41,NULL),(531,'STORM_SPIRIT','STORM SPIRIT','STORM SPIRIT',41,NULL),(532,'SVEN','SVEN','SVEN',41,NULL),(533,'TECHIES','TECHIES','TECHIES',41,NULL),(534,'TEMPLAR_ASSASSIN','TEMPLAR ASSASSIN','TEMPLAR ASSASSIN',41,NULL),(535,'TERRORBLADE','TERRORBLADE','TERRORBLADE',41,NULL),(536,'TIDEHUNTER','TIDEHUNTER','TIDEHUNTER',41,NULL),(537,'TIMBERSAW','TIMBERSAW','TIMBERSAW',41,NULL),(538,'TINKER','TINKER','TINKER',41,NULL),(539,'TINY','TINY','TINY',41,NULL),(540,'TREANT_PROTECTOR','TREANT PROTECTOR','TREANT PROTECTOR',41,NULL),(541,'TROLL_WARLORD','TROLL WARLORD','TROLL WARLORD',41,NULL),(542,'TUSK','TUSK','TUSK',41,NULL),(543,'UNDERLORD','UNDERLORD','UNDERLORD',41,NULL),(544,'UNDYING','UNDYING','UNDYING',41,NULL),(545,'URSA','URSA','URSA',41,NULL),(546,'VENGEFUL_SPIRIT','VENGEFUL SPIRIT','VENGEFUL SPIRIT',41,NULL),(547,'WITCH_DOCTOR','WITCH DOCTOR','WITCH DOCTOR',41,NULL),(548,'WRAITH_KING','WRAITH KING','WRAITH KING',41,NULL),(549,'ZEUS','ZEUS','ZEUS',41,NULL),(550,'ADULT_GOHAN','ADULT GOHAN','ADULT GOHAN',42,NULL),(551,'ANDROID_16','ANDROID 16','ANDROID 16',42,NULL),(552,'ANDROID_17','ANDROID 17','ANDROID 17',42,NULL),(553,'ANDROID_18','ANDROID 18','ANDROID 18',42,NULL),(554,'ANDROID_21','ANDROID 21','ANDROID 21',42,NULL),(555,'ANDROID_21_(LAB_COAT)','ANDROID 21 (LAB COAT)','ANDROID 21 (LAB COAT)',42,NULL),(556,'BARDOCK','BARDOCK','BARDOCK',42,NULL),(557,'BEERUS','BEERUS','BEERUS',42,NULL),(558,'BROLY','BROLY','BROLY',42,NULL),(559,'BROLY_(DBS)','BROLY (DBS)','BROLY (DBS)',42,NULL),(560,'CAPTAIN_GINYU','CAPTAIN GINYU','CAPTAIN GINYU',42,NULL),(561,'CELL','CELL','CELL',42,NULL),(562,'COOLER','COOLER','COOLER',42,NULL),(563,'FRIEZA','FRIEZA','FRIEZA',42,NULL),(564,'FUSED_ZAMASU','FUSED ZAMASU','FUSED ZAMASU',42,NULL),(565,'GOKU','GOKU','GOKU',42,NULL),(566,'GOKU_BLACK','GOKU BLACK','GOKU BLACK',42,NULL),(567,'GOKU_(GT)','GOKU (GT)','GOKU (GT)',42,NULL),(568,'GOTENKS','GOTENKS','GOTENKS',42,NULL),(569,'HIT','HIT','HIT',42,NULL),(570,'JANEMBA','JANEMBA','JANEMBA',42,NULL),(571,'JIREN','JIREN','JIREN',42,NULL),(572,'KEFLA','KEFLA','KEFLA',42,NULL),(573,'KID_BUU','KID BUU','KID BUU',42,NULL),(574,'KRILLIN','KRILLIN','KRILLIN',42,NULL),(575,'MAJIN_BUU','MAJIN BUU','MAJIN BUU',42,NULL),(576,'MASTER_ROSHI','MASTER ROSHI','MASTER ROSHI',42,NULL),(577,'NAPPA','NAPPA','NAPPA',42,NULL),(578,'PICCOLO','PICCOLO','PICCOLO',42,NULL),(579,'SS4_GOGETA','SS4 GOGETA','SS4 GOGETA',42,NULL),(580,'SUPER_BABY_2','SUPER BABY 2','SUPER BABY 2',42,NULL),(581,'SUPER_SAIYAN_BLUE_GOGETA','SUPER SAIYAN BLUE GOGETA','SUPER SAIYAN BLUE GOGETA',42,NULL),(582,'SUPER_SAIYAN_BLUE_GOKU','SUPER SAIYAN BLUE GOKU','SUPER SAIYAN BLUE GOKU',42,NULL),(583,'SUPER_SAIYAN_BLUE_VEGETA','SUPER SAIYAN BLUE VEGETA','SUPER SAIYAN BLUE VEGETA',42,NULL),(584,'SUPER_SAIYAN_VEGITO','SUPER SAIYAN VEGITO','SUPER SAIYAN VEGITO',42,NULL),(585,'SUPER_SAIYAN_GOKU','SUPER SAIYAN GOKU','SUPER SAIYAN GOKU',42,NULL),(586,'SUPER_SAIYAN_VEGETA','SUPER SAIYAN VEGETA','SUPER SAIYAN VEGETA',42,NULL),(587,'TEEN_GOHAN','TEEN GOHAN','TEEN GOHAN',42,NULL),(588,'TIEN','TIEN','TIEN',42,NULL),(589,'TRUNKS','TRUNKS','TRUNKS',42,NULL),(590,'ULTRA_INSTINCT_GOKU','ULTRA INSTINCT GOKU','ULTRA INSTINCT GOKU',42,NULL),(591,'VEGETA','VEGETA','VEGETA',42,NULL),(592,'VIDEL','VIDEL','VIDEL',42,NULL),(593,'YAMCHA','YAMCHA','YAMCHA',42,NULL),(594,'KUKRI','KUKRI','KUKRI',44,NULL),(595,'ELISABETH','ELISABETH','ELISABETH',44,NULL),(596,'ASH','ASH','ASH',44,NULL),(597,'BENIMARU_NIKAIDO','BENIMARU NIKAIDO','BENIMARU NIKAIDO',44,NULL),(598,'MEITENKUN','MEITENKUN','MEITENKUN',44,NULL),(599,'SHUNEI','SHUNEI','SHUNEI',44,NULL),(600,'JOE_HIGASHI','JOE HIGASHI','JOE HIGASHI',44,NULL),(601,'ANDY_BOGARD','ANDY BOGARD','ANDY BOGARD',44,NULL),(602,'TERRY_BOGARD','TERRY BOGARD','TERRY BOGARD',44,NULL),(603,'DOLORES','DOLORES','DOLORES',44,NULL),(604,'HEIDERN','HEIDERN','HEIDERN',44,NULL),(605,'ISLA','ISLA','ISLA',44,NULL),(606,'WHIP','WHIP','WHIP',44,NULL),(607,'MAXIMA','MAXIMA','MAXIMA',44,NULL),(608,'K','k\'','k\'',44,NULL),(609,'CHIZURU_KAGURA','CHIZURU KAGURA','CHIZURU KAGURA',44,NULL),(610,'IORI_YAGAMI','IORI YAGAMI','IORI YAGAMI',44,NULL),(611,'KYO_KUSANAGI','KYO KUSANAGI','KYO KUSANAGI',44,NULL),(612,'ANGEL','ANGEL','ANGEL',44,NULL),(613,'KULA_DIAMOND','KULA DIAMOND','KULA DIAMOND',44,NULL),(614,'KROHNEN','KROHNEN','KROHNEN',44,NULL),(615,'KING_OF_DINOSAURS','KING OF DINOSAURS','KING OF DINOSAURS',44,NULL),(616,'RAMÓN','RAMÓN','RAMÓN',44,NULL),(617,'ANTONOV','ANTONOV','ANTONOV',44,NULL),(618,'CLARK_STILL','CLARK STILL','CLARK STILL',44,NULL),(619,'RALF_JONES','RALF JONES','RALF JONES',44,NULL),(620,'LEONA_HEIDERN','LEONA HEIDERN','LEONA HEIDERN',44,NULL),(621,'YURI_SAKAZAKI','YURI SAKAZAKI','YURI SAKAZAKI',44,NULL),(622,'MAI_SHIRANUI','MAI SHIRANUI','MAI SHIRANUI',44,NULL),(623,'ATHENA_ASAMIYA','ATHENA ASAMIYA','ATHENA ASAMIYA',44,NULL),(624,'CHRIS','CHRIS','CHRIS',44,NULL),(625,'SHERMIE','SHERMIE','SHERMIE',44,NULL),(626,'YASHIRO_NANAKASE','YASHIRO NANAKASE','YASHIRO NANAKASE',44,NULL),(627,'KING','KING','KING',44,NULL),(628,'ROBERT_GARCIA','ROBERT GARCIA','ROBERT GARCIA',44,NULL),(629,'RYO_SAKAZAKI','RYO SAKAZAKI','RYO SAKAZAKI',44,NULL),(630,'BLUE_MARY','BLUE MARY','BLUE MARY',44,NULL),(631,'VANESSA','VANESSA','VANESSA',44,NULL),(632,'LUONG','LUONG','LUONG',44,NULL),(633,'ROCK_HOWARD','ROCK HOWARD','ROCK HOWARD',44,NULL),(634,'BJENET','B.JENET','B.JENET',44,NULL),(635,'GATO','GATO','GATO',44,NULL),(636,'GEESE_HOWARD','GEESE HOWARD','GEESE HOWARD',44,NULL),(637,'BILLY_KANE','BILLY KANE','BILLY KANE',44,NULL),(638,'RYUJI_YAMAZAKI','RYUJI YAMAZAKI','RYUJI YAMAZAKI',44,NULL),(639,'OROCHI_YASHIRO','OROCHI YASHIRO','OROCHI YASHIRO',44,NULL),(640,'OROCHI_SHERMIE','OROCHI SHERMIE','OROCHI SHERMIE',44,NULL),(641,'OROCHI_CHRIS','OROCHI CHRIS','OROCHI CHRIS',44,NULL),(642,'HAOHMARU','HAOHMARU','HAOHMARU',44,NULL),(643,'NAKORURU','NAKORURU','NAKORURU',44,NULL),(644,'DARLI_DAGGER','DARLI DAGGER','DARLI DAGGER',44,NULL),(645,'OMEGA_RUGAL','OMEGA RUGAL','OMEGA RUGAL',44,NULL),(646,'Aatrox','Aatrox','Aatrox',45,NULL),(647,'Ahri','Ahri','Ahri',45,NULL),(648,'Akali','Akali','Akali',45,NULL),(649,'Akshan','Akshan','Akshan',45,NULL),(650,'Alistar','Alistar','Alistar',45,NULL),(651,'Amumu','Amumu','Amumu',45,NULL),(652,'Anivia','Anivia','Anivia',45,NULL),(653,'Annie','Annie','Annie',45,NULL),(654,'Aphelios','Aphelios','Aphelios',45,NULL),(655,'Ashe','Ashe','Ashe',45,NULL),(656,'Aurelion_Sol','Aurelion Sol','Aurelion Sol',45,NULL),(657,'Azir','Azir','Azir',45,NULL),(658,'Bard','Bard','Bard',45,NULL),(659,'BelVeth','Bel\'Veth','Bel\'Veth',45,NULL),(660,'Blitzcrank','Blitzcrank','Blitzcrank',45,NULL),(661,'Brand','Brand','Brand',45,NULL),(662,'Braum','Braum','Braum',45,NULL),(663,'Caitlyn','Caitlyn','Caitlyn',45,NULL),(664,'Camille','Camille','Camille',45,NULL),(665,'Cassiopeia','Cassiopeia','Cassiopeia',45,NULL),(666,'ChoGath','Cho\'Gath','Cho\'Gath',45,NULL),(667,'Corki','Corki','Corki',45,NULL),(668,'Darius','Darius','Darius',45,NULL),(669,'Diana','Diana','Diana',45,NULL),(670,'Dr_Mundo','Dr. Mundo','Dr. Mundo',45,NULL),(671,'Draven','Draven','Draven',45,NULL),(672,'Ekko','Ekko','Ekko',45,NULL),(673,'Elise','Elise','Elise',45,NULL),(674,'Evelynn','Evelynn','Evelynn',45,NULL),(675,'Ezreal','Ezreal','Ezreal',45,NULL),(676,'Fiddlesticks','Fiddlesticks','Fiddlesticks',45,NULL),(677,'Fiora','Fiora','Fiora',45,NULL),(678,'Fizz','Fizz','Fizz',45,NULL),(679,'Galio','Galio','Galio',45,NULL),(680,'Gangplank','Gangplank','Gangplank',45,NULL),(681,'Garen','Garen','Garen',45,NULL),(682,'Gnar','Gnar','Gnar',45,NULL),(683,'Gragas','Gragas','Gragas',45,NULL),(684,'Graves','Graves','Graves',45,NULL),(685,'Gwen','Gwen','Gwen',45,NULL),(686,'Hecarim','Hecarim','Hecarim',45,NULL),(687,'Heimerdinger','Heimerdinger','Heimerdinger',45,NULL),(688,'Illaoi','Illaoi','Illaoi',45,NULL),(689,'Irelia','Irelia','Irelia',45,NULL),(690,'Ivern','Ivern','Ivern',45,NULL),(691,'Janna','Janna','Janna',45,NULL),(692,'Jarvan_IV','Jarvan IV','Jarvan IV',45,NULL),(693,'Jax','Jax','Jax',45,NULL),(694,'Jayce','Jayce','Jayce',45,NULL),(695,'Jhin','Jhin','Jhin',45,NULL),(696,'Jinx','Jinx','Jinx',45,NULL),(697,'K\'Sante','K\'Sante','K\'Sante',45,NULL),(698,'Kai\'Sa','Kai\'Sa','Kai\'Sa',45,NULL),(699,'Kalista','Kalista','Kalista',45,NULL),(700,'Karma','Karma','Karma',45,NULL),(701,'Karthus','Karthus','Karthus',45,NULL),(702,'Kassadin','Kassadin','Kassadin',45,NULL),(703,'Katarina','Katarina','Katarina',45,NULL),(704,'Kayle','Kayle','Kayle',45,NULL),(705,'Kayn','Kayn','Kayn',45,NULL),(706,'Kennen','Kennen','Kennen',45,NULL),(707,'Kha\'Zix','Kha\'Zix','Kha\'Zix',45,NULL),(708,'Kindred','Kindred','Kindred',45,NULL),(709,'Kled','Kled','Kled',45,NULL),(710,'Kog\'Maw','Kog\'Maw','Kog\'Maw',45,NULL),(711,'LeBlanc','LeBlanc','LeBlanc',45,NULL),(712,'Lee_Sin','Lee Sin','Lee Sin',45,NULL),(713,'Leona','Leona','Leona',45,NULL),(714,'Lillia','Lillia','Lillia',45,NULL),(715,'Lissandra','Lissandra','Lissandra',45,NULL),(716,'Lucian','Lucian','Lucian',45,NULL),(717,'Lulu','Lulu','Lulu',45,NULL),(718,'Lux','Lux','Lux',45,NULL),(719,'Malphite','Malphite','Malphite',45,NULL),(720,'Malzahar','Malzahar','Malzahar',45,NULL),(721,'Maokai','Maokai','Maokai',45,NULL),(722,'Master_Yi','Master Yi','Master Yi',45,NULL),(723,'Miss_Fortune','Miss Fortune','Miss Fortune',45,NULL),(724,'Mordekaiser','Mordekaiser','Mordekaiser',45,NULL),(725,'Morgana','Morgana','Morgana',45,NULL),(726,'Nami','Nami','Nami',45,NULL),(727,'Nasus','Nasus','Nasus',45,NULL),(728,'Nautilus','Nautilus','Nautilus',45,NULL),(729,'Neeko','Neeko','Neeko',45,NULL),(730,'Nidalee','Nidalee','Nidalee',45,NULL),(731,'Nilah','Nilah','Nilah',45,NULL),(732,'Nocturne','Nocturne','Nocturne',45,NULL),(733,'Nunu_&_Willump','Nunu & Willump','Nunu & Willump',45,NULL),(734,'Olaf','Olaf','Olaf',45,NULL),(735,'Orianna','Orianna','Orianna',45,NULL),(736,'Ornn','Ornn','Ornn',45,NULL),(737,'Pantheon','Pantheon','Pantheon',45,NULL),(738,'Poppy','Poppy','Poppy',45,NULL),(739,'Pyke','Pyke','Pyke',45,NULL),(740,'Qiyana','Qiyana','Qiyana',45,NULL),(741,'Quinn','Quinn','Quinn',45,NULL),(742,'Rakan','Rakan','Rakan',45,NULL),(743,'Rammus','Rammus','Rammus',45,NULL),(744,'RekSai','Rek\'Sai','Rek\'Sai',45,NULL),(745,'Rell','Rell','Rell',45,NULL),(746,'Renata_Glasc','Renata Glasc','Renata Glasc',45,NULL),(747,'Renekton','Renekton','Renekton',45,NULL),(748,'Rengar','Rengar','Rengar',45,NULL),(749,'Riven','Riven','Riven',45,NULL),(750,'Rumble','Rumble','Rumble',45,NULL),(751,'Ryze','Ryze','Ryze',45,NULL),(752,'Samira','Samira','Samira',45,NULL),(753,'Sejuani','Sejuani','Sejuani',45,NULL),(754,'Senna','Senna','Senna',45,NULL),(755,'Seraphine','Seraphine','Seraphine',45,NULL),(756,'Sett','Sett','Sett',45,NULL),(757,'Shaco','Shaco','Shaco',45,NULL),(758,'Shen','Shen','Shen',45,NULL),(759,'Shyvana','Shyvana','Shyvana',45,NULL),(760,'Singed','Singed','Singed',45,NULL),(761,'Sion','Sion','Sion',45,NULL),(762,'Sivir','Sivir','Sivir',45,NULL),(763,'Skarner','Skarner','Skarner',45,NULL),(764,'Sona','Sona','Sona',45,NULL),(765,'Soraka','Soraka','Soraka',45,NULL),(766,'Swain','Swain','Swain',45,NULL),(767,'Sylas','Sylas','Sylas',45,NULL),(768,'Syndra','Syndra','Syndra',45,NULL),(769,'Tahm_Kench','Tahm Kench','Tahm Kench',45,NULL),(770,'Taliyah','Taliyah','Taliyah',45,NULL),(771,'Talon','Talon','Talon',45,NULL),(772,'Taric','Taric','Taric',45,NULL),(773,'Teemo','Teemo','Teemo',45,NULL),(774,'Thresh','Thresh','Thresh',45,NULL),(775,'Tristana','Tristana','Tristana',45,NULL),(776,'Trundle','Trundle','Trundle',45,NULL),(777,'Tryndamere','Tryndamere','Tryndamere',45,NULL),(778,'Twisted_Fate','Twisted Fate','Twisted Fate',45,NULL),(779,'Twitch','Twitch','Twitch',45,NULL),(780,'Udyr','Udyr','Udyr',45,NULL),(781,'Urgot','Urgot','Urgot',45,NULL),(782,'Varus','Varus','Varus',45,NULL),(783,'Vayne','Vayne','Vayne',45,NULL),(784,'Veigar','Veigar','Veigar',45,NULL),(785,'VelKoz','Vel\'Koz','Vel\'Koz',45,NULL),(786,'Vex','Vex','Vex',45,NULL),(787,'Vi','Vi','Vi',45,NULL),(788,'Viego','Viego','Viego',45,NULL),(789,'Viktor','Viktor','Viktor',45,NULL),(790,'Vladimir','Vladimir','Vladimir',45,NULL),(791,'Volibear','Volibear','Volibear',45,NULL),(792,'Warwick','Warwick','Warwick',45,NULL),(793,'Wukong','Wukong','Wukong',45,NULL),(794,'Xayah','Xayah','Xayah',45,NULL),(795,'Xerath','Xerath','Xerath',45,NULL),(796,'Xin_Zhao','Xin Zhao','Xin Zhao',45,NULL),(797,'Yasuo','Yasuo','Yasuo',45,NULL),(798,'Yone','Yone','Yone',45,NULL),(799,'Yorick','Yorick','Yorick',45,NULL),(800,'Yuumi','Yuumi','Yuumi',45,NULL),(801,'Zac','Zac','Zac',45,NULL),(802,'Zed','Zed','Zed',45,NULL),(803,'Zeri','Zeri','Zeri',45,NULL),(804,'Ziggs','Ziggs','Ziggs',45,NULL),(805,'Zilean','Zilean','Zilean',45,NULL),(806,'Zoe','Zoe','Zoe',45,NULL),(807,'Zyra','Zyra','Zyra',45,NULL),(808,'Miya','Miya','Miya',46,NULL),(809,'Balmond','Balmond','Balmond',46,NULL),(810,'Saber','Saber','Saber',46,NULL),(811,'Alice','Alice','Alice',46,NULL),(812,'Nana','Nana','Nana',46,NULL),(813,'Tigreal','Tigreal','Tigreal',46,NULL),(814,'Alucard','Alucard','Alucard',46,NULL),(815,'Karina','Karina','Karina',46,NULL),(816,'Akai','Akai','Akai',46,NULL),(817,'Franco','Franco','Franco',46,NULL),(818,'Bane','Bane','Bane',46,NULL),(819,'Bruno','Bruno','Bruno',46,NULL),(820,'Clint','Clint','Clint',46,NULL),(821,'Rafaela','Rafaela','Rafaela',46,NULL),(822,'Eudora','Eudora','Eudora',46,NULL),(823,'Zilong','Zilong','Zilong',46,NULL),(824,'Fanny','Fanny','Fanny',46,NULL),(825,'Layla','Layla','Layla',46,NULL),(826,'Minotaur','Minotaur','Minotaur',46,NULL),(827,'Lolita','Lolita','Lolita',46,NULL),(828,'Hayabusa','Hayabusa','Hayabusa',46,NULL),(829,'Freya','Freya','Freya',46,NULL),(830,'Gord','Gord','Gord',46,NULL),(831,'Natalia','Natalia','Natalia',46,NULL),(832,'Kagura','Kagura','Kagura',46,NULL),(833,'Chou','Chou','Chou',46,NULL),(834,'Sun','Sun','Sun',46,NULL),(835,'Alpha','Alpha','Alpha',46,NULL),(836,'Ruby','Ruby','Ruby',46,NULL),(837,'Yi_Sun-shin','Yi Sun-shin','Yi Sun-shin',46,NULL),(838,'Moskov','Moskov','Moskov',46,NULL),(839,'Johnson','Johnson','Johnson',46,NULL),(840,'Cyclops','Cyclops','Cyclops',46,NULL),(841,'Estes','Estes','Estes',46,NULL),(842,'Hilda','Hilda','Hilda',46,NULL),(843,'Aurora','Aurora','Aurora',46,NULL),(844,'Lapu-Lapu','Lapu-Lapu','Lapu-Lapu',46,NULL),(845,'Vexana','Vexana','Vexana',46,NULL),(846,'Roger','Roger','Roger',46,NULL),(847,'Karrie','Karrie','Karrie',46,NULL),(848,'Gatotkaca','Gatotkaca','Gatotkaca',46,NULL),(849,'Harley','Harley','Harley',46,NULL),(850,'Irithel','Irithel','Irithel',46,NULL),(851,'Grock','Grock','Grock',46,NULL),(852,'Argus','Argus','Argus',46,NULL),(853,'Odette','Odette','Odette',46,NULL),(854,'Lancelot','Lancelot','Lancelot',46,NULL),(855,'Diggie','Diggie','Diggie',46,NULL),(856,'Hylos','Hylos','Hylos',46,NULL),(857,'Zhask','Zhask','Zhask',46,NULL),(858,'Helcurt','Helcurt','Helcurt',46,NULL),(859,'Pharsa','Pharsa','Pharsa',46,NULL),(860,'Lesley','Lesley','Lesley',46,NULL),(861,'Jawhead','Jawhead','Jawhead',46,NULL),(862,'Angela','Angela','Angela',46,NULL),(863,'Gusion','Gusion','Gusion',46,NULL),(864,'Valir','Valir','Valir',46,NULL),(865,'Martis','Martis','Martis',46,NULL),(866,'Uranus','Uranus','Uranus',46,NULL),(867,'Hanabi','Hanabi','Hanabi',46,NULL),(868,'Chang\'e','Chang\'e','Chang\'e',46,NULL),(869,'Kaja','Kaja','Kaja',46,NULL),(870,'Selena','Selena','Selena',46,NULL),(871,'Aldous','Aldous','Aldous',46,NULL),(872,'Claude','Claude','Claude',46,NULL),(873,'Vale','Vale','Vale',46,NULL),(874,'Leomord','Leomord','Leomord',46,NULL),(875,'Lunox','Lunox','Lunox',46,NULL),(876,'Hanzo','Hanzo','Hanzo',46,NULL),(877,'Belerick','Belerick','Belerick',46,NULL),(878,'Kimmy','Kimmy','Kimmy',46,NULL),(879,'Thamuz','Thamuz','Thamuz',46,NULL),(880,'Harith','Harith','Harith',46,NULL),(881,'Minsitthar','Minsitthar','Minsitthar',46,NULL),(882,'Kadita','Kadita','Kadita',46,NULL),(883,'Faramis','Faramis','Faramis',46,NULL),(884,'Badang','Badang','Badang',46,NULL),(885,'Khufra','Khufra','Khufra',46,NULL),(886,'Granger','Granger','Granger',46,NULL),(887,'Guinevere','Guinevere','Guinevere',46,NULL),(888,'Esmeralda','Esmeralda','Esmeralda',46,NULL),(889,'Terizla','Terizla','Terizla',46,NULL),(890,'XBorg','X.Borg','X.Borg',46,NULL),(891,'Ling','Ling','Ling',46,NULL),(892,'Dyrroth','Dyrroth','Dyrroth',46,NULL),(893,'Lylia','Lylia','Lylia',46,NULL),(894,'Baxia','Baxia','Baxia',46,NULL),(895,'Masha','Masha','Masha',46,NULL),(896,'Wanwan','Wanwan','Wanwan',46,NULL),(897,'Silvanna','Silvanna','Silvanna',46,NULL),(898,'Carmilla','Carmilla','Carmilla',46,NULL),(899,'Cecilion','Cecilion','Cecilion',46,NULL),(900,'Atlas','Atlas','Atlas',46,NULL),(901,'Popol_and_Kupa	','Popol and Kupa	','Popol and Kupa	',46,NULL),(902,'Yu_Zhong','Yu Zhong','Yu Zhong',46,NULL),(903,'Luo_Yi','Luo Yi','Luo Yi',46,NULL),(904,'Benedetta','Benedetta','Benedetta',46,NULL),(905,'Khaleed','Khaleed','Khaleed',46,NULL),(906,'Barats','Barats','Barats',46,NULL),(907,'Brody','Brody','Brody',46,NULL),(908,'Yve','Yve','Yve',46,NULL),(909,'Mathilda','Mathilda','Mathilda',46,NULL),(910,'Paquito','Paquito','Paquito',46,NULL),(911,'Gloo','Gloo','Gloo',46,NULL),(912,'Beatrix','Beatrix','Beatrix',46,NULL),(913,'Phoveus','Phoveus','Phoveus',46,NULL),(914,'Natan','Natan','Natan',46,NULL),(915,'Aulus','Aulus','Aulus',46,NULL),(916,'Aamon','Aamon','Aamon',46,NULL),(917,'Floryn','Floryn','Floryn',46,NULL),(918,'Valentina','Valentina','Valentina',46,NULL),(919,'Edith','Edith','Edith',46,NULL),(920,'Yin','Yin','Yin',46,NULL),(921,'Melissa','Melissa','Melissa',46,NULL),(922,'Xavier','Xavier','Xavier',46,NULL),(923,'Julian','Julian','Julian',46,NULL),(924,'Fredrinn','Fredrinn','Fredrinn',46,NULL),(925,'Joy','Joy','Joy',46,NULL),(926,'Aatrox','Aatrox','Aatrox',47,NULL),(927,'Ahri','Ahri','Ahri',47,NULL),(928,'Akali','Akali','Akali',47,NULL),(929,'Akshan','Akshan','Akshan',47,NULL),(930,'Alistar','Alistar','Alistar',47,NULL),(931,'Amumu','Amumu','Amumu',47,NULL),(932,'Annie','Annie','Annie',47,NULL),(933,'Ashe','Ashe','Ashe',47,NULL),(934,'Aurelion_Sol','Aurelion Sol','Aurelion Sol',47,NULL),(935,'Blitzcrank','Blitzcrank','Blitzcrank',47,NULL),(936,'Brand','Brand','Brand',47,NULL),(937,'Braum','Braum','Braum',47,NULL),(938,'Caitlyn','Caitlyn','Caitlyn',47,NULL),(939,'Camille','Camille','Camille',47,NULL),(940,'Corki','Corki','Corki',47,NULL),(941,'Darius','Darius','Darius',47,NULL),(942,'Diana','Diana','Diana',47,NULL),(943,'Dr_Mundo','Dr. Mundo','Dr. Mundo',47,NULL),(944,'Draven','Draven','Draven',47,NULL),(945,'Ekko','Ekko','Ekko',47,NULL),(946,'Evelynn','Evelynn','Evelynn',47,NULL),(947,'Ezreal','Ezreal','Ezreal',47,NULL),(948,'Fiora','Fiora','Fiora',47,NULL),(949,'Fizz','Fizz','Fizz',47,NULL),(950,'Galio','Galio','Galio',47,NULL),(951,'Garen','Garen','Garen',47,NULL),(952,'Gragas','Gragas','Gragas',47,NULL),(953,'Graves','Graves','Graves',47,NULL),(954,'Gwen','Gwen','Gwen',47,NULL),(955,'Irelia','Irelia','Irelia',47,NULL),(956,'Janna','Janna','Janna',47,NULL),(957,'Jarvan_IV','Jarvan IV','Jarvan IV',47,NULL),(958,'Jax','Jax','Jax',47,NULL),(959,'Jayce','Jayce','Jayce',47,NULL),(960,'Jhin','Jhin','Jhin',47,NULL),(961,'Jinx','Jinx','Jinx',47,NULL),(962,'Kai\'Sa','Kai\'Sa','Kai\'Sa',47,NULL),(963,'Karma','Karma','Karma',47,NULL),(964,'Kassadin','Kassadin','Kassadin',47,NULL),(965,'Katarina','Katarina','Katarina',47,NULL),(966,'Kayle','Kayle','Kayle',47,NULL),(967,'Kayn','Kayn','Kayn',47,NULL),(968,'Kennen','Kennen','Kennen',47,NULL),(969,'Kha\'Zix','Kha\'Zix','Kha\'Zix',47,NULL),(970,'Lee_Sin','Lee Sin','Lee Sin',47,NULL),(971,'Leona','Leona','Leona',47,NULL),(972,'Lillia','Lillia','Lillia',47,NULL),(973,'Lucian','Lucian','Lucian',47,NULL),(974,'Lulu','Lulu','Lulu',47,NULL),(975,'Lux','Lux','Lux',47,NULL),(976,'Malphite','Malphite','Malphite',47,NULL),(977,'Master_Yi','Master Yi','Master Yi',47,NULL),(978,'Miss_Fortune','Miss Fortune','Miss Fortune',47,NULL),(979,'Morgana','Morgana','Morgana',47,NULL),(980,'Nami','Nami','Nami',47,NULL),(981,'Nasus','Nasus','Nasus',47,NULL),(982,'Nautilus','Nautilus','Nautilus',47,NULL),(983,'Nunu_&_Willump','Nunu & Willump','Nunu & Willump',47,NULL),(984,'Olaf','Olaf','Olaf',47,NULL),(985,'Orianna','Orianna','Orianna',47,NULL),(986,'Pantheon','Pantheon','Pantheon',47,NULL),(987,'Pyke','Pyke','Pyke',47,NULL),(988,'Rakan','Rakan','Rakan',47,NULL),(989,'Rammus','Rammus','Rammus',47,NULL),(990,'Renekton','Renekton','Renekton',47,NULL),(991,'Rengar','Rengar','Rengar',47,NULL),(992,'Riven','Riven','Riven',47,NULL),(993,'Samira','Samira','Samira',47,NULL),(994,'Senna','Senna','Senna',47,NULL),(995,'Seraphine','Seraphine','Seraphine',47,NULL),(996,'Sett','Sett','Sett',47,NULL),(997,'Shen','Shen','Shen',47,NULL),(998,'Shyvana','Shyvana','Shyvana',47,NULL),(999,'Singed','Singed','Singed',47,NULL),(1000,'Sion','Sion','Sion',47,NULL),(1001,'Sona','Sona','Sona',47,NULL),(1002,'Soraka','Soraka','Soraka',47,NULL),(1003,'Teemo','Teemo','Teemo',47,NULL),(1004,'Thresh','Thresh','Thresh',47,NULL),(1005,'Tristana','Tristana','Tristana',47,NULL),(1006,'Tryndamere','Tryndamere','Tryndamere',47,NULL),(1007,'Twisted_Fate','Twisted Fate','Twisted Fate',47,NULL),(1008,'Varus','Varus','Varus',47,NULL),(1009,'Vayne','Vayne','Vayne',47,NULL),(1010,'Veigar','Veigar','Veigar',47,NULL),(1011,'Vex','Vex','Vex',47,NULL),(1012,'Vi','Vi','Vi',47,NULL),(1013,'Warwick','Warwick','Warwick',47,NULL),(1014,'Wukong','Wukong','Wukong',47,NULL),(1015,'Xayah','Xayah','Xayah',47,NULL),(1016,'Xin_Zhao','Xin Zhao','Xin Zhao',47,NULL),(1017,'Yasuo','Yasuo','Yasuo',47,NULL),(1018,'Yone','Yone','Yone',47,NULL),(1019,'Yuumi','Yuumi','Yuumi',47,NULL),(1020,'Zed','Zed','Zed',47,NULL),(1021,'Ziggs','Ziggs','Ziggs',47,NULL),(1022,'GIZMO','GIZMO','GIZMO',48,NULL),(1023,'HARLEY_QUINN','HARLEY QUINN','HARLEY QUINN',48,NULL),(1024,'JAKE_THE_DOG','JAKE THE DOG','JAKE THE DOG',48,NULL),(1025,'LEBRON','LEBRON','LEBRON',48,NULL),(1026,'MARVIN_THE_MARTIAN','MARVIN THE MARTIAN','MARVIN THE MARTIAN',48,NULL),(1027,'MORTY','MORTY','MORTY',48,NULL),(1028,'REINDOG','REINDOG','REINDOG',48,NULL),(1029,'RICK','RICK','RICK',48,NULL),(1030,'SHAGGY','SHAGGY','SHAGGY',48,NULL),(1031,'STEVEN_UNIVERSE','STEVEN UNIVERSE','STEVEN UNIVERSE',48,NULL),(1032,'STRIPE','STRIPE','STRIPE',48,NULL),(1033,'SUPERMAN','SUPERMAN','SUPERMAN',48,NULL),(1034,'TAZ','TAZ','TAZ',48,NULL),(1035,'THE_IRON_GIANT','THE IRON GIANT','THE IRON GIANT',48,NULL),(1036,'TOM_AND_JERRY','TOM AND JERRY','TOM AND JERRY',48,NULL),(1037,'VELMA','VELMA','VELMA',48,NULL),(1038,'WONDER_WOMAN','WONDER WOMAN','WONDER WOMAN',48,NULL),(1039,'ABIGAIL','ABIGAIL','ABIGAIL',50,NULL),(1040,'AKIRA','AKIRA','AKIRA',50,NULL),(1041,'AKUMA','AKUMA','AKUMA',50,NULL),(1042,'ALEX','ALEX','ALEX',50,NULL),(1043,'BALROG','BALROG','BALROG',50,NULL),(1044,'BIRDIE','BIRDIE','BIRDIE',50,NULL),(1045,'BLANKA','BLANKA','BLANKA',50,NULL),(1046,'CAMMY','CAMMY','CAMMY',50,NULL),(1047,'CHUN-LI','CHUN-LI','CHUN-LI',50,NULL),(1048,'CODY','CODY','CODY',50,NULL),(1049,'DAN','DAN','DAN',50,NULL),(1050,'DHALSIM','DHALSIM','DHALSIM',50,NULL),(1051,'ED','ED','ED',50,NULL),(1052,'EHONDA','E.HONDA','E.HONDA',50,NULL),(1053,'FALKE','FALKE','FALKE',50,NULL),(1054,'FANG','F.A.N.G','F.A.N.G',50,NULL),(1055,'G','G','G',50,NULL),(1056,'GILL','GILL','GILL',50,NULL),(1057,'GUILE','GUILE','GUILE',50,NULL),(1058,'IBUKI','IBUKI','IBUKI',50,NULL),(1059,'JURI','JURI','JURI',50,NULL),(1060,'KAGE','KAGE','KAGE',50,NULL),(1061,'KARIN','KARIN','KARIN',50,NULL),(1062,'KEN','KEN','KEN',50,NULL),(1063,'KOLIN','KOLIN','KOLIN',50,NULL),(1064,'LAURA','LAURA','LAURA',50,NULL),(1065,'LUCIA','LUCIA','LUCIA',50,NULL),(1066,'LUKE','LUKE','LUKE',50,NULL),(1067,'MBISON','M.BISON','M.BISON',50,NULL),(1068,'MENAT','MENAT','MENAT',50,NULL),(1069,'NASH','NASH','NASH',50,NULL),(1070,'NECALLI','NECALLI','NECALLI',50,NULL),(1071,'ORO','ORO','ORO',50,NULL),(1072,'POISON','POISON','POISON',50,NULL),(1073,'RASHID','RASHID','RASHID',50,NULL),(1074,'RMIKA','R.MIKA','R.MIKA',50,NULL),(1075,'ROSE','ROSE','ROSE',50,NULL),(1076,'RYU','RYU','RYU',50,NULL),(1077,'SAGAT','SAGAT','SAGAT',50,NULL),(1078,'SAKURA','SAKURA','SAKURA',50,NULL),(1079,'SETH','SETH','SETH',50,NULL),(1080,'URIEN','URIEN','URIEN',50,NULL),(1081,'VEGA','VEGA','VEGA',50,NULL),(1082,'ZANGIEF','ZANGIEF','ZANGIEF',50,NULL),(1083,'ZEKU','ZEKU','ZEKU',50,NULL),(1084,'MARIO','MARIO','MARIO',51,NULL),(1085,'DONKEY_KONG','DONKEY KONG','DONKEY KONG',51,NULL),(1086,'LINK','LINK','LINK',51,NULL),(1087,'SAMUS','SAMUS','SAMUS',51,NULL),(1088,'DARK_SAMUS','DARK SAMUS','DARK SAMUS',51,NULL),(1089,'YOSHI_','YOSHI ','YOSHI ',51,NULL),(1090,'KIRBY','KIRBY','KIRBY',51,NULL),(1091,'FOX','FOX','FOX',51,NULL),(1092,'PIKACHU','PIKACHU','PIKACHU',51,NULL),(1093,'LUIGI','LUIGI','LUIGI',51,NULL),(1094,'NESS','NESS','NESS',51,NULL),(1095,'CAPTAIN_FALCON','CAPTAIN FALCON','CAPTAIN FALCON',51,NULL),(1096,'JIGGLYPUFF','JIGGLYPUFF','JIGGLYPUFF',51,NULL),(1097,'PEACH','PEACH','PEACH',51,NULL),(1098,'DAISY','DAISY','DAISY',51,NULL),(1099,'BOWSER','BOWSER','BOWSER',51,NULL),(1100,'ICE_CLIMBERS','ICE CLIMBERS','ICE CLIMBERS',51,NULL),(1101,'SHEIK','SHEIK','SHEIK',51,NULL),(1102,'ZELDA','ZELDA','ZELDA',51,NULL),(1103,'DRMARIO','DR.MARIO','DR.MARIO',51,NULL),(1104,'PICHU','PICHU','PICHU',51,NULL),(1105,'FALCO','FALCO','FALCO',51,NULL),(1106,'MARTH','MARTH','MARTH',51,NULL),(1107,'LUCINA','LUCINA','LUCINA',51,NULL),(1108,'YOUNG_LINK','YOUNG LINK','YOUNG LINK',51,NULL),(1109,'GANONDORF','GANONDORF','GANONDORF',51,NULL),(1110,'MEWTWO','MEWTWO','MEWTWO',51,NULL),(1111,'ROY','ROY','ROY',51,NULL),(1112,'CHROM','CHROM','CHROM',51,NULL),(1113,'MR_GAME_&_WATCH','MR. GAME & WATCH','MR. GAME & WATCH',51,NULL),(1114,'META_KNIGHT','META KNIGHT','META KNIGHT',51,NULL),(1115,'PIT','PIT','PIT',51,NULL),(1116,'DAK_PIT','DAK PIT','DAK PIT',51,NULL),(1117,'ZERO_SUIT_SAMUS','ZERO SUIT SAMUS','ZERO SUIT SAMUS',51,NULL),(1118,'WARIO','WARIO','WARIO',51,NULL),(1119,'SNAKE','SNAKE','SNAKE',51,NULL),(1120,'IKE','IKE','IKE',51,NULL),(1121,'POKEMON_TRAINER','POKEMON TRAINER','POKEMON TRAINER',51,NULL),(1122,'DIDDY_KONG','DIDDY KONG','DIDDY KONG',51,NULL),(1123,'LUCAS','LUCAS','LUCAS',51,NULL),(1124,'SONIC','SONIC','SONIC',51,NULL),(1125,'KING_DEDEDE','KING DEDEDE','KING DEDEDE',51,NULL),(1126,'OLIMAR','OLIMAR','OLIMAR',51,NULL),(1127,'LUCARIO','LUCARIO','LUCARIO',51,NULL),(1128,'ROB','R.O.B.','R.O.B.',51,NULL),(1129,'TOON_LINK','TOON LINK','TOON LINK',51,NULL),(1130,'WOLF','WOLF','WOLF',51,NULL),(1131,'VILLAGER','VILLAGER','VILLAGER',51,NULL),(1132,'MEGA_MAN','MEGA MAN','MEGA MAN',51,NULL),(1133,'Wii_Fit_TRAINER','Wii Fit TRAINER','Wii Fit TRAINER',51,NULL),(1134,'ROSALINA_&_LUMA','ROSALINA & LUMA','ROSALINA & LUMA',51,NULL),(1135,'LITTLE_MAC','LITTLE MAC','LITTLE MAC',51,NULL),(1136,'GRENINJA','GRENINJA','GRENINJA',51,NULL),(1137,'Mii_FIGHTER','Mii FIGHTER','Mii FIGHTER',51,NULL),(1138,'PALUTENA','PALUTENA','PALUTENA',51,NULL),(1139,'PAC-MAN','PAC-MAN','PAC-MAN',51,NULL),(1140,'ROBIN','ROBIN','ROBIN',51,NULL),(1141,'SHULK','SHULK','SHULK',51,NULL),(1142,'BOWSER_JR','BOWSER JR.','BOWSER JR.',51,NULL),(1143,'DUCK_HUNT','DUCK HUNT','DUCK HUNT',51,NULL),(1144,'RYU_','RYU ','RYU ',51,NULL),(1145,'KEN','KEN','KEN',51,NULL),(1146,'CLOUD','CLOUD','CLOUD',51,NULL),(1147,'CORRIN','CORRIN','CORRIN',51,NULL),(1148,'BAYONETTA','BAYONETTA','BAYONETTA',51,NULL),(1149,'INKLING','INKLING','INKLING',51,NULL),(1150,'RIDLEY','RIDLEY','RIDLEY',51,NULL),(1151,'SIMON','SIMON','SIMON',51,NULL),(1152,'RICHTER','RICHTER','RICHTER',51,NULL),(1153,'KING_K_ROOL','KING K. ROOL','KING K. ROOL',51,NULL),(1154,'ISABELLE','ISABELLE','ISABELLE',51,NULL),(1155,'INCINEROAR','INCINEROAR','INCINEROAR',51,NULL),(1156,'PIRANHA_PLANT','PIRANHA PLANT','PIRANHA PLANT',51,NULL),(1157,'JOKER','JOKER','JOKER',51,NULL),(1158,'HERO','HERO','HERO',51,NULL),(1159,'BANJO_&_KAZOOIE','BANJO & KAZOOIE','BANJO & KAZOOIE',51,NULL),(1160,'TERRY__','TERRY  ','TERRY  ',51,NULL),(1161,'BYLETH','BYLETH','BYLETH',51,NULL),(1162,'MIN_MIN','MIN MIN','MIN MIN',51,NULL),(1163,'STEVE_/_ALEX','STEVE / ALEX','STEVE / ALEX',51,NULL),(1164,'SEPHIROTH','SEPHIROTH','SEPHIROTH',51,NULL),(1165,'PYRA_/_MYTHRA','PYRA / MYTHRA','PYRA / MYTHRA',51,NULL),(1166,'KAZUYA','KAZUYA','KAZUYA',51,NULL),(1167,'SORA','SORA','SORA',51,NULL),(1168,'AKUMA','AKUMA','AKUMA',52,NULL),(1169,'ALISA','ALISA','ALISA',52,NULL),(1170,'ANNA','ANNA','ANNA',52,NULL),(1171,'ARMOR_KING','ARMOR KING','ARMOR KING',52,NULL),(1172,'ASUKA','ASUKA','ASUKA',52,NULL),(1173,'BOB','BOB','BOB',52,NULL),(1174,'BRYAN','BRYAN','BRYAN',52,NULL),(1175,'CLAUDIO','CLAUDIO','CLAUDIO',52,NULL),(1176,'DEVIL_JIN','DEVIL JIN','DEVIL JIN',52,NULL),(1177,'DRAGUNOV','DRAGUNOV','DRAGUNOV',52,NULL),(1178,'EDDY','EDDY','EDDY',52,NULL),(1179,'ELIZA','ELIZA','ELIZA',52,NULL),(1180,'FAHKUMRAM','FAHKUMRAM','FAHKUMRAM',52,NULL),(1181,'FENG','FENG','FENG',52,NULL),(1182,'GANRYU','GANRYU','GANRYU',52,NULL),(1183,'GEESE','GEESE','GEESE',52,NULL),(1184,'GIGAS','GIGAS','GIGAS',52,NULL),(1185,'HEIHACHI','HEIHACHI','HEIHACHI',52,NULL),(1186,'HWOARANG','HWOARANG','HWOARANG',52,NULL),(1187,'JACK-7','JACK-7','JACK-7',52,NULL),(1188,'JIN','JIN','JIN',52,NULL),(1189,'JOSIE','JOSIE','JOSIE',52,NULL),(1190,'JULIA','JULIA','JULIA',52,NULL),(1191,'KATARINA','KATARINA','KATARINA',52,NULL),(1192,'KAZUMI','KAZUMI','KAZUMI',52,NULL),(1193,'KAZUYA','KAZUYA','KAZUYA',52,NULL),(1194,'KING','KING','KING',52,NULL),(1195,'KUMA','KUMA','KUMA',52,NULL),(1196,'KUNIMITSU','KUNIMITSU','KUNIMITSU',52,NULL),(1197,'LARS','LARS','LARS',52,NULL),(1198,'LAW','LAW','LAW',52,NULL),(1199,'LEE','LEE','LEE',52,NULL),(1200,'LEI','LEI','LEI',52,NULL),(1201,'LEO','LEO','LEO',52,NULL),(1202,'LEROY','LEROY','LEROY',52,NULL),(1203,'LIDIA','LIDIA','LIDIA',52,NULL),(1204,'LILI','LILI','LILI',52,NULL),(1205,'LUCKY_CHLOE','LUCKY CHLOE','LUCKY CHLOE',52,NULL),(1206,'MARDUK','MARDUK','MARDUK',52,NULL),(1207,'MASTER_RAVEN','MASTER RAVEN','MASTER RAVEN',52,NULL),(1208,'MUGUEL','MUGUEL','MUGUEL',52,NULL),(1209,'NEGAN','NEGAN','NEGAN',52,NULL),(1210,'NINA','NINA','NINA',52,NULL),(1211,'NOCTIS','NOCTIS','NOCTIS',52,NULL),(1212,'PANDA','PANDA','PANDA',52,NULL),(1213,'PAUL','PAUL','PAUL',52,NULL),(1214,'SHAHEEN','SHAHEEN','SHAHEEN',52,NULL),(1215,'STEVE','STEVE','STEVE',52,NULL),(1216,'XIAOYU','XIAOYU','XIAOYU',52,NULL),(1217,'YOSHIMITSU','YOSHIMITSU','YOSHIMITSU',52,NULL),(1218,'ZAFINA','ZAFINA','ZAFINA',52,NULL),(1219,'TOP','TOP','TOP',53,NULL),(1220,'JUNGLE','JUNGLE','JUNGLE',53,NULL),(1221,'MID','MID','MID',53,NULL),(1222,'ADC','ADC','ADC',53,NULL),(1223,'SUPPORT','SUPPORT','SUPPORT',53,NULL),(1224,'FLEX','FLEX','FLEX',53,NULL),(1225,'TOP','TOP','TOP',54,NULL),(1226,'JUNGLE','JUNGLE','JUNGLE',54,NULL),(1227,'MID','MID','MID',54,NULL),(1228,'ADC','ADC','ADC',54,NULL),(1229,'SUPPORT','SUPPORT','SUPPORT',54,NULL),(1230,'FLEX','FLEX','FLEX',54,NULL),(1231,'TOP','TOP','TOP',55,NULL),(1232,'JUNGLE','JUNGLE','JUNGLE',55,NULL),(1233,'MID','MID','MID',55,NULL),(1234,'ADC','ADC','ADC',55,NULL),(1235,'SUPPORT','SUPPORT','SUPPORT',55,NULL),(1236,'FLEX','FLEX','FLEX',55,NULL),(1237,'GLAZ','GLAZ','GLAZ',56,NULL),(1238,'FUZE','FUZE','FUZE',56,NULL),(1239,'IQ','IQ','IQ',56,NULL),(1240,'BLITZ','BLITZ','BLITZ',56,NULL),(1241,'TWITCH','TWITCH','TWITCH',56,NULL),(1242,'MONTAGNE','MONTAGNE','MONTAGNE',56,NULL),(1243,'THERMITE','THERMITE','THERMITE',56,NULL),(1244,'ASH','ASH','ASH',56,NULL),(1245,'THATCHER','THATCHER','THATCHER',56,NULL),(1246,'SLEDGE','SLEDGE','SLEDGE',56,NULL),(1247,'BUCK','BUCK','BUCK',56,NULL),(1248,'BLACKBEARD','BLACKBEARD','BLACKBEARD',56,NULL),(1249,'CAPITAO','CAPITAO','CAPITAO',56,NULL),(1250,'HIBANA','HIBANA','HIBANA',56,NULL),(1251,'JACKAL','JACKAL','JACKAL',56,NULL),(1252,'YING','YING','YING',56,NULL),(1253,'ZOFIA','ZOFIA','ZOFIA',56,NULL),(1254,'DOKKAEBI','DOKKAEBI','DOKKAEBI',56,NULL),(1255,'FINKA','FINKA','FINKA',56,NULL),(1256,'LION','LION','LION',56,NULL),(1257,'MAVERICK','MAVERICK','MAVERICK',56,NULL),(1258,'NOMAD','NOMAD','NOMAD',56,NULL),(1259,'GRIDLOCK','GRIDLOCK','GRIDLOCK',56,NULL),(1260,'NOKK','NOKK','NOKK',56,NULL),(1261,'AMARU','AMARU','AMARU',56,NULL),(1262,'KALI','KALI','KALI',56,NULL),(1263,'IANA','IANA','IANA',56,NULL),(1264,'ACE','ACE','ACE',56,NULL),(1265,'ZERO','ZERO','ZERO',56,NULL),(1266,'FLORES','FLORES','FLORES',56,NULL),(1267,'OSA','OSA','OSA',56,NULL),(1268,'SENS','SENS','SENS',56,NULL),(1269,'GRIM','GRIM','GRIM',56,NULL),(1270,'KAPKAN','KAPKAN','KAPKAN',57,NULL),(1271,'TACHANKA','TACHANKA','TACHANKA',57,NULL),(1272,'BANDIT','BANDIT','BANDIT',57,NULL),(1273,'JAGER','JAGER','JAGER',57,NULL),(1274,'ROOK','ROOK','ROOK',57,NULL),(1275,'DOC','DOC','DOC',57,NULL),(1276,'PULSE','PULSE','PULSE',57,NULL),(1277,'CASTLE','CASTLE','CASTLE',57,NULL),(1278,'SMOKE','SMOKE','SMOKE',57,NULL),(1279,'MUTE','MUTE','MUTE',57,NULL),(1280,'FROST','FROST','FROST',57,NULL),(1281,'VALKYRIE','VALKYRIE','VALKYRIE',57,NULL),(1282,'CAVEIRA','CAVEIRA','CAVEIRA',57,NULL),(1283,'ECHO','ECHO','ECHO',57,NULL),(1284,'MIRA','MIRA','MIRA',57,NULL),(1285,'LESION','LESION','LESION',57,NULL),(1286,'ELA','ELA','ELA',57,NULL),(1287,'VIGIL','VIGIL','VIGIL',57,NULL),(1288,'ALIBI','ALIBI','ALIBI',57,NULL),(1289,'MAESTRO','MAESTRO','MAESTRO',57,NULL),(1290,'CLASH','CLASH','CLASH',57,NULL),(1291,'KAID','KAID','KAID',57,NULL),(1292,'MOZZIE','MOZZIE','MOZZIE',57,NULL),(1293,'WARDEN','WARDEN','WARDEN',57,NULL),(1294,'GOYO','GOYO','GOYO',57,NULL),(1295,'WAMAI','WAMAI','WAMAI',57,NULL),(1296,'ORYX','ORYX','ORYX',57,NULL),(1297,'MELUSI','MELUSI','MELUSI',57,NULL),(1298,'ARUNI','ARUNI','ARUNI',57,NULL),(1299,'THUNDERBIRD','THUNDERBIRD','THUNDERBIRD',57,NULL),(1300,'THORN','THORN','THORN',57,NULL),(1301,'AZAMI','AZAMI','AZAMI',57,NULL),(1302,'SOLIS','SOLIS','SOLIS',57,NULL),(1303,'FUT','FUT','FUT',58,NULL),(1304,'Seasons','Seasons','Seasons',58,NULL),(1305,'Pro_Clubs','Pro Clubs','Pro Clubs',58,NULL),(1309,'MOBILE','Mobile','Mobile',61,NULL),(1310,'PC','PC','PC',62,NULL),(1311,'PS5/4','PS5/4','PS5/4',62,NULL),(1312,'XBOX','Xbox','Xbox',62,NULL),(1313,'MOBILE','Mobile','Mobile',63,NULL),(1314,'MOBILE','Mobile','Mobile',64,1),(1315,'PC','PC','PC',65,1),(1316,'PS5/4','PS5/4','PS5/4',65,2),(1317,'XBOX','Xbox','Xbox',65,3),(1318,'PC','PC','PC',66,1),(1319,'PC','PC','PC',67,1),(1320,'PC','PC','PC',68,1),(1321,'PS5/4','PS5/4','PS5/4',68,2),(1322,'XBOX','Xbox','Xbox',68,3),(1323,'PC','PC','PC',69,1),(1324,'PS5/4','PS5/4','PS5/4',69,2),(1325,'XBOX','Xbox','Xbox',69,3),(1326,'PC','PC','PC',70,1),(1327,'PS5/4','PS5/4','PS5/4',70,2),(1328,'XBOX','Xbox','Xbox',70,3),(1329,'PC','PC','PC',71,1),(1330,'PS5/4','PS5/4','PS5/4',71,2),(1331,'XBOX','Xbox','Xbox',71,3),(1332,'PC','PC','PC',72,1),(1333,'PS5/4','PS5/4','PS5/4',72,2),(1334,'XBOX','Xbox','Xbox',72,3),(1335,'PC','PC','PC',73,1),(1336,'MOBILE','Mobile','Mobile',74,1),(1337,'PC','PC','PC',75,1),(1338,'PS5/4','PS5/4','PS5/4',75,2),(1339,'XBOX','Xbox','Xbox',75,3),(1340,'PC','PC','PC',76,1),(1341,'PC','PC','PC',77,1),(1342,'PS5/4','PS5/4','PS5/4',77,2),(1343,'XBOX','Xbox','Xbox',77,3),(1344,'MOBILE','Mobile','Mobile',78,1),(1345,'PC','PC','PC',79,1),(1346,'PS5/4','PS5/4','PS5/4',79,2),(1347,'XBOX','Xbox','Xbox',79,3),(1348,'PC','PC','PC',80,1),(1349,'PS5/4','PS5/4','PS5/4',80,2),(1350,'XBOX','Xbox','Xbox',80,3),(1351,'PC','PC','PC',81,1),(1352,'PS5/4','PS5/4','PS5/4',81,2),(1353,'XBOX','Xbox','Xbox',81,3),(1354,'PC','PC','PC',82,1),(1355,'PS5/4','PS5/4','PS5/4',82,2),(1356,'XBOX','Xbox','Xbox',82,3),(1357,'PC','PC','PC',59,1),(1358,'PS5/4','PS5/4','PS5/4',59,2),(1359,'XBOX','Xbox','Xbox',59,3),(1360,'GK','GK','GK',113,1),(1361,'CB','CB','CB',113,2),(1362,'RB','RB','RB',113,3),(1363,'LB','LB','LB',113,4),(1364,'RWB','RWB','RWB',113,5),(1365,'LWB','LWB','LWB',113,6),(1366,'CM','CM','CM',113,7),(1367,'CDM','CDM','CDM',113,8),(1368,'CAM','CAM','CAM',113,9),(1369,'RM','RM','RM',113,10),(1370,'LM','LM','LM',113,11),(1371,'ST','ST','ST',113,12),(1372,'CF','CF','CF',113,13),(1373,'RF','RF','RF',113,14),(1374,'LF','LF','LF',113,15),(1375,'RW_','RW ','RW ',113,16),(1376,'LW_','LW ','LW ',113,17),(1377,'TOP_1-50','TOP 1-50','TOP 1-50',83,19),(1378,'TOP_51-100','TOP 51-100','TOP 51-100',83,18),(1379,'TOP_101-150','TOP 101-150','TOP 101-150',83,17),(1380,'TOP_151-200','TOP 151-200','TOP 151-200',83,16),(1381,'TOP_201-250','TOP 201-250','TOP 201-250',83,15),(1382,'TOP_251-300','TOP 251-300','TOP 251-300',83,14),(1383,'TOP_301-350','TOP 301-350','TOP 301-350',83,13),(1384,'TOP_351-400','TOP 351-400','TOP 351-400',83,12),(1385,'TOP_401-450','TOP 401-450','TOP 401-450',83,11),(1386,'TOP_451-500','TOP 451-500','TOP 451-500',83,10),(1387,'TOP_501-599','TOP 501-599','TOP 501-599',83,9),(1388,'TOP_600-750','TOP 600-750','TOP 600-750',83,8),(1389,'Master','Master','Master',83,7),(1390,'Diamond','Diamond','Diamond',83,6),(1391,'Platinum','Platinum','Platinum',83,5),(1392,'Gold','Gold','Gold',83,4),(1393,'Silver','Silver','Silver',83,3),(1394,'TOP_1-50','TOP 1-50','TOP 1-50',97,19),(1395,'TOP_51-100','TOP 51-100','TOP 51-100',97,18),(1396,'TOP_101-150','TOP 101-150','TOP 101-150',97,17),(1397,'TOP_151-200','TOP 151-200','TOP 151-200',97,16),(1398,'TOP_201-250','TOP 201-250','TOP 201-250',97,15),(1399,'TOP_251-300','TOP 251-300','TOP 251-300',97,14),(1400,'TOP_301-350','TOP 301-350','TOP 301-350',97,13),(1401,'TOP_351-400','TOP 351-400','TOP 351-400',97,12),(1402,'TOP_401-450','TOP 401-450','TOP 401-450',97,11),(1403,'TOP_451-500','TOP 451-500','TOP 451-500',97,10),(1404,'TOP_501-599','TOP 501-599','TOP 501-599',97,9),(1405,'TOP_600-750','TOP 600-750','TOP 600-750',97,8),(1406,'Master','Master','Master',97,7),(1407,'Diamond','Diamond','Diamond',97,6),(1408,'Platinum','Platinum','Platinum',97,5),(1409,'Gold','Gold','Gold',97,4),(1410,'Silver','Silver','Silver',97,3),(1411,'Bronze','Bronze','Bronze',97,2),(1412,'Rookie','Rookie','Rookie',97,1),(1413,'Bronze','Bronze','Bronze',83,2),(1414,'Rookie','Rookie','Rookie',83,1),(1415,'Eternal_Legend','Eternal Legend','Eternal Legend',84,9),(1416,'Legendary','Legendary','Legendary',84,8),(1417,'Master','Master','Master',84,7),(1418,'Veteran','Veteran','Veteran',84,6),(1419,'Diamond','Diamond','Diamond',84,5),(1420,'Platinum','Platinum','Platinum',84,4),(1421,'Gold','Gold','Gold',84,3),(1422,'Silver','Silver','Silver',84,2),(1423,'Bronze','Bronze','Bronze',84,1),(1424,'Eternal_Legend','Eternal Legend','Eternal Legend',98,9),(1425,'Legendary','Legendary','Legendary',98,8),(1426,'Master','Master','Master',98,7),(1427,'Veteran','Veteran','Veteran',98,6),(1428,'Diamond','Diamond','Diamond',98,5),(1429,'Platinum','Platinum','Platinum',98,4),(1430,'Gold','Gold','Gold',98,3),(1431,'Silver','Silver','Silver',98,2),(1432,'Bronze','Bronze','Bronze',98,1),(1433,'Valhallan','Valhallan','Valhallan',85,32),(1434,'Diamond','Diamond','Diamond',85,31),(1435,'Platinum_5','Platinum 5','Platinum 5',85,30),(1436,'Platinum_4','Platinum 4','Platinum 4',85,29),(1437,'Platinum_3','Platinum 3','Platinum 3',85,28),(1438,'Platinum_2','Platinum 2','Platinum 2',85,27),(1439,'Platinum_1_','Platinum 1 ','Platinum 1 ',85,26),(1440,'Platinum_0','Platinum 0','Platinum 0',85,25),(1441,'Gold_5','Gold 5','Gold 5',85,24),(1442,'Gold_4','Gold 4','Gold 4',85,23),(1443,'Gold_3','Gold 3','Gold 3',85,22),(1444,'Gold_2','Gold 2','Gold 2',85,21),(1445,'Gold_1','Gold 1','Gold 1',85,20),(1446,'Gold_0','Gold 0','Gold 0',85,19),(1447,'Silver_5','Silver 5','Silver 5',85,18),(1448,'Silver_4','Silver 4','Silver 4',85,17),(1449,'Silver_3','Silver 3','Silver 3',85,16),(1450,'Silver_2','Silver 2','Silver 2',85,15),(1451,'Silver_1','Silver 1','Silver 1',85,14),(1452,'Silver_0','Silver 0','Silver 0',85,13),(1453,'Bronze_5','Bronze 5','Bronze 5',85,12),(1454,'Bronze_4','Bronze 4','Bronze 4',85,11),(1455,'Bronze_3','Bronze 3','Bronze 3',85,10),(1456,'Bronze_2','Bronze 2','Bronze 2',85,9),(1457,'Bronze_1','Bronze 1','Bronze 1',85,8),(1458,'Bronze_0','Bronze 0','Bronze 0',85,7),(1459,'Tin_5','Tin 5','Tin 5',85,6),(1460,'Tin_4','Tin 4','Tin 4',85,5),(1461,'Tin_3','Tin 3','Tin 3',85,4),(1462,'Tin_2','Tin 2','Tin 2',85,3),(1463,'Tin_1','Tin 1','Tin 1',85,2),(1464,'Tin_0','Tin 0','Tin 0',85,1),(1465,'Valhallan','Valhallan','Valhallan',99,32),(1466,'Diamond','Diamond','Diamond',99,31),(1467,'Platinum_5','Platinum 5','Platinum 5',99,30),(1468,'Platinum_4','Platinum 4','Platinum 4',99,29),(1469,'Platinum_3','Platinum 3','Platinum 3',99,28),(1470,'Platinum_2','Platinum 2','Platinum 2',99,27),(1471,'Platinum_1_','Platinum 1 ','Platinum 1 ',99,26),(1472,'Platinum_0','Platinum 0','Platinum 0',99,25),(1473,'Gold_5','Gold 5','Gold 5',99,24),(1474,'Gold_4','Gold 4','Gold 4',99,23),(1475,'Gold_3','Gold 3','Gold 3',99,22),(1476,'Gold_2','Gold 2','Gold 2',99,21),(1477,'Gold_1','Gold 1','Gold 1',99,20),(1478,'Gold_0','Gold 0','Gold 0',99,19),(1479,'Silver_5','Silver 5','Silver 5',99,18),(1480,'Silver_4','Silver 4','Silver 4',99,17),(1481,'Silver_3','Silver 3','Silver 3',99,16),(1482,'Silver_2','Silver 2','Silver 2',99,15),(1483,'Silver_1','Silver 1','Silver 1',99,14),(1484,'Silver_0','Silver 0','Silver 0',99,13),(1485,'Bronze_5','Bronze 5','Bronze 5',99,12),(1486,'Bronze_4','Bronze 4','Bronze 4',99,11),(1487,'Bronze_3','Bronze 3','Bronze 3',99,10),(1488,'Bronze_2','Bronze 2','Bronze 2',99,9),(1489,'Bronze_1','Bronze 1','Bronze 1',99,8),(1490,'Bronze_0','Bronze 0','Bronze 0',99,7),(1491,'Tin_5','Tin 5','Tin 5',99,6),(1492,'Tin_4','Tin 4','Tin 4',99,5),(1493,'Tin_3','Tin 3','Tin 3',99,4),(1494,'Tin_2','Tin 2','Tin 2',99,3),(1495,'Tin_1','Tin 1','Tin 1',99,2),(1496,'Tin_0','Tin 0','Tin 0',99,1),(1497,'GLOBAL_ELITE','GLOBAL ELITE','GLOBAL ELITE',86,18),(1498,'SUPREME_MASTER_FIRST_CLASS','SUPREME MASTER FIRST CLASS','SUPREME MASTER FIRST CLASS',86,17),(1499,'LEGENDARY_EAGLE_MASTER','LEGENDARY EAGLE MASTER','LEGENDARY EAGLE MASTER',86,16),(1500,'LEGENDARY_EAGLE','LEGENDARY EAGLE','LEGENDARY EAGLE',86,15),(1501,'DISTINGUISHED_MASTER_GUARDIAN','DISTINGUISHED MASTER GUARDIAN','DISTINGUISHED MASTER GUARDIAN',86,14),(1502,'MASTER_GUARDIAN_ELITE','MASTER GUARDIAN ELITE','MASTER GUARDIAN ELITE',86,13),(1503,'MASTER_GUARDIAN_II','MASTER GUARDIAN II','MASTER GUARDIAN II',86,12),(1504,'MASTER_GUARDIAN_I','MASTER GUARDIAN I','MASTER GUARDIAN I',86,11),(1505,'GOLD_NOVA_MASTER','GOLD NOVA MASTER','GOLD NOVA MASTER',86,10),(1506,'GOLD_NOVA_III','GOLD NOVA III','GOLD NOVA III',86,9),(1507,'GOLD_NOVA_II','GOLD NOVA II','GOLD NOVA II',86,8),(1508,'GOLD_NOVA_I','GOLD NOVA I','GOLD NOVA I',86,7),(1509,'SILVER_ELITE_MASTER','SILVER ELITE MASTER','SILVER ELITE MASTER',86,6),(1510,'SILVER_ELITE','SILVER ELITE','SILVER ELITE',86,5),(1511,'SILVER_IV','SILVER IV','SILVER IV',86,4),(1512,'SILVER_III','SILVER III','SILVER III',86,3),(1513,'SILVER_2','SILVER 2','SILVER 2',86,2),(1514,'SILVER_I','SILVER I','SILVER I',86,1),(1515,'GLOBAL_ELITE','GLOBAL ELITE','GLOBAL ELITE',100,18),(1516,'SUPREME_MASTER_FIRST_CLASS','SUPREME MASTER FIRST CLASS','SUPREME MASTER FIRST CLASS',100,17),(1517,'LEGENDARY_EAGLE_MASTER','LEGENDARY EAGLE MASTER','LEGENDARY EAGLE MASTER',100,16),(1518,'LEGENDARY_EAGLE','LEGENDARY EAGLE','LEGENDARY EAGLE',100,15),(1519,'DISTINGUISHED_MASTER_GUARDIAN','DISTINGUISHED MASTER GUARDIAN','DISTINGUISHED MASTER GUARDIAN',100,14),(1520,'MASTER_GUARDIAN_ELITE','MASTER GUARDIAN ELITE','MASTER GUARDIAN ELITE',100,13),(1521,'MASTER_GUARDIAN_II','MASTER GUARDIAN II','MASTER GUARDIAN II',100,12),(1522,'MASTER_GUARDIAN_I','MASTER GUARDIAN I','MASTER GUARDIAN I',100,11),(1523,'GOLD_NOVA_MASTER','GOLD NOVA MASTER','GOLD NOVA MASTER',100,10),(1524,'GOLD_NOVA_III','GOLD NOVA III','GOLD NOVA III',100,9),(1525,'GOLD_NOVA_II','GOLD NOVA II','GOLD NOVA II',100,8),(1526,'GOLD_NOVA_I','GOLD NOVA I','GOLD NOVA I',100,7),(1527,'SILVER_ELITE_MASTER','SILVER ELITE MASTER','SILVER ELITE MASTER',100,6),(1528,'SILVER_ELITE','SILVER ELITE','SILVER ELITE',100,5),(1529,'SILVER_IV','SILVER IV','SILVER IV',100,4),(1530,'SILVER_III','SILVER III','SILVER III',100,3),(1531,'SILVER_2','SILVER 2','SILVER 2',100,2),(1532,'SILVER_I','SILVER I','SILVER I',100,1),(1533,'Zen-Oh','Zen-Oh','Zen-Oh',87,24),(1534,'Great_Priest','Great Priest','Great Priest',87,23),(1535,'Angel','Angel','Angel',87,22),(1536,'Ultra_Instinct','Ultra Instinct','Ultra Instinct',87,21),(1537,'God_Of_Destruction','God Of Destruction','God Of Destruction',87,20),(1538,'SSB_Evolved','SSB Evolved','SSB Evolved',87,19),(1539,'Ultra_Instinct_-Sign-','Ultra Instinct -Sign-','Ultra Instinct -Sign-',87,18),(1540,'Pride_Trooper','Pride Trooper','Pride Trooper',87,17),(1541,'Super_Saiyan_Rosé','Super Saiyan Rosé','Super Saiyan Rosé',87,16),(1542,'Living_Legend','Living Legend','Living Legend',87,15),(1543,'Super_Saiyan_Blue','Super Saiyan Blue','Super Saiyan Blue',87,14),(1544,'Super_Saiyan_God','Super Saiyan God','Super Saiyan God',87,13),(1545,'Majin','Majin','Majin',87,12),(1546,'Super_Saiyan_3','Super Saiyan 3','Super Saiyan 3',87,11),(1547,'Demon','Demon','Demon',87,10),(1548,'Supreme_Kai','Supreme Kai','Supreme Kai',87,9),(1549,'Super_Saiyan_2','Super Saiyan 2','Super Saiyan 2',87,8),(1550,'Android','Android','Android',87,7),(1551,'Super_Saiyan','Super Saiyan','Super Saiyan',87,6),(1552,'Frieza_Clan','Frieza Clan','Frieza Clan',87,5),(1553,'Saiyan','Saiyan','Saiyan',87,4),(1554,'Namekian','Namekian','Namekian',87,3),(1555,'Earthling','Earthling','Earthling',87,2),(1556,'Saibaman','Saibaman','Saibaman',87,1),(1557,'Zen-Oh','Zen-Oh','Zen-Oh',101,24),(1558,'Great_Priest','Great Priest','Great Priest',101,23),(1559,'Angel','Angel','Angel',101,22),(1560,'Ultra_Instinct','Ultra Instinct','Ultra Instinct',101,21),(1561,'God_Of_Destruction','God Of Destruction','God Of Destruction',101,20),(1562,'SSB_Evolved','SSB Evolved','SSB Evolved',101,19),(1563,'Ultra_Instinct_-Sign-','Ultra Instinct -Sign-','Ultra Instinct -Sign-',101,18),(1564,'Pride_Trooper','Pride Trooper','Pride Trooper',101,17),(1565,'Super_Saiyan_Rosé','Super Saiyan Rosé','Super Saiyan Rosé',101,16),(1566,'Living_Legend','Living Legend','Living Legend',101,15),(1567,'Super_Saiyan_Blue','Super Saiyan Blue','Super Saiyan Blue',101,14),(1568,'Super_Saiyan_God','Super Saiyan God','Super Saiyan God',101,13),(1569,'Majin','Majin','Majin',101,12),(1570,'Super_Saiyan_3','Super Saiyan 3','Super Saiyan 3',101,11),(1571,'Demon','Demon','Demon',101,10),(1572,'Supreme_Kai','Supreme Kai','Supreme Kai',101,9),(1573,'Super_Saiyan_2','Super Saiyan 2','Super Saiyan 2',101,8),(1574,'Android','Android','Android',101,7),(1575,'Super_Saiyan','Super Saiyan','Super Saiyan',101,6),(1576,'Frieza_Clan','Frieza Clan','Frieza Clan',101,5),(1577,'Saiyan','Saiyan','Saiyan',101,4),(1578,'Namekian','Namekian','Namekian',101,3),(1579,'Earthling','Earthling','Earthling',101,2),(1580,'Saibaman','Saibaman','Saibaman',101,1),(1581,'Challenger','Challenger','Challenger',88,27),(1582,'Grand_Master','Grand Master','Grand Master',88,26),(1583,'Master','Master','Master',88,25),(1584,'Diamond_I','Diamond I','Diamond I',88,24),(1585,'Diamond_II','Diamond II','Diamond II',88,23),(1586,'Diamond_III','Diamond III','Diamond III',88,22),(1587,'Diamond_IV','Diamond IV','Diamond IV',88,21),(1588,'Platinum_I','Platinum I','Platinum I',88,20),(1589,'Platinum_II','Platinum II','Platinum II',88,19),(1590,'Platinum_III','Platinum III','Platinum III',88,18),(1591,'Platinum_IV','Platinum IV','Platinum IV',88,17),(1592,'Gold_I','Gold I','Gold I',88,16),(1593,'Gold_II','Gold II','Gold II',88,15),(1594,'Gold_III','Gold III','Gold III',88,14),(1595,'Gold_IV','Gold IV','Gold IV',88,13),(1596,'Silver_I','Silver I','Silver I',88,12),(1597,'Silver_II','Silver II','Silver II',88,11),(1598,'Silver_III','Silver III','Silver III',88,10),(1599,'Silver_IV','Silver IV','Silver IV',88,9),(1600,'Bronze_I','Bronze I','Bronze I',88,8),(1601,'Bronze_II','Bronze II','Bronze II',88,7),(1602,'Bronze_III','Bronze III','Bronze III',88,6),(1603,'Bronze_IV','Bronze IV','Bronze IV',88,5),(1604,'Iron_I','Iron I','Iron I',88,4),(1605,'Iron_II','Iron II','Iron II',88,3),(1606,'Iron_III','Iron III','Iron III',88,2),(1607,'Iron_IV','Iron IV','Iron IV',88,1),(1608,'Challenger','Challenger','Challenger',102,27),(1609,'Grand_Master','Grand Master','Grand Master',102,26),(1610,'Master','Master','Master',102,25),(1611,'Diamond_I','Diamond I','Diamond I',102,24),(1612,'Diamond_II','Diamond II','Diamond II',102,23),(1613,'Diamond_III','Diamond III','Diamond III',102,22),(1614,'Diamond_IV','Diamond IV','Diamond IV',102,21),(1615,'Platinum_I','Platinum I','Platinum I',102,20),(1616,'Platinum_II','Platinum II','Platinum II',102,19),(1617,'Platinum_III','Platinum III','Platinum III',102,18),(1618,'Platinum_IV','Platinum IV','Platinum IV',102,17),(1619,'Gold_I','Gold I','Gold I',102,16),(1620,'Gold_II','Gold II','Gold II',102,15),(1621,'Gold_III','Gold III','Gold III',102,14),(1622,'Gold_IV','Gold IV','Gold IV',102,13),(1623,'Silver_I','Silver I','Silver I',102,12),(1624,'Silver_II','Silver II','Silver II',102,11),(1625,'Silver_III','Silver III','Silver III',102,10),(1626,'Silver_IV','Silver IV','Silver IV',102,9),(1627,'Bronze_I','Bronze I','Bronze I',102,8),(1628,'Bronze_II','Bronze II','Bronze II',102,7),(1629,'Bronze_III','Bronze III','Bronze III',102,6),(1630,'Bronze_IV','Bronze IV','Bronze IV',102,5),(1631,'Iron_I','Iron I','Iron I',102,4),(1632,'Iron_II','Iron II','Iron II',102,3),(1633,'Iron_III','Iron III','Iron III',102,2),(1634,'Iron_IV','Iron IV','Iron IV',102,1),(1635,'Mythical_Glory','Mythical Glory','Mythical Glory',89,28),(1636,'Mythic_I','Mythic I','Mythic I',89,27),(1637,'Mythic_II','Mythic II','Mythic II',89,26),(1638,'Mythic_III','Mythic III','Mythic III',89,25),(1639,'Mythic_IV','Mythic IV','Mythic IV',89,24),(1640,'Legend_I','Legend I','Legend I',89,23),(1641,'Legend_II','Legend II','Legend II',89,22),(1642,'Legend_III','Legend III','Legend III',89,21),(1643,'Legend_IV','Legend IV','Legend IV',89,20),(1644,'Epic_I','Epic I','Epic I',89,19),(1645,'Epic_II','Epic II','Epic II',89,18),(1646,'Epic_III','Epic III','Epic III',89,17),(1647,'Epic_IV','Epic IV','Epic IV',89,16),(1648,'Grand_Master_I','Grand Master I','Grand Master I',89,15),(1649,'Grand_Master_II','Grand Master II','Grand Master II',89,14),(1650,'Grand_Master_III','Grand Master III','Grand Master III',89,13),(1651,'Grand_Master_IV','Grand Master IV','Grand Master IV',89,12),(1652,'Master_I','Master I','Master I',89,11),(1653,'Master_II','Master II','Master II',89,10),(1654,'Master_III','Master III','Master III',89,9),(1655,'Master_IV','Master IV','Master IV',89,8),(1656,'Elite_I','Elite I','Elite I',89,7),(1657,'Elite_II','Elite II','Elite II',89,6),(1658,'Elite_III','Elite III','Elite III',89,5),(1659,'Elite_IV','Elite IV','Elite IV',89,4),(1660,'Warrior_I','Warrior I','Warrior I',89,3),(1661,'Warrior_II','Warrior II','Warrior II',89,2),(1662,'Warrior_III','Warrior III','Warrior III',89,1),(1663,'Mythical_Glory','Mythical Glory','Mythical Glory',103,28),(1664,'Mythic_I','Mythic I','Mythic I',103,27),(1665,'Mythic_II','Mythic II','Mythic II',103,26),(1666,'Mythic_III','Mythic III','Mythic III',103,25),(1667,'Mythic_IV','Mythic IV','Mythic IV',103,24),(1668,'Legend_I','Legend I','Legend I',103,23),(1669,'Legend_II','Legend II','Legend II',103,22),(1670,'Legend_III','Legend III','Legend III',103,21),(1671,'Legend_IV','Legend IV','Legend IV',103,20),(1672,'Epic_I','Epic I','Epic I',103,19),(1673,'Epic_II','Epic II','Epic II',103,18),(1674,'Epic_III','Epic III','Epic III',103,17),(1675,'Epic_IV','Epic IV','Epic IV',103,16),(1676,'Grand_Master_I','Grand Master I','Grand Master I',103,15),(1677,'Grand_Master_II','Grand Master II','Grand Master II',103,14),(1678,'Grand_Master_III','Grand Master III','Grand Master III',103,13),(1679,'Grand_Master_IV','Grand Master IV','Grand Master IV',103,12),(1680,'Master_I','Master I','Master I',103,11),(1681,'Master_II','Master II','Master II',103,10),(1682,'Master_III','Master III','Master III',103,9),(1683,'Master_IV','Master IV','Master IV',103,8),(1684,'Elite_I','Elite I','Elite I',103,7),(1685,'Elite_II','Elite II','Elite II',103,6),(1686,'Elite_III','Elite III','Elite III',103,5),(1687,'Elite_IV','Elite IV','Elite IV',103,4),(1688,'Warrior_I','Warrior I','Warrior I',103,3),(1689,'Warrior_II','Warrior II','Warrior II',103,2),(1690,'Warrior_III','Warrior III','Warrior III',103,1),(1691,'Mythical_Glory','Mythical Glory','Mythical Glory',90,28),(1692,'Mythic_I','Mythic I','Mythic I',90,27),(1693,'Mythic_II','Mythic II','Mythic II',90,26),(1694,'Mythic_III','Mythic III','Mythic III',90,25),(1695,'Mythic_IV','Mythic IV','Mythic IV',90,24),(1696,'Legend_I','Legend I','Legend I',90,23),(1697,'Legend_II','Legend II','Legend II',90,22),(1698,'Legend_III','Legend III','Legend III',90,21),(1699,'Legend_IV','Legend IV','Legend IV',90,20),(1700,'Epic_I','Epic I','Epic I',90,19),(1701,'Epic_II','Epic II','Epic II',90,18),(1702,'Epic_III','Epic III','Epic III',90,17),(1703,'Epic_IV','Epic IV','Epic IV',90,16),(1704,'Grand_Master_I','Grand Master I','Grand Master I',90,15),(1705,'Grand_Master_II','Grand Master II','Grand Master II',90,14),(1706,'Grand_Master_III','Grand Master III','Grand Master III',90,13),(1707,'Grand_Master_IV','Grand Master IV','Grand Master IV',90,12),(1708,'Master_I','Master I','Master I',90,11),(1709,'Master_II','Master II','Master II',90,10),(1710,'Master_III','Master III','Master III',90,9),(1711,'Master_IV','Master IV','Master IV',90,8),(1712,'Elite_I','Elite I','Elite I',90,7),(1713,'Elite_II','Elite II','Elite II',90,6),(1714,'Elite_III','Elite III','Elite III',90,5),(1715,'Elite_IV','Elite IV','Elite IV',90,4),(1716,'Warrior_I','Warrior I','Warrior I',90,3),(1717,'Warrior_II','Warrior II','Warrior II',90,2),(1718,'Warrior_III','Warrior III','Warrior III',90,1),(1719,'Mythical_Glory','Mythical Glory','Mythical Glory',104,28),(1720,'Mythic_I','Mythic I','Mythic I',104,27),(1721,'Mythic_II','Mythic II','Mythic II',104,26),(1722,'Mythic_III','Mythic III','Mythic III',104,25),(1723,'Mythic_IV','Mythic IV','Mythic IV',104,24),(1724,'Legend_I','Legend I','Legend I',104,23),(1725,'Legend_II','Legend II','Legend II',104,22),(1726,'Legend_III','Legend III','Legend III',104,21),(1727,'Legend_IV','Legend IV','Legend IV',104,20),(1728,'Epic_I','Epic I','Epic I',104,19),(1729,'Epic_II','Epic II','Epic II',104,18),(1730,'Epic_III','Epic III','Epic III',104,17),(1731,'Epic_IV','Epic IV','Epic IV',104,16),(1732,'Grand_Master_I','Grand Master I','Grand Master I',104,15),(1733,'Grand_Master_II','Grand Master II','Grand Master II',104,14),(1734,'Grand_Master_III','Grand Master III','Grand Master III',104,13),(1735,'Grand_Master_IV','Grand Master IV','Grand Master IV',104,12),(1736,'Master_I','Master I','Master I',104,11),(1737,'Master_II','Master II','Master II',104,10),(1738,'Master_III','Master III','Master III',104,9),(1739,'Master_IV','Master IV','Master IV',104,8),(1740,'Elite_I','Elite I','Elite I',104,7),(1741,'Elite_II','Elite II','Elite II',104,6),(1742,'Elite_III','Elite III','Elite III',104,5),(1743,'Elite_IV','Elite IV','Elite IV',104,4),(1744,'Warrior_I','Warrior I','Warrior I',104,3),(1745,'Warrior_II','Warrior II','Warrior II',104,2),(1746,'Warrior_III','Warrior III','Warrior III',104,1),(1747,'TOP_1-50','TOP 1-50','TOP 1-50',91,45),(1748,'TOP_51-100','TOP 51-100','TOP 51-100',91,44),(1749,'TOP_101-150','TOP 101-150','TOP 101-150',91,43),(1750,'TOP_151-200','TOP 151-200','TOP 151-200',91,42),(1751,'TOP_201-250','TOP 201-250','TOP 201-250',91,41),(1752,'TOP_251-300','TOP 251-300','TOP 251-300',91,40),(1753,'TOP_301-350','TOP 301-350','TOP 301-350',91,39),(1754,'TOP_351-400','TOP 351-400','TOP 351-400',91,38),(1755,'TOP_401-450','TOP 401-450','TOP 401-450',91,37),(1756,'TOP_451-500','TOP 451-500','TOP 451-500',91,36),(1757,'GRANDMASTER_1','GRANDMASTER 1','GRANDMASTER 1',91,35),(1758,'GRANDMASTER_2','GRANDMASTER 2','GRANDMASTER 2',91,34),(1759,'GRANDMASTER_3','GRANDMASTER 3','GRANDMASTER 3',91,33),(1760,'GRANDMASTER_4','GRANDMASTER 4','GRANDMASTER 4',91,32),(1761,'GRANDMASTER_5','GRANDMASTER 5','GRANDMASTER 5',91,31),(1762,'MASTER_1','MASTER 1','MASTER 1',91,30),(1763,'MASTER_2','MASTER 2','MASTER 2',91,29),(1764,'MASTER_3','MASTER 3','MASTER 3',91,28),(1765,'MASTER_4','MASTER 4','MASTER 4',91,27),(1766,'MASTER_5','MASTER 5','MASTER 5',91,26),(1767,'DIAMOND_1','DIAMOND 1','DIAMOND 1',91,25),(1768,'DIAMOND_2','DIAMOND 2','DIAMOND 2',91,24),(1769,'DIAMOND_3','DIAMOND 3','DIAMOND 3',91,23),(1770,'DIAMOND_4','DIAMOND 4','DIAMOND 4',91,22),(1771,'DIAMOND_5','DIAMOND 5','DIAMOND 5',91,21),(1772,'PLATINUM_1','PLATINUM 1','PLATINUM 1',91,20),(1773,'PLATINUM_2','PLATINUM 2','PLATINUM 2',91,19),(1774,'PLATINUM_3','PLATINUM 3','PLATINUM 3',91,18),(1775,'PLATINUM_4','PLATINUM 4','PLATINUM 4',91,17),(1776,'PLATINUM_5','PLATINUM 5','PLATINUM 5',91,16),(1777,'GOLD_1','GOLD 1','GOLD 1',91,15),(1778,'GOLD_2','GOLD 2','GOLD 2',91,14),(1779,'GOLD_3','GOLD 3','GOLD 3',91,13),(1780,'TOP_1-50','TOP 1-50','TOP 1-50',105,45),(1781,'TOP_51-100','TOP 51-100','TOP 51-100',105,44),(1782,'TOP_101-150','TOP 101-150','TOP 101-150',105,43),(1783,'TOP_151-200','TOP 151-200','TOP 151-200',105,42),(1784,'TOP_201-250','TOP 201-250','TOP 201-250',105,41),(1785,'TOP_251-300','TOP 251-300','TOP 251-300',105,40),(1786,'TOP_301-350','TOP 301-350','TOP 301-350',105,39),(1787,'TOP_351-400','TOP 351-400','TOP 351-400',105,38),(1788,'TOP_401-450','TOP 401-450','TOP 401-450',105,37),(1789,'TOP_451-500','TOP 451-500','TOP 451-500',105,36),(1790,'GRANDMASTER_1','GRANDMASTER 1','GRANDMASTER 1',105,35),(1791,'GRANDMASTER_2','GRANDMASTER 2','GRANDMASTER 2',105,34),(1792,'GRANDMASTER_3','GRANDMASTER 3','GRANDMASTER 3',105,33),(1793,'GRANDMASTER_4','GRANDMASTER 4','GRANDMASTER 4',105,32),(1794,'GRANDMASTER_5','GRANDMASTER 5','GRANDMASTER 5',105,31),(1795,'MASTER_1','MASTER 1','MASTER 1',105,30),(1796,'MASTER_2','MASTER 2','MASTER 2',105,29),(1797,'MASTER_3','MASTER 3','MASTER 3',105,28),(1798,'MASTER_4','MASTER 4','MASTER 4',105,27),(1799,'MASTER_5','MASTER 5','MASTER 5',105,26),(1800,'DIAMOND_1','DIAMOND 1','DIAMOND 1',105,25),(1801,'DIAMOND_2','DIAMOND 2','DIAMOND 2',105,24),(1802,'DIAMOND_3','DIAMOND 3','DIAMOND 3',105,23),(1803,'DIAMOND_4','DIAMOND 4','DIAMOND 4',105,22),(1804,'DIAMOND_5','DIAMOND 5','DIAMOND 5',105,21),(1805,'PLATINUM_1','PLATINUM 1','PLATINUM 1',105,20),(1806,'PLATINUM_2','PLATINUM 2','PLATINUM 2',105,19),(1807,'PLATINUM_3','PLATINUM 3','PLATINUM 3',105,18),(1808,'PLATINUM_4','PLATINUM 4','PLATINUM 4',105,17),(1809,'PLATINUM_5','PLATINUM 5','PLATINUM 5',105,16),(1810,'GOLD_1','GOLD 1','GOLD 1',105,15),(1811,'GOLD_2','GOLD 2','GOLD 2',105,14),(1812,'GOLD_3','GOLD 3','GOLD 3',105,13),(1813,'GOLD_4','GOLD 4','GOLD 4',105,12),(1814,'GOLD_5','GOLD 5','GOLD 5',105,11),(1815,'SILVER_1','SILVER 1','SILVER 1',105,10),(1816,'SILVER_2','SILVER 2','SILVER 2',105,9),(1817,'SILVER_3','SILVER 3','SILVER 3',105,8),(1818,'SILVER_4','SILVER 4','SILVER 4',105,7),(1819,'SILVER_5','SILVER 5','SILVER 5',105,6),(1820,'BRONZE_1','BRONZE 1','BRONZE 1',105,5),(1821,'BRONZE_2','BRONZE 2','BRONZE 2',105,4),(1822,'BRONZE_3','BRONZE 3','BRONZE 3',105,3),(1823,'BRONZE_4','BRONZE 4','BRONZE 4',105,2),(1824,'BRONZE_5','BRONZE 5','BRONZE 5',105,1),(1825,'GOLD_4','GOLD 4','GOLD 4',91,12),(1826,'GOLD_5','GOLD 5','GOLD 5',91,11),(1827,'SILVER_1','SILVER 1','SILVER 1',91,10),(1828,'SILVER_2','SILVER 2','SILVER 2',91,9),(1829,'SILVER_3','SILVER 3','SILVER 3',91,8),(1830,'SILVER_4','SILVER 4','SILVER 4',91,7),(1831,'SILVER_5','SILVER 5','SILVER 5',91,6),(1832,'BRONZE_1','BRONZE 1','BRONZE 1',91,5),(1833,'BRONZE_2','BRONZE 2','BRONZE 2',91,4),(1834,'BRONZE_3','BRONZE 3','BRONZE 3',91,3),(1835,'BRONZE_4','BRONZE 4','BRONZE 4',91,2),(1836,'BRONZE_5','BRONZE 5','BRONZE 5',91,1),(1837,'CHAMPIONS','CHAMPIONS','CHAMPIONS',92,36),(1838,'DIAMOND_I','DIAMOND I','DIAMOND I',92,35),(1839,'DIAMOND_II','DIAMOND II','DIAMOND II',92,34),(1840,'DIAMOND_III','DIAMOND III','DIAMOND III',92,33),(1841,'DIAMOND_IV','DIAMOND IV','DIAMOND IV',92,32),(1842,'DIAMOND_V','DIAMOND V','DIAMOND V',92,31),(1843,'EMERALD_I','EMERALD I','EMERALD I',92,30),(1844,'EMERALD_II','EMERALD II','EMERALD II',92,29),(1845,'EMERALD_III','EMERALD III','EMERALD III',92,28),(1846,'EMERALD_IV','EMERALD IV','EMERALD IV',92,27),(1847,'EMERALD_V','EMERALD V','EMERALD V',92,26),(1848,'PLATINUM_I','PLATINUM I','PLATINUM I',92,25),(1849,'PLATINUM_II','PLATINUM II','PLATINUM II',92,24),(1850,'PLATINUM_III_','PLATINUM III ','PLATINUM III ',92,23),(1851,'PLATINUM_IV','PLATINUM IV','PLATINUM IV',92,22),(1852,'PLATINUM__V','PLATINUM  V','PLATINUM  V',92,21),(1853,'GOLD_I','GOLD I','GOLD I',92,20),(1854,'GOLD_II','GOLD II','GOLD II',92,19),(1855,'GOLD_III','GOLD III','GOLD III',92,18),(1856,'GOLD_IV','GOLD IV','GOLD IV',92,17),(1857,'GOLD_V','GOLD V','GOLD V',92,16),(1858,'SILVER_I','SILVER I','SILVER I',92,15),(1859,'SILVER_II','SILVER II','SILVER II',92,14),(1860,'SILVER_III','SILVER III','SILVER III',92,13),(1861,'SILVER_IV','SILVER IV','SILVER IV',92,12),(1862,'SILVER_V','SILVER V','SILVER V',92,11),(1863,'BRONZE_I','BRONZE I','BRONZE I',92,10),(1864,'BRONZE_II','BRONZE II','BRONZE II',92,9),(1865,'BRONZE_III','BRONZE III','BRONZE III',92,8),(1866,'BRONZE_IV','BRONZE IV','BRONZE IV',92,7),(1867,'BRONZE_V','BRONZE V','BRONZE V',92,6),(1868,'COPPER_I','COPPER I','COPPER I',92,5),(1869,'COPPER_II','COPPER II','COPPER II',92,4),(1870,'COPPER_III','COPPER III','COPPER III',92,3),(1871,'COPPER_IV','COPPER IV','COPPER IV',92,2),(1872,'COPPER_V','COPPER V','COPPER V',92,1),(1873,'CHAMPIONS','CHAMPIONS','CHAMPIONS',106,36),(1874,'DIAMOND_I','DIAMOND I','DIAMOND I',106,35),(1875,'DIAMOND_II','DIAMOND II','DIAMOND II',106,34),(1876,'DIAMOND_III','DIAMOND III','DIAMOND III',106,33),(1877,'DIAMOND_IV','DIAMOND IV','DIAMOND IV',106,32),(1878,'DIAMOND_V','DIAMOND V','DIAMOND V',106,31),(1879,'EMERALD_I','EMERALD I','EMERALD I',106,30),(1880,'EMERALD_II','EMERALD II','EMERALD II',106,29),(1881,'EMERALD_III','EMERALD III','EMERALD III',106,28),(1882,'EMERALD_IV','EMERALD IV','EMERALD IV',106,27),(1883,'EMERALD_V','EMERALD V','EMERALD V',106,26),(1884,'PLATINUM_I','PLATINUM I','PLATINUM I',106,25),(1885,'PLATINUM_II','PLATINUM II','PLATINUM II',106,24),(1886,'PLATINUM_III_','PLATINUM III ','PLATINUM III ',106,23),(1887,'PLATINUM_IV','PLATINUM IV','PLATINUM IV',106,22),(1888,'PLATINUM__V','PLATINUM  V','PLATINUM  V',106,21),(1889,'GOLD_I','GOLD I','GOLD I',106,20),(1890,'GOLD_II','GOLD II','GOLD II',106,19),(1891,'GOLD_III','GOLD III','GOLD III',106,18),(1892,'GOLD_IV','GOLD IV','GOLD IV',106,17),(1893,'GOLD_V','GOLD V','GOLD V',106,16),(1894,'SILVER_I','SILVER I','SILVER I',106,15),(1895,'SILVER_II','SILVER II','SILVER II',106,14),(1896,'SILVER_III','SILVER III','SILVER III',106,13),(1897,'SILVER_IV','SILVER IV','SILVER IV',106,12),(1898,'SILVER_V','SILVER V','SILVER V',106,11),(1899,'BRONZE_I','BRONZE I','BRONZE I',106,10),(1900,'BRONZE_II','BRONZE II','BRONZE II',106,9),(1901,'BRONZE_III','BRONZE III','BRONZE III',106,8),(1902,'BRONZE_IV','BRONZE IV','BRONZE IV',106,7),(1903,'BRONZE_V','BRONZE V','BRONZE V',106,6),(1904,'COPPER_I','COPPER I','COPPER I',106,5),(1905,'COPPER_II','COPPER II','COPPER II',106,4),(1906,'COPPER_III','COPPER III','COPPER III',106,3),(1907,'COPPER_IV','COPPER IV','COPPER IV',106,2),(1908,'COPPER_V','COPPER V','COPPER V',106,1),(1909,'Bronze_I','Bronze I','Bronze I',93,1),(1910,'Bronze_II','Bronze II','Bronze II',93,2),(1911,'Bronze_III','Bronze III','Bronze III',93,3),(1912,'Silver_I','Silver I','Silver I',93,4),(1913,'Silver_II','Silver II','Silver II',93,5),(1914,'Silver_III','Silver III','Silver III',93,6),(1915,'Gold_I','Gold I','Gold I',93,7),(1916,'Gold_II','Gold II','Gold II',93,8),(1917,'Gold_III','Gold III','Gold III',93,9),(1918,'Platinum_I','Platinum I','Platinum I',93,10),(1919,'Platinum_II','Platinum II','Platinum II',93,11),(1920,'Platinum_III','Platinum III','Platinum III',93,12),(1921,'Diamond_I','Diamond I','Diamond I',93,13),(1922,'Diamond_II','Diamond II','Diamond II',93,14),(1923,'Diamond_III','Diamond III','Diamond III',93,15),(1924,'Champion_I','Champion I','Champion I',93,16),(1925,'Champion_II','Champion II','Champion II',93,17),(1926,'Champion_III','Champion III','Champion III',93,18),(1927,'Grand_Champion_I','Grand Champion I','Grand Champion I',93,19),(1928,'Grand_Champion_II','Grand Champion II','Grand Champion II',93,20),(1929,'Grand_Champion_III','Grand Champion III','Grand Champion III',93,21),(1930,'Supersonic_Legend','Supersonic Legend','Supersonic Legend',93,22),(1931,'Bronze_I','Bronze I','Bronze I',107,1),(1932,'Bronze_II','Bronze II','Bronze II',107,2),(1933,'Bronze_III','Bronze III','Bronze III',107,3),(1934,'Silver_I','Silver I','Silver I',107,4),(1935,'Silver_II','Silver II','Silver II',107,5),(1936,'Silver_III','Silver III','Silver III',107,6),(1937,'Gold_I','Gold I','Gold I',107,7),(1938,'Gold_II','Gold II','Gold II',107,8),(1939,'Gold_III','Gold III','Gold III',107,9),(1940,'Platinum_I','Platinum I','Platinum I',107,10),(1941,'Platinum_II','Platinum II','Platinum II',107,11),(1942,'Platinum_III','Platinum III','Platinum III',107,12),(1943,'Diamond_I','Diamond I','Diamond I',107,13),(1944,'Diamond_II','Diamond II','Diamond II',107,14),(1945,'Diamond_III','Diamond III','Diamond III',107,15),(1946,'Champion_I','Champion I','Champion I',107,16),(1947,'Champion_II','Champion II','Champion II',107,17),(1948,'Champion_III','Champion III','Champion III',107,18),(1949,'Grand_Champion_I','Grand Champion I','Grand Champion I',107,19),(1950,'Grand_Champion_II','Grand Champion II','Grand Champion II',107,20),(1951,'Grand_Champion_III','Grand Champion III','Grand Champion III',107,21),(1952,'Supersonic_Legend','Supersonic Legend','Supersonic Legend',107,22),(1953,'Warlord','Warlord','Warlord',94,20),(1954,'Ultimate_Grand_Master','Ultimate Grand Master','Ultimate Grand Master',94,19),(1955,'Grand_Master','Grand Master','Grand Master',94,18),(1956,'Master','Master','Master',94,17),(1957,'Ultra_Diamond','Ultra Diamond','Ultra Diamond',94,16),(1958,'Super_Diamond','Super Diamond','Super Diamond',94,15),(1959,'Diamond','Diamond','Diamond',94,14),(1960,'Ultra_Platinum','Ultra Platinum','Ultra Platinum',94,13),(1961,'Super_Platinum','Super Platinum','Super Platinum',94,12),(1962,'Platinum','Platinum','Platinum',94,11),(1963,'Ultra_Gold','Ultra Gold','Ultra Gold',94,10),(1964,'Super_Gold','Super Gold','Super Gold',94,9),(1965,'Gold','Gold','Gold',94,8),(1966,'Ultra_Silver','Ultra Silver','Ultra Silver',94,7),(1967,'Super_Silver','Super Silver','Super Silver',94,6),(1968,'Silver','Silver','Silver',94,5),(1969,'Ultra_Bronze','Ultra Bronze','Ultra Bronze',94,4),(1970,'Super_Bronze','Super Bronze','Super Bronze',94,3),(1971,'Bronze','Bronze','Bronze',94,2),(1972,'Rookie','Rookie','Rookie',94,1),(1973,'Warlord','Warlord','Warlord',108,1),(1974,'Ultimate_Grand_Master','Ultimate Grand Master','Ultimate Grand Master',108,2),(1975,'Grand_Master','Grand Master','Grand Master',108,3),(1976,'Master','Master','Master',108,4),(1977,'Ultra_Diamond','Ultra Diamond','Ultra Diamond',108,5),(1978,'Super_Diamond','Super Diamond','Super Diamond',108,6),(1979,'Diamond','Diamond','Diamond',108,7),(1980,'Ultra_Platinum','Ultra Platinum','Ultra Platinum',108,8),(1981,'Super_Platinum','Super Platinum','Super Platinum',108,9),(1982,'Platinum','Platinum','Platinum',108,10),(1983,'Ultra_Gold','Ultra Gold','Ultra Gold',108,11),(1984,'Super_Gold','Super Gold','Super Gold',108,12),(1985,'Gold','Gold','Gold',108,13),(1986,'Ultra_Silver','Ultra Silver','Ultra Silver',108,14),(1987,'Super_Silver','Super Silver','Super Silver',108,15),(1988,'Silver','Silver','Silver',108,16),(1989,'Ultra_Bronze','Ultra Bronze','Ultra Bronze',108,17),(1990,'Super_Bronze','Super Bronze','Super Bronze',108,18),(1991,'Bronze','Bronze','Bronze',108,19),(1992,'Rookie','Rookie','Rookie',108,20),(1993,'Tekken_God_Prime','Tekken God Prime','Tekken God Prime',96,12),(1994,'Gold_tier','Gold tier','Gold tier',96,11),(1995,'Purple_tier','Purple tier','Purple tier',96,10),(1996,'Blue_tier','Blue tier','Blue tier',96,9),(1997,'Ruler_tier','Ruler tier','Ruler tier',96,8),(1998,'Red_tier','Red tier','Red tier',96,7),(1999,'Orange_tier','Orange tier','Orange tier',96,6),(2000,'Yellow_tier','Yellow tier','Yellow tier',96,5),(2001,'Green_tier','Green tier','Green tier',96,4),(2002,'Light_blue_tier','Light blue tier','Light blue tier',96,3),(2003,'Silver_tier','Silver tier','Silver tier',96,2),(2004,'Kyu','Kyu','Kyu',96,1),(2005,'Tekken_God_Prime','Tekken God Prime','Tekken God Prime',110,12),(2006,'Gold_tier','Gold tier','Gold tier',110,11),(2007,'Purple_tier','Purple tier','Purple tier',110,10),(2008,'Blue_tier','Blue tier','Blue tier',110,9),(2009,'Ruler_tier','Ruler tier','Ruler tier',110,8),(2010,'Red_tier','Red tier','Red tier',110,7),(2011,'Orange_tier','Orange tier','Orange tier',110,6),(2012,'Yellow_tier','Yellow tier','Yellow tier',110,5),(2013,'Green_tier','Green tier','Green tier',110,4),(2014,'Light_blue_tier','Light blue tier','Light blue tier',110,3),(2015,'Silver_tier','Silver tier','Silver tier',110,2),(2016,'Kyu','Kyu','Kyu',110,1),(2017,'Rank_1','Rank 1','Rank 1',111,10),(2018,'Rank_2_','Rank 2 ','Rank 2 ',111,9),(2019,'Rank_3','Rank 3','Rank 3',111,8),(2020,'Rank_4','Rank 4','Rank 4',111,7),(2021,'Rank_5','Rank 5','Rank 5',111,6),(2022,'Rank_6','Rank 6','Rank 6',111,5),(2023,'Rank_7','Rank 7','Rank 7',111,4),(2024,'Rank_8','Rank 8','Rank 8',111,3),(2025,'Rank_9','Rank 9','Rank 9',111,2),(2026,'Rank_10','Rank 10','Rank 10',111,1),(2027,'Rank_1','Rank 1','Rank 1',112,10),(2028,'Rank_2_','Rank 2 ','Rank 2 ',112,9),(2029,'Rank_3','Rank 3','Rank 3',112,8),(2030,'Rank_4','Rank 4','Rank 4',112,7),(2031,'Rank_5','Rank 5','Rank 5',112,6),(2032,'Rank_6','Rank 6','Rank 6',112,5),(2033,'Rank_7','Rank 7','Rank 7',112,4),(2034,'Rank_8','Rank 8','Rank 8',112,3),(2035,'Rank_9','Rank 9','Rank 9',112,2),(2036,'Rank_10','Rank 10','Rank 10',112,1),(2037,'PC','PC','PC',114,NULL),(2038,'XBOX','Xbox','Xbox',114,NULL),(2039,'PS5/4','PS5/4','PS5/4',114,NULL),(2040,'PC','PC','PC',115,NULL),(2041,'XBOX','Xbox','Xbox',115,NULL),(2042,'PS5/4','PS5/4','PS5/4',115,NULL),(2043,'PC','PC','PC',116,NULL),(2044,'BARAKA','BARAKA','BARAKA',117,1),(2045,'CASSIE_CAGE','CASSIE CAGE','CASSIE CAGE',117,2),(2046,'CETRION','CETRION','CETRION',117,3),(2047,'DVORAH','D\'VORAH','D\'VORAH',117,4),(2048,'ERRON_BLACK','ERRON BLACK','ERRON BLACK',117,5),(2049,'FROST','FROST','FROST',117,6),(2050,'FUJIN','FUJIN','FUJIN',117,7),(2051,'GERAS','GERAS','GERAS',117,8),(2052,'JACQUI_BRIGGS','JACQUI BRIGGS','JACQUI BRIGGS',117,9),(2053,'JADE','JADE','JADE',117,10),(2054,'JAX','JAX','JAX',117,11),(2055,'JOHNNY_CAGE','JOHNNY CAGE','JOHNNY CAGE',117,12),(2056,'JOHN_RAMBO','JOHN RAMBO','JOHN RAMBO',117,13),(2057,'KABAL','KABAL','KABAL',117,14),(2058,'KANO','KANO','KANO',117,15),(2059,'KITANA','KITANA','KITANA',117,16),(2060,'KOLLECTOR','KOLLECTOR','KOLLECTOR',117,17),(2061,'KOTAL_KAHN','KOTAL KAHN','KOTAL KAHN',117,18),(2062,'KUNG_LAO','KUNG LAO','KUNG LAO',117,19),(2063,'LIU_KANG','LIU KANG','LIU KANG',117,20),(2064,'MILEENA','MILEENA','MILEENA',117,21),(2065,'NIGHTWOLF','NIGHTWOLF','NIGHTWOLF',117,22),(2066,'NOOB_SAIBOT','NOOB SAIBOT','NOOB SAIBOT',117,23),(2067,'RAIDEN','RAIDEN','RAIDEN',117,24),(2068,'RAIN','RAIN','RAIN',117,25),(2069,'ROBOCOP','ROBOCOP','ROBOCOP',117,26),(2070,'SCORPION','SCORPION','SCORPION',117,27),(2071,'SHANG_TSUNG','SHANG TSUNG','SHANG TSUNG',117,28),(2072,'SHAO_KAHN','SHAO KAHN','SHAO KAHN',117,29),(2073,'SHEEVA','SHEEVA','SHEEVA',117,30),(2074,'SINDEL','SINDEL','SINDEL',117,31),(2075,'SKARLET','SKARLET','SKARLET',117,32),(2076,'SONYA','SONYA','SONYA',117,33),(2077,'SPAWN','SPAWN','SPAWN',117,34),(2078,'SUB-ZERO','SUB-ZERO','SUB-ZERO',117,35),(2079,'TERMINATOR_T-800','TERMINATOR T-800','TERMINATOR T-800',117,36),(2080,'THE_JOKER','THE JOKER','THE JOKER',117,37),(2081,'TOP_1','TOP 1','TOP 1',118,11),(2082,'TOP_100','TOP 100','TOP 100',118,10),(2083,'Immortal','Immortal','Immortal',118,9),(2084,'Divine','Divine','Divine',118,8),(2085,'Ancient','Ancient','Ancient',118,7),(2086,'Legend','Legend','Legend',118,6),(2087,'Archon','Archon','Archon',118,5),(2088,'Crusader','Crusader','Crusader',118,4),(2089,'Guardian','Guardian','Guardian',118,3),(2090,'Herald','Herald','Herald',118,2),(2091,'Uncalibrated','Uncalibrated','Uncalibrated',118,1),(2092,'TOP_1','TOP 1','TOP 1',119,11),(2093,'TOP_100','TOP 100','TOP 100',119,10),(2094,'Immortal','Immortal','Immortal',119,9),(2095,'Divine','Divine','Divine',119,8),(2096,'Ancient','Ancient','Ancient',119,7),(2097,'Legend','Legend','Legend',119,6),(2098,'Archon','Archon','Archon',119,5),(2099,'Crusader','Crusader','Crusader',119,4),(2100,'Guardian','Guardian','Guardian',119,3),(2101,'Herald','Herald','Herald',119,2),(2102,'Uncalibrated','Uncalibrated','Uncalibrated',119,1),(2103,'OFF_LANE','OFF LANE','OFF LANE',120,1),(2104,'JUNGLE','JUNGLE','JUNGLE',120,2),(2105,'MID','MID','MID',120,3),(2106,'CARRY','CARRY','CARRY',120,4),(2107,'SUPPORT','SUPPORT','SUPPORT',120,5),(2108,'ALL','All','All',58,4),(2109,'XBOX','Xbox','Xbox',76,NULL),(2110,'PS5/4','PS5/4','PS5/4',76,NULL),(2111,'MOBILE','Mobile','Mobile',121,NULL),(2112,'TOP','TOP','TOP',122,1),(2113,'JUNGLE','JUNGLE','JUNGLE',122,2),(2114,'MID','MID','MID',122,3),(2115,'ADC','ADC','ADC',122,4),(2116,'SUPPORT','SUPPORT','SUPPORT',122,5),(2117,'FLEX','FLEX','FLEX',122,6),(2118,'Revenant','Revenant','Revenant',38,14),(2119,'MOBILE','Mobile','Mobile',60,NULL);
/*!40000 ALTER TABLE `game_attribute_values` ENABLE KEYS */;
UNLOCK TABLES;

--
-- Table structure for table `game_attributes`
--

DROP TABLE IF EXISTS `game_attributes`;
/*!40101 SET @saved_cs_client     = @@character_set_client */;
/*!50503 SET character_set_client = utf8mb4 */;
CREATE TABLE `game_attributes` (
  `id` bigint NOT NULL AUTO_INCREMENT,
  `created_at` datetime(6) DEFAULT NULL,
  `created_by_system_id` varchar(255) DEFAULT NULL,
  `system_id` varchar(255) DEFAULT NULL,
  `updated_at` datetime(6) DEFAULT NULL,
  `updated_by_system_id` varchar(255) DEFAULT NULL,
  `data_type` varchar(255) DEFAULT NULL,
  `default_value` varchar(255) DEFAULT NULL,
  `max` int DEFAULT NULL,
  `min` int DEFAULT NULL,
  `required` bit(1) DEFAULT NULL,
  `attribute_id` int DEFAULT NULL,
  `game_id` int DEFAULT NULL,
  PRIMARY KEY (`id`),
  KEY `FKqdg9km2nbawglahac29twerd9` (`attribute_id`),
  KEY `FKmotnte1dc0ij1a04trqjtculi` (`game_id`),
  CONSTRAINT `FKmotnte1dc0ij1a04trqjtculi` FOREIGN KEY (`game_id`) REFERENCES `games` (`id`),
  CONSTRAINT `FKqdg9km2nbawglahac29twerd9` FOREIGN KEY (`attribute_id`) REFERENCES `attributes` (`id`)
) ENGINE=InnoDB AUTO_INCREMENT=123 DEFAULT CHARSET=utf8mb4 COLLATE=utf8mb4_0900_ai_ci;
/*!40101 SET character_set_client = @saved_cs_client */;

--
-- Dumping data for table `game_attributes`
--

LOCK TABLES `game_attributes` WRITE;
/*!40000 ALTER TABLE `game_attributes` DISABLE KEYS */;
INSERT INTO `game_attributes` VALUES (1,NULL,NULL,'1af949fc-a9e8-4b92-8794-1829979efb59',NULL,NULL,'text_field',NULL,NULL,NULL,_binary '',1,29),(2,NULL,NULL,'f70136e5-94bf-491f-b339-7aba89963f64',NULL,NULL,'multiple_select',NULL,3,1,_binary '',10,29),(3,NULL,NULL,'0173a6c8-0f35-45f2-a12e-186e927cbbac',NULL,NULL,'multiple_select',NULL,3,1,_binary '',2,29),(4,NULL,NULL,'c9f96efb-1e67-4cf9-9438-947837c36ace',NULL,NULL,'single_select',NULL,1,NULL,_binary '',6,29),(5,NULL,NULL,'0c92e194-a80b-4710-8c4f-60ff4c452ec2',NULL,NULL,'single_select',NULL,NULL,NULL,_binary '',7,29),(6,NULL,NULL,'44d489e0-8c96-4242-96ab-f9453fba5b60',NULL,NULL,'single_select',NULL,NULL,NULL,_binary '',8,29),(9,NULL,NULL,'2d12041e-7e87-43a3-a75c-e34f90c1ef68',NULL,NULL,'text_field',NULL,150,3,_binary '',1,1),(10,NULL,NULL,'94e8185b-fb3a-4aa4-abd8-7ff75d16f3b8',NULL,NULL,'text_field',NULL,NULL,NULL,_binary '',1,2),(11,NULL,NULL,'d6ee524a-ce66-47c7-bbc1-75d0e4a977ba',NULL,NULL,'text_field',NULL,NULL,NULL,_binary '',1,3),(12,NULL,NULL,'1f810c90-08e9-40eb-9620-9b0e7b697888',NULL,NULL,'text_field',NULL,NULL,NULL,_binary '',1,4),(13,NULL,NULL,'3759c67c-379f-4e8b-a4d8-2bacd9113c03',NULL,NULL,'text_field',NULL,NULL,NULL,_binary '',1,5),(14,NULL,NULL,'0989ff64-eba8-4219-b7d9-f73231389eee',NULL,NULL,'text_field',NULL,NULL,NULL,_binary '',1,6),(15,NULL,NULL,'1927c777-6142-4904-bf08-fff41cfe2c75',NULL,NULL,'text_field',NULL,NULL,NULL,_binary '',1,7),(16,NULL,NULL,'672f383b-699f-4060-9283-f3563181f656',NULL,NULL,'text_field',NULL,NULL,NULL,_binary '',1,8),(17,NULL,NULL,'fde40d03-83a3-49eb-b7fc-174d71ee027b',NULL,NULL,'text_field',NULL,NULL,NULL,_binary '',1,9),(18,NULL,NULL,'fd5e43c7-8215-4ecd-950f-cc99e250219e',NULL,NULL,'text_field',NULL,NULL,NULL,_binary '',1,10),(19,NULL,NULL,'804127f1-8db8-430f-97b5-75bf525fd549',NULL,NULL,'text_field',NULL,NULL,NULL,_binary '',1,11),(20,NULL,NULL,'8a676049-574a-401f-a466-92e551ac98b2',NULL,NULL,'text_field',NULL,NULL,NULL,_binary '',1,12),(21,NULL,NULL,'61fd6637-b496-4e9f-9702-22693105f8e7',NULL,NULL,'text_field',NULL,NULL,NULL,_binary '',1,13),(22,NULL,NULL,'81304f30-f0ff-4dc2-a39c-875f92ddf374',NULL,NULL,'text_field',NULL,NULL,NULL,_binary '',1,14),(23,NULL,NULL,'10cdc3dd-dfb7-4ff6-87da-9497ef15d845',NULL,NULL,'text_field',NULL,NULL,NULL,_binary '',1,15),(24,NULL,NULL,'dc8c7dac-f97e-4729-8929-9ecbe1858b82',NULL,NULL,'text_field',NULL,NULL,NULL,_binary '',1,16),(25,NULL,NULL,'14a1f059-67ef-403a-89c6-bd563bbab5ff',NULL,NULL,'text_field',NULL,NULL,NULL,_binary '',1,17),(26,NULL,NULL,'a1ebca13-8060-4ada-ae8f-53f14609c855',NULL,NULL,'text_field',NULL,NULL,NULL,_binary '',1,18),(27,NULL,NULL,'bfb729ab-d689-48d6-89bf-409d1e8e7765',NULL,NULL,'text_field',NULL,NULL,NULL,_binary '',1,19),(28,NULL,NULL,'19618cc0-e133-4b54-9905-72c4d7ef832b',NULL,NULL,'text_field',NULL,NULL,NULL,_binary '',1,20),(29,NULL,NULL,'c673fe2b-77e6-439d-be46-c3865ffefbd5',NULL,NULL,'text_field',NULL,NULL,NULL,_binary '',1,21),(30,NULL,NULL,'60a60e08-610b-4c2f-997e-91ea3da7334c',NULL,NULL,'text_field',NULL,NULL,NULL,_binary '',1,22),(31,NULL,NULL,'4acc37e9-9a0f-42d4-b73f-2b25a5409672',NULL,NULL,'text_field',NULL,NULL,NULL,_binary '',1,23),(32,NULL,NULL,'218c69e0-0d4d-4fc9-bce8-a1ad36b44f93',NULL,NULL,'text_field',NULL,NULL,NULL,_binary '',1,24),(33,NULL,NULL,'852575a1-6713-495f-b8b5-accb6eb54085',NULL,NULL,'text_field',NULL,NULL,NULL,_binary '',1,25),(34,NULL,NULL,'d2dc74f5-e2d5-485a-9a0f-890050a2ccef',NULL,NULL,'text_field',NULL,NULL,NULL,_binary '',1,26),(35,NULL,NULL,'9197add2-f694-4588-a66e-ee1cbb8dc744',NULL,NULL,'text_field',NULL,NULL,NULL,_binary '',1,27),(36,NULL,NULL,'48231769-aeff-4b92-878b-1e0568bb8ced',NULL,NULL,'text_field',NULL,NULL,NULL,_binary '',1,28),(37,NULL,NULL,'d95d51ed-8a54-4656-946a-1dfd31457a05',NULL,NULL,'multiple_select',NULL,3,1,_binary '',10,1),(38,NULL,NULL,'80e676b3-b9fc-466f-a374-09210faf9694',NULL,NULL,'multiple_select',NULL,3,1,_binary '',10,2),(39,NULL,NULL,'3966b678-ae27-4665-96a8-5cfb0c7757cb',NULL,NULL,'multiple_select',NULL,3,1,_binary '',10,3),(40,NULL,NULL,'3f8fd7d0-9091-4f1f-bfbe-954a20558adb',NULL,NULL,'multiple_select',NULL,3,1,_binary '',10,4),(41,NULL,NULL,'435b925b-8c3d-4450-b070-178bfd4233e7',NULL,NULL,'multiple_select',NULL,3,1,_binary '',10,9),(42,NULL,NULL,'9b68234e-d2bd-4ba0-a4e8-5b88b189f57d',NULL,NULL,'multiple_select',NULL,3,1,_binary '',10,10),(43,NULL,NULL,'5ca6e285-2c2b-4cdc-b9c3-175365f29715',NULL,NULL,'multiple_select',NULL,3,1,_binary '',10,14),(44,NULL,NULL,'a7925b99-9a16-477e-8b4a-8c00490442d9',NULL,NULL,'multiple_select',NULL,3,1,_binary '',10,15),(45,NULL,NULL,'751810ef-c21a-4685-a339-bccb5fb06238',NULL,NULL,'multiple_select',NULL,3,1,_binary '',10,16),(46,NULL,NULL,'2cb9e6af-c610-4e4c-a8a6-966bcd5b707f',NULL,NULL,'multiple_select',NULL,3,1,_binary '',10,17),(47,NULL,NULL,'a917316c-e88d-49ab-a92f-739e309cb083',NULL,NULL,'multiple_select',NULL,3,1,_binary '',10,18),(48,NULL,NULL,'c635c3ad-ff78-4331-a908-ee34a114c550',NULL,NULL,'multiple_select',NULL,3,1,_binary '',10,20),(49,NULL,NULL,'962d1c00-27e0-40a2-bdd9-82025a19a6ec',NULL,NULL,'multiple_select',NULL,3,1,_binary '',10,22),(50,NULL,NULL,'1e420f45-5122-41d5-a8eb-0a56bd431135',NULL,NULL,'multiple_select',NULL,3,1,_binary '',10,26),(51,NULL,NULL,'96340661-8055-4b05-a901-af5f8eae8ad1',NULL,NULL,'multiple_select',NULL,3,1,_binary '',10,27),(52,NULL,NULL,'52b6b0f2-5337-41ba-abfb-ae05fa4ec440',NULL,NULL,'multiple_select',NULL,3,1,_binary '',10,28),(53,NULL,NULL,'6ece00f4-07ee-4157-a3bf-e5f6e0230131',NULL,NULL,'multiple_select',NULL,2,1,_binary '',2,16),(54,NULL,NULL,'2ee3e06e-3c1e-4ad4-a625-8fa48d8ea59f',NULL,NULL,'multiple_select',NULL,2,1,_binary '',2,17),(55,NULL,NULL,'9d35f6ca-97d1-4804-9928-80ab027108f0',NULL,NULL,'multiple_select',NULL,2,1,_binary '',2,18),(56,NULL,NULL,'dbe8824d-f60d-4a81-86f1-306287546e54',NULL,NULL,'multiple_select',NULL,3,1,_binary '',3,24),(57,NULL,NULL,'f248816c-1077-4a4e-81a3-b4083b4574d0',NULL,NULL,'multiple_select',NULL,3,1,_binary '',4,24),(58,NULL,NULL,'f4eea3a6-79a3-4187-a05c-f2d139ed8f4e',NULL,NULL,'multiple_select',NULL,2,1,_binary '',5,12),(59,NULL,NULL,'f0f13c4c-c63e-4e49-8b6d-ddf5815a816a',NULL,NULL,'single_select',NULL,1,NULL,_binary '',6,1),(60,NULL,NULL,'1c226c5b-60a9-4131-88aa-a8c56be8521d',NULL,NULL,'single_select',NULL,1,NULL,_binary '',6,2),(61,NULL,NULL,'f9996c50-9dd9-4069-b532-afdc224e0b87',NULL,NULL,'single_select',NULL,1,NULL,_binary '',6,3),(62,NULL,NULL,'709c92be-d737-4161-9656-8cadf5128e50',NULL,NULL,'single_select',NULL,1,NULL,_binary '',6,4),(63,NULL,NULL,'c9d50051-e387-408b-9a84-bccb62916177',NULL,NULL,'single_select',NULL,1,NULL,_binary '',6,5),(64,NULL,NULL,'f92d21db-dff0-41de-bd6e-0ae795633fa5',NULL,NULL,'single_select',NULL,1,NULL,_binary '',6,6),(65,NULL,NULL,'65058572-8257-421c-9601-3916054d4bea',NULL,NULL,'single_select',NULL,1,NULL,_binary '',6,7),(66,NULL,NULL,'82f5b459-8c3c-41fa-8e78-564f306f9114',NULL,NULL,'single_select',NULL,1,NULL,_binary '',6,8),(67,NULL,NULL,'5d55a140-e5fa-4ae1-b8c1-fd520339edbc',NULL,NULL,'single_select',NULL,1,NULL,_binary '',6,9),(68,NULL,NULL,'f3f302fb-9eec-4cdf-aa99-dde136e9d549',NULL,NULL,'single_select',NULL,1,NULL,_binary '',6,11),(69,NULL,NULL,'f0353526-2982-4d4e-9a80-644a3f5d4a40',NULL,NULL,'single_select',NULL,1,NULL,_binary '',6,12),(70,NULL,NULL,'6f9572f8-a822-447c-ba2f-ebb349373f27',NULL,NULL,'single_select',NULL,1,NULL,_binary '',6,13),(71,NULL,NULL,'a4f723ee-8493-45b2-9dcb-62a54efeb4b6',NULL,NULL,'single_select',NULL,1,NULL,_binary '',6,14),(72,NULL,NULL,'7d710757-2f45-4d4b-b66b-1576590aae77',NULL,NULL,'single_select',NULL,1,NULL,_binary '',6,15),(73,NULL,NULL,'24efeb06-b5a0-4859-b862-72816f1daf43',NULL,NULL,'single_select',NULL,1,NULL,_binary '',6,16),(74,NULL,NULL,'c9aae030-a4d4-4e53-8afc-95bdb58908b2',NULL,NULL,'single_select',NULL,1,NULL,_binary '',6,18),(75,NULL,NULL,'72ae450e-db8a-47e9-9bcb-f4f451360da0',NULL,NULL,'single_select',NULL,1,NULL,_binary '',6,19),(76,NULL,NULL,'47ed982c-4792-4b83-85af-4c234e357c1f',NULL,NULL,'single_select',NULL,1,NULL,_binary '',6,21),(77,NULL,NULL,'1590cd95-685f-46fc-98ff-8b2e3e16cd7c',NULL,NULL,'single_select',NULL,1,NULL,_binary '',6,22),(78,NULL,NULL,'599b2a55-c9b1-42db-804b-211544aab7b4',NULL,NULL,'single_select',NULL,1,NULL,_binary '',6,23),(79,NULL,NULL,'0bb1de28-ade1-4987-90f1-c0b5f95e6566',NULL,NULL,'single_select',NULL,1,NULL,_binary '',6,25),(80,NULL,NULL,'9f9658b6-a354-4d25-b977-91219804f3b2',NULL,NULL,'single_select',NULL,1,NULL,_binary '',6,26),(81,NULL,NULL,'7c4a2b73-9f90-4f3c-8a4a-76f02a97f930',NULL,NULL,'single_select',NULL,1,NULL,_binary '',6,27),(82,NULL,NULL,'93085261-20ca-4263-8584-45ba7fa346ff',NULL,NULL,'single_select',NULL,1,NULL,_binary '',6,28),(83,NULL,NULL,'e84b8d5c-9595-4a23-8144-efc793bc1d55',NULL,NULL,'single_select',NULL,NULL,NULL,_binary '',7,1),(84,NULL,NULL,'a3159ad8-0e5e-45d4-a0b3-87a6bdb58f5d',NULL,NULL,'single_select',NULL,NULL,NULL,_binary '',7,3),(85,NULL,NULL,'98d03d80-d526-49d0-835f-6890ccbe674a',NULL,NULL,'single_select',NULL,NULL,NULL,_binary '',7,4),(86,NULL,NULL,'c34dbd41-1a79-4c71-b552-34138a70a7a9',NULL,NULL,'single_select',NULL,NULL,NULL,_binary '',7,8),(87,NULL,NULL,'93ec5b7e-73f0-4075-b2b5-9aa4fbe81be3',NULL,NULL,'single_select',NULL,NULL,NULL,_binary '',7,10),(88,NULL,NULL,'62a570e8-225f-4872-a656-c08ca3f2340a',NULL,NULL,'single_select',NULL,NULL,NULL,_binary '',7,16),(89,NULL,NULL,'1a5f89b0-7407-49ba-9fef-f1bbfb2c0e6c',NULL,NULL,'single_select',NULL,NULL,NULL,_binary '',7,17),(90,NULL,NULL,'6ee1451c-16d6-4f54-83f5-d0b2fa27e1ae',NULL,NULL,'single_select',NULL,NULL,NULL,_binary '',7,18),(91,NULL,NULL,'591a26ad-d505-4d9b-972b-20bcef37f638',NULL,NULL,'single_select',NULL,NULL,NULL,_binary '',7,22),(92,NULL,NULL,'206b7f0f-6861-43eb-a937-3bba32ccf65e',NULL,NULL,'single_select',NULL,NULL,NULL,_binary '',7,24),(93,NULL,NULL,'c4818225-7b1c-4ae1-9000-f7734b1b059f',NULL,NULL,'single_select',NULL,NULL,NULL,_binary '',7,25),(94,NULL,NULL,'16ee348c-1338-4e9f-a9e9-06a140917c16',NULL,NULL,'single_select',NULL,NULL,NULL,_binary '',7,26),(95,NULL,NULL,'27cf2033-eab4-4e00-8651-fae13395effc',NULL,NULL,'number_field',NULL,NULL,NULL,_binary '',7,27),(96,NULL,NULL,'5acbe774-fca4-4c7d-bc9e-6e1c02cb6d8a',NULL,NULL,'single_select',NULL,NULL,NULL,_binary '',7,28),(97,NULL,NULL,'c6ca9a29-c04c-466f-9015-b8b9f09f8c61',NULL,NULL,'single_select',NULL,NULL,NULL,_binary '',8,1),(98,NULL,NULL,'77eee2ef-bd44-4047-b1c3-66fc6b0d2dee',NULL,NULL,'single_select',NULL,NULL,NULL,_binary '',8,3),(99,NULL,NULL,'e60b9e21-84b5-44e4-97af-9392fc52c23b',NULL,NULL,'single_select',NULL,NULL,NULL,_binary '',8,4),(100,NULL,NULL,'940f5ab6-ab1e-4e78-98b2-09c3ea6b0972',NULL,NULL,'single_select',NULL,NULL,NULL,_binary '',8,8),(101,NULL,NULL,'e45b6b62-f688-4fde-b349-a55b8d3b958d',NULL,NULL,'single_select',NULL,NULL,NULL,_binary '',8,10),(102,NULL,NULL,'9804ccc9-441c-40b0-9f87-f060d3adc2ce',NULL,NULL,'single_select',NULL,NULL,NULL,_binary '',8,16),(103,NULL,NULL,'c914735d-6882-4fbd-b0d0-e25af875ecd0',NULL,NULL,'single_select',NULL,NULL,NULL,_binary '',8,17),(104,NULL,NULL,'6f6b8809-dfe2-42ce-8a93-bc2f1e24e568',NULL,NULL,'single_select',NULL,NULL,NULL,_binary '',8,18),(105,NULL,NULL,'0b5476f7-f483-4406-bf67-7bc4d23e6ab0',NULL,NULL,'single_select',NULL,NULL,NULL,_binary '',8,22),(106,NULL,NULL,'a363a897-4e88-44a3-93c0-e9678ada4e58',NULL,NULL,'single_select',NULL,NULL,NULL,_binary '',8,24),(107,NULL,NULL,'ed57c83f-1330-45d3-a04c-4f73d532c5cc',NULL,NULL,'single_select',NULL,NULL,NULL,_binary '',8,25),(108,NULL,NULL,'f0c03855-ddac-4718-b42a-ec26dfb09366',NULL,NULL,'single_select',NULL,NULL,NULL,_binary '',8,26),(109,NULL,NULL,'76501f8d-776a-45b4-bba0-ca078e8f1d9f',NULL,NULL,'number_field',NULL,NULL,NULL,_binary '',8,27),(110,NULL,NULL,'02604272-12bd-4c77-83b6-31b355a33851',NULL,NULL,'single_select',NULL,NULL,NULL,_binary '',8,28),(111,NULL,NULL,'df49a0a0-b923-4fc5-8386-b21a39ee4caa',NULL,NULL,'single_select',NULL,NULL,NULL,_binary '',7,12),(112,NULL,NULL,'4fc137a9-ff8c-490e-9ab5-62385bdb7a5d',NULL,NULL,'single_select',NULL,NULL,NULL,_binary '',8,12),(113,NULL,NULL,'4f7447b7-0f6b-49ac-90e5-a8547b5e4a69',NULL,NULL,'multiple_select',NULL,3,1,_binary '',9,12),(114,NULL,NULL,'33d97be1-daa7-44fb-9195-1ddaf3d149a2',NULL,NULL,'single_select',NULL,NULL,NULL,_binary '',6,24),(115,NULL,NULL,'3c18931e-4034-4629-8750-d26c7bc1b889',NULL,NULL,'single_select',NULL,NULL,NULL,_binary '',6,10),(116,NULL,NULL,'53351ab9-1b51-4094-8475-83aeabdf5017',NULL,NULL,'single_select',NULL,NULL,NULL,_binary '',6,20),(117,NULL,NULL,'14955403-cb5b-47e8-81a2-f028c2ee6587',NULL,NULL,'multiple_select','1',3,1,_binary '',10,19),(118,NULL,NULL,'d42e9958-7d92-4c0d-bd87-f5f1e23ddbdd',NULL,NULL,'single_select',NULL,NULL,NULL,_binary '',7,9),(119,NULL,NULL,'d921df38-5c94-4ec2-8802-361758510af0',NULL,NULL,'single_select',NULL,NULL,NULL,_binary '',8,9),(120,NULL,NULL,'93ad5389-fb7f-42f2-95e3-f9a6b4f822ee',NULL,NULL,'multiple_select',NULL,2,1,_binary '',2,9),(121,NULL,NULL,'a262c44e-0c0d-4b12-b515-1eab2dc2360d',NULL,NULL,'single_select',NULL,NULL,NULL,_binary '',6,17),(122,NULL,NULL,'92f681cf-105a-481d-91b5-e191d028c165',NULL,NULL,'multiple_select',NULL,2,1,_binary '',2,3);
/*!40000 ALTER TABLE `game_attributes` ENABLE KEYS */;
UNLOCK TABLES;

--
-- Table structure for table `games`
--

DROP TABLE IF EXISTS `games`;
/*!40101 SET @saved_cs_client     = @@character_set_client */;
/*!50503 SET character_set_client = utf8mb4 */;
CREATE TABLE `games` (
  `id` int NOT NULL AUTO_INCREMENT,
  `code` varchar(255) DEFAULT NULL,
  `name` varchar(255) DEFAULT NULL,
  `name_ar` varchar(255) DEFAULT NULL,
  PRIMARY KEY (`id`)
) ENGINE=InnoDB AUTO_INCREMENT=30 DEFAULT CHARSET=utf8mb4 COLLATE=utf8mb4_0900_ai_ci;
/*!40101 SET character_set_client = @saved_cs_client */;

--
-- Dumping data for table `games`
--

LOCK TABLES `games` WRITE;
/*!40000 ALTER TABLE `games` DISABLE KEYS */;
INSERT INTO `games` VALUES (1,'APEX_LEGENDS','Apex Legends','Apex Legends'),(2,'APEX_LEGENDS_MOBILE','Apex Legends Mobile','Apex Legends Mobile'),(3,'ARENA_OF_VALOR','Arena of valor','Arena of valor'),(4,'BRAWLHALLA','Brawlhalla','Brawlhalla'),(5,'CLASH_ROYALE','Clash Royale','Clash Royale'),(6,'COD_MOBILE','COD Mobile','COD Mobile'),(7,'COD_MWII','COD: MWII','COD: MWII'),(8,'CS_GO','CS:GO','CS:GO'),(9,'DOTA_2','DOTA 2','DOTA 2'),(10,'DRAGON_BALL_FIGHTERZ','Dragon Ball FighterZ','Dragon Ball FighterZ'),(11,'EFOOTBALL','eFootball','eFootball'),(12,'FIFA_23','FIFA 23','FIFA 23'),(13,'FORTNITE','FORTNITE','FORTNITE'),(14,'GUILTY_GEAR_STRIVE','GUILTY GEAR STRIVE','GUILTY GEAR STRIVE'),(15,'KING_OF_FIGHTERS_XV','King of Fighters XV','King of Fighters XV'),(16,'LEAGUE_OF_LEGENDS','League of Legends','League of Legends'),(17,'LEAGUE_OF_LEGENDS_BANG_BANG','League of Legends: Bang Bang','League of Legends: Bang Bang'),(18,'LEAGUE_OF_LEGENDS_WILD_RIFT','League of Legends: Wild Rift','League of Legends: Wild Rift'),(19,'MORTAL_KOMBAT_11','MORTAL KOMBAT 11','MORTAL KOMBAT 11'),(20,'MULTIVERSUS','MULTIVERSUS','MULTIVERSUS'),(21,'NBA2K23','NBA2K23','NBA2K23'),(22,'OVERWATCH_2','OVERWATCH 2','OVERWATCH 2'),(23,'PUBG_MOBILE','PUBG Mobile','PUBG Mobile'),(24,'RAINBOW_SIX_SIEGE','Rainbow Six Siege','Rainbow Six Siege'),(25,'ROCKET_LEAGUE','Rocket League','Rocket League'),(26,'STREET_FIGHTER_V','STREET FIGHTER V','STREET FIGHTER V'),(27,'SUPER_SMASH_BROS_ULTIMATES','SUPER SMASH BROS ULTIMATES','SUPER SMASH BROS ULTIMATES'),(28,'TEKKEN_7','TEKKEN 7','TEKKEN 7'),(29,'VALORANT','Valorant','Valorant');
/*!40000 ALTER TABLE `games` ENABLE KEYS */;
UNLOCK TABLES;

--
-- Table structure for table `groups`
--

DROP TABLE IF EXISTS `groups`;
/*!40101 SET @saved_cs_client     = @@character_set_client */;
/*!50503 SET character_set_client = utf8mb4 */;
CREATE TABLE `groups` (
  `id` bigint NOT NULL,
  `system_id` varchar(255) DEFAULT NULL,
  `name` varchar(255) DEFAULT NULL,
  `created_by` varchar(255) DEFAULT NULL,
  `created_date` timestamp NULL DEFAULT NULL,
  `last_modified_by` varchar(255) DEFAULT NULL,
  `last_modified_date` timestamp NULL DEFAULT NULL,
  `deleted` tinyint(1) DEFAULT '0',
  PRIMARY KEY (`id`),
  UNIQUE KEY `system_id` (`system_id`)
) ENGINE=InnoDB DEFAULT CHARSET=utf8mb4 COLLATE=utf8mb4_0900_ai_ci;
/*!40101 SET character_set_client = @saved_cs_client */;

--
-- Dumping data for table `groups`
--

LOCK TABLES `groups` WRITE;
/*!40000 ALTER TABLE `groups` DISABLE KEYS */;
INSERT INTO `groups` VALUES (1,'dbdb2e07-a7fd-4eb1-92bc-3437051fee6d','default',NULL,NULL,NULL,NULL,0),(2,'76b46219-a670-4a24-affd-ad39c5f52b09','update_request',NULL,NULL,NULL,NULL,0);
/*!40000 ALTER TABLE `groups` ENABLE KEYS */;
UNLOCK TABLES;

--
-- Table structure for table `invitation`
--

DROP TABLE IF EXISTS `invitation`;
/*!40101 SET @saved_cs_client     = @@character_set_client */;
/*!50503 SET character_set_client = utf8mb4 */;
CREATE TABLE `invitation` (
  `id` int NOT NULL,
  `creation_date` bigint DEFAULT NULL,
  `invitation_from` varchar(255) DEFAULT NULL,
  `invitation_from_id` varchar(255) DEFAULT NULL,
  `invitation_to` varchar(255) DEFAULT NULL,
  `system_id` varchar(255) DEFAULT NULL,
  `to_email` varchar(255) DEFAULT NULL,
  `role` varchar(255) DEFAULT NULL,
  `team_id` varchar(255) DEFAULT NULL,
  `verification_code` varchar(127) DEFAULT NULL,
  `status_id` int DEFAULT NULL,
  `type_id` int DEFAULT '1',
  `club_id` varchar(255) DEFAULT NULL,
  `announcement_system_id` varchar(255) DEFAULT NULL,
  `assign_another_admin` bit(1) DEFAULT NULL,
  PRIMARY KEY (`id`),
  KEY `fk_invitation_type` (`type_id`),
  CONSTRAINT `fk_invitation_type` FOREIGN KEY (`type_id`) REFERENCES `invitation_type` (`id`)
) ENGINE=InnoDB DEFAULT CHARSET=utf8mb4 COLLATE=utf8mb4_0900_ai_ci;
/*!40101 SET character_set_client = @saved_cs_client */;

--
-- Dumping data for table `invitation`
--

LOCK TABLES `invitation` WRITE;
/*!40000 ALTER TABLE `invitation` DISABLE KEYS */;
INSERT INTO `invitation` VALUES (1,1678648572943,'CLUB','a434519d-75d1-401a-93c3-bcd7a7dfdf6e',NULL,'4f101ac3-6b3d-4c02-9f08-9949893d1c6f','mahmoud.aboelsoud.re@gmail.com','ANALYST',NULL,NULL,1,1,NULL,NULL,NULL),(2,1678648992079,'MEMBER','8c7e5802-b8ad-43db-98c6-92b2084e283a',NULL,'137e481c-cf4a-4c05-92fd-b2c0eec0fc92','mahmoud.aboelsoud.re2@gmail.com','ANALYST',NULL,NULL,1,1,NULL,NULL,NULL),(6,1678707329460,'MEMBER','8c7e5802-b8ad-43db-98c6-92b2084e283a',NULL,'f03ab7f3-3d4b-40da-9b3d-c4025f06f66c','u7q79iz76r@coffeetimer24.com','ANALYST',NULL,NULL,1,1,NULL,NULL,NULL),(7,1678707573684,'MEMBER','8c7e5802-b8ad-43db-98c6-92b2084e283a',NULL,'5cef9905-8e41-476b-9cda-479bc3cfed7e','mahmoud.aboelsou.d.p@gmail.com','ANALYST',NULL,NULL,1,1,NULL,NULL,NULL),(8,1678711015028,'MEMBER','8c7e5802-b8ad-43db-98c6-92b2084e283a',NULL,'63c3d3ab-fdf6-4f75-b00c-e2cafa2d8861','mahmoud.aboelsou.d.p@gmail.com','ANALYST',NULL,NULL,1,1,NULL,NULL,NULL),(9,1678711658018,'CLUB','ca66a676-a8dd-49f8-b07f-72576e17c52a',NULL,'26777ace-ea70-4078-b22e-f850f7bb74e2','mahmoud.aboelsou.d.p@gmail.com','ANALYST',NULL,NULL,1,1,NULL,NULL,NULL),(10,1678716628669,'CLUB','ca66a676-a8dd-49f8-b07f-72576e17c52a',NULL,'c88d8d5d-8d13-44ca-98cd-6edb2a312d94','mahmoud.aboelsoud.p@gmail.com','ANALYST',NULL,NULL,1,1,NULL,NULL,NULL),(11,1678716681104,'CLUB','ca66a676-a8dd-49f8-b07f-72576e17c52a',NULL,'939a7506-fb45-435f-b4a6-f0eb13e84faf','mahmoud.aboe.ls.o.ud.p@gmail.com','ANALYST',NULL,NULL,1,1,NULL,NULL,NULL),(12,1678717012318,'CLUB','ca66a676-a8dd-49f8-b07f-72576e17c52a',NULL,'94608ab0-f83d-4646-b364-7f4e5b98a1db','dddd@ma@mailinator.com','ANALYST',NULL,NULL,1,1,NULL,NULL,NULL),(13,1678717057422,'CLUB','ca66a676-a8dd-49f8-b07f-72576e17c52a',NULL,'44bc0dbc-b953-4b74-ab2c-5434ba97625c','ddddgggg@mailinator.com','ANALYST',NULL,NULL,1,1,NULL,NULL,NULL),(15,1678804056211,'CLUB','6c3d7d80-9011-49db-b758-a5eec9f86bb3',NULL,'6e62d809-55ad-4c9d-91fe-00960a5cde5e','ddddgggg@mailinator.com','ANALYST','4a918142-3567-4ff2-ab4f-2b733b2dd2d2',NULL,1,1,NULL,NULL,NULL),(35,1678968467961,'MEMBER','8c7e5802-b8ad-43db-98c6-92b2084e283a','c58814a1-27cb-4a3a-a1d7-f28ec4e3fe68','bd11ed0f-e286-4ef8-8687-438da1ca8db3','coach_nour@mailinator.com','COACH','87749912-a40e-470e-859e-a539e15b0113',NULL,2,1,NULL,NULL,NULL),(38,1678970754746,'MEMBER','8c7e5802-b8ad-43db-98c6-92b2084e283a','1a46c7ea-f7cb-43ec-adf7-fa7465495ce6','ce26eb27-1aaf-4583-84aa-efc5dfae28b9','ahmedfadell@mailinator.com','COACH','bffeae29-8b07-46b4-9e8c-bc986195939a',NULL,3,1,NULL,NULL,NULL),(39,1678971526950,'MEMBER','8c7e5802-b8ad-43db-98c6-92b2084e283a','088ea835-6d47-45da-baf4-79548e9ae3b2','c4ecb90a-c915-4275-8645-4ea1494f5d42','nour_coachh@mailinator.com','COACH','619fd0a7-4b5c-4068-ab8b-bbc36f7f6179',NULL,4,1,NULL,NULL,NULL),(40,1678980778201,'MEMBER','8c7e5802-b8ad-43db-98c6-92b2084e283a',NULL,'34d7b79b-e97d-4a34-8367-250db8471492','testoama@mailinator.com','PLAYER','a17978cc-38e4-4a02-8177-8b36fea8d438','KrDu9LnaGQ',1,1,NULL,NULL,NULL),(41,1678981059837,'MEMBER','8c7e5802-b8ad-43db-98c6-92b2084e283a',NULL,'4a79df23-5f5a-44f4-91ed-2c1cecdb0cb8','testahmed@mailinator.com','PLAYER','ef8b9167-f5ba-4b15-a851-7bc8fe1e6665','BLoId2qZD5',1,1,NULL,NULL,NULL),(42,1678981313422,'MEMBER','8c7e5802-b8ad-43db-98c6-92b2084e283a',NULL,'bc13a8a3-5e81-4c80-a6a6-e796566d1ccd','testxct@mailinator.com','PLAYER','4d54e8e0-e853-4733-9100-933489859e0f','ZSJCSEHWKN',1,1,NULL,NULL,NULL),(43,1678981693995,'CLUB','f974a174-e5a9-4e72-a3dc-38d2893ba2f5',NULL,'27f8ff71-6506-41b1-9312-69cc29d73475','KJi@player.com','PLAYER','ec275d34-243f-4af3-853e-fb12cf91409e','AVuQUBxVwH',1,1,NULL,NULL,NULL),(44,1678981696703,'MEMBER','d9c76d9a-1fb3-46c6-9d1f-f2d00864825f',NULL,'25c7420b-923f-4bb9-82ab-c5ea18aa030b','mossama@mailinator.com','COACH','68e9900e-15e7-4321-bae6-6d1e93aa646b','C2be1aBQdB',1,1,NULL,NULL,NULL),(45,1678981762891,'MEMBER','d9c76d9a-1fb3-46c6-9d1f-f2d00864825f',NULL,'667969cb-5a03-4515-b0d7-7e2a990ebe58','mossama@mailinator.com','COACH','d376ae0f-74d8-4dca-aaee-4305c3f73c43','rSD2i0jyvH',1,1,NULL,NULL,NULL),(46,1678981837579,'CLUB','f974a174-e5a9-4e72-a3dc-38d2893ba2f5',NULL,'4f4ff2ba-a1f6-432f-b1c5-c66119a3707c','Rpib@player.com','PLAYER','ec275d34-243f-4af3-853e-fb12cf91409e','WVl5YjWoVm',1,1,NULL,NULL,NULL),(47,1678981840629,'CLUB','f974a174-e5a9-4e72-a3dc-38d2893ba2f5',NULL,'54cb6a7a-ba95-4364-9e28-129be8e0f244','yNxA@player.com','PLAYER','ec275d34-243f-4af3-853e-fb12cf91409e','3GBvB68wHt',1,1,NULL,NULL,NULL),(48,1678982026577,'MEMBER','d9c76d9a-1fb3-46c6-9d1f-f2d00864825f',NULL,'ca48c4f4-e9fe-4769-924e-c43246feb059','mossama123@mailinator.com','PLAYER','fa782731-36f8-4828-a8ee-03a7607967d5','on17wBZwU1',1,1,NULL,NULL,NULL),(49,1678982090645,'MEMBER','d9c76d9a-1fb3-46c6-9d1f-f2d00864825f',NULL,'2bed76a5-7b5b-41e3-ad9a-0e201f0fd645','m.ossama.ahmed@gmail.com','PLAYER','df457828-6f6a-459f-8f23-c409ce715487','GN4r3Bpb79',1,1,NULL,NULL,NULL),(50,1678983280334,'CLUB','143960ef-65f9-4eb8-9906-b12d3535f2e1',NULL,'e8b2d7d0-b52c-4d4e-b1ad-d4513f7b71d0','test@test.tes','PLAYER','5406cd1c-0c0f-4813-a110-dfc06553793d','iCTBFmQy4s',1,1,NULL,NULL,NULL),(51,1678983280350,'CLUB','143960ef-65f9-4eb8-9906-b12d3535f2e1',NULL,'4d91df09-70e3-4413-85a1-1f7aea9e6364','test2@tes.tes','COACH','5406cd1c-0c0f-4813-a110-dfc06553793d','BY3EQJIy6B',1,1,NULL,NULL,NULL),(54,1678984019401,'MEMBER','d9c76d9a-1fb3-46c6-9d1f-f2d00864825f',NULL,'a0929c07-3ca5-4966-af1c-96167382874d','mossama123@mailinator.com','PLAYER','436ece81-7dd9-4dc6-9097-3e1875586cba','gFGMzMOqMA',1,1,NULL,NULL,NULL),(55,1678984681807,'MEMBER','8c7e5802-b8ad-43db-98c6-92b2084e283a',NULL,'52bb35b7-66fa-490d-a5c5-0178eb5a0261','ahmedfadel15@mailinator.com','PLAYER','8319da17-4fd1-4f30-a63c-fa6335e16cf1','gz2h8Du57m',1,1,NULL,NULL,NULL),(56,1678984753217,'MEMBER','d9c76d9a-1fb3-46c6-9d1f-f2d00864825f',NULL,'cfa962c5-6fdc-4a27-b44c-8fb8a91a8f95','xlwr@mailinator.com','PLAYER','2292ebaa-735a-4ae6-b864-29fb4f19a83f','faE0t2eObT',1,1,NULL,NULL,NULL),(57,1678985043970,'MEMBER','d9c76d9a-1fb3-46c6-9d1f-f2d00864825f',NULL,'3348be1a-8983-4e23-869b-53e1e7355f05','xlwr43243@mailinator.com','PLAYER','07261603-87bc-4f00-a676-25eb2f96a2ed','aZaSVxW1b5',1,1,NULL,NULL,NULL),(58,1678985260751,'MEMBER','d9c76d9a-1fb3-46c6-9d1f-f2d00864825f',NULL,'cbe65a40-048c-4228-b521-56fc7589c85b','ks2@mailinator.com','PLAYER','6b86cf23-2fb2-42d2-ba23-c37de8be847b','y5QDW7ZQgF',1,1,NULL,NULL,NULL),(59,1678985987022,'CLUB','995586bb-81d1-4490-a8ec-936555f6f3c4','1d35d2f7-9006-4f09-9eaa-93a20282a050','d093cf3d-a042-418f-aab8-d5fda5378fbb','nIe@player.com','PLAYER','ddf20a5c-e5ad-4f1f-8389-2d7355f0d378','cMKbzmIABI',1,1,NULL,NULL,NULL),(60,1678985987062,'CLUB','995586bb-81d1-4490-a8ec-936555f6f3c4',NULL,'121ed397-53a0-46a7-95f6-3e8ffbf80f3e','elsha@player','PLAYER','ddf20a5c-e5ad-4f1f-8389-2d7355f0d378','wFhA3QJfUA',4,1,NULL,NULL,NULL),(61,1678986548599,'CLUB','995586bb-81d1-4490-a8ec-936555f6f3c4','1d35d2f7-9006-4f09-9eaa-93a20282a050','c4794024-95b7-4f5f-8a00-68fc4d1b6cc7','nIe@player.com','PLAYER','b7a18beb-025a-45f2-be91-4a2a317f713f','YnhxQUL6Mh',4,1,NULL,NULL,NULL),(62,1678986548617,'CLUB','995586bb-81d1-4490-a8ec-936555f6f3c4',NULL,'b6283338-4ba1-4844-802e-c7bab22df3a8','INKpP@mailinator.com','PLAYER','b7a18beb-025a-45f2-be91-4a2a317f713f','pdby77DGKl',4,1,NULL,NULL,NULL),(63,1678987150991,'MEMBER','d9c76d9a-1fb3-46c6-9d1f-f2d00864825f',NULL,'8c8b19cc-3342-45da-a042-13114c18ac98','m.ossama.ahmed@gmail.com','PLAYER','0beeb5a4-0a06-4860-af96-5e1b24b89dd1','qgCl7IYbX4',1,1,NULL,NULL,NULL),(64,1678987570965,'CLUB','f974a174-e5a9-4e72-a3dc-38d2893ba2f5',NULL,'a63bc176-ba92-4c9e-b4b8-179ae9c0081e','tWxh@player.com','PLAYER','b7a18beb-025a-45f2-be91-4a2a317f713f','1nYxoSmNRl',1,1,NULL,NULL,NULL),(65,1678988825190,'CLUB','995586bb-81d1-4490-a8ec-936555f6f3c4','1d35d2f7-9006-4f09-9eaa-93a20282a050','240ba288-0edd-4415-8ba0-e30d200e18db','nIe@player.com','PLAYER','ef0d7075-ac8c-4bde-99e6-52d6a4c50efd','QgMxkewTMs',4,1,NULL,NULL,NULL),(66,1678988825208,'CLUB','995586bb-81d1-4490-a8ec-936555f6f3c4',NULL,'a4b573ac-a913-44d3-b24e-682892f83fa6','Mnvts@mailinator.com','PLAYER','ef0d7075-ac8c-4bde-99e6-52d6a4c50efd','q1ms11Y20k',4,1,NULL,NULL,NULL),(67,1678989054991,'CLUB','995586bb-81d1-4490-a8ec-936555f6f3c4','1d35d2f7-9006-4f09-9eaa-93a20282a050','3146c699-6544-4c67-bc55-355febcc6b76','nIe@player.com','PLAYER','bf461eeb-fd8e-49c9-ae43-3b39499780aa','4XL5BiVR9l',4,1,NULL,NULL,NULL),(68,1678989055003,'CLUB','995586bb-81d1-4490-a8ec-936555f6f3c4',NULL,'a2c0d2a9-220c-4210-9fe6-7424b8d3e4ce','oLbYZ@mailinator.com','PLAYER','bf461eeb-fd8e-49c9-ae43-3b39499780aa','2YOMW29skL',1,1,NULL,NULL,NULL),(69,1678989055007,'CLUB','995586bb-81d1-4490-a8ec-936555f6f3c4',NULL,'82590104-7154-4ed0-a431-0b9f29fae967','lshabory@gmail.com','PLAYER','bf461eeb-fd8e-49c9-ae43-3b39499780aa','bcHUch0aMg',1,1,NULL,NULL,NULL),(70,1678989130397,'CLUB','995586bb-81d1-4490-a8ec-936555f6f3c4',NULL,'68e1a9be-43b6-4b5d-b15b-69de86128e57','lshabory@gmail.com','PLAYER','cfe7c951-4dd5-4751-b92f-3017f2a661a8','LWI2wcFhzB',1,1,NULL,NULL,NULL),(71,1678989143990,'MEMBER','d9c76d9a-1fb3-46c6-9d1f-f2d00864825f',NULL,'e2ea859d-880c-4d21-ae25-ae81e787b40b','ks293@mailinator.com','PLAYER','cda7e14b-0ff4-4ceb-b8f7-12b9c6d2e1fe','fnEHPoYp4z',1,1,NULL,NULL,NULL),(72,1678990237295,'MEMBER','d9c76d9a-1fb3-46c6-9d1f-f2d00864825f',NULL,'ea2545b2-e15d-4ff7-9224-25a345b385dc','klo392@mailinator.com','PLAYER','6915b51c-b6bd-4301-acee-aa1f83151f74','5bqOI5nUau',1,1,NULL,NULL,NULL),(73,1678991585838,'MEMBER','d9c76d9a-1fb3-46c6-9d1f-f2d00864825f',NULL,'31bb0612-8066-4af7-a914-9ed40bed4c2f','lmo029@mailinator.com','PLAYER','a46f2c78-797f-4e3e-9562-aeac7a56a51d','32cGF7E7Qa',1,1,NULL,NULL,NULL),(74,1678991840091,'MEMBER','d9c76d9a-1fb3-46c6-9d1f-f2d00864825f',NULL,'38412cfa-1417-4b06-9f7c-85db6a8e8d4e','lmo22222@mailinator.com','PLAYER','d144a3af-7855-4228-8cbc-2fdfa6c19105','cZXTkbAqYR',1,1,NULL,NULL,NULL),(75,1679062444066,'MEMBER','d9c76d9a-1fb3-46c6-9d1f-f2d00864825f',NULL,'e5b55712-9f6d-431e-b17e-9c141486a86d','m.ossama.ahmed@outlook.com','PLAYER','be116a0b-3630-4eed-8545-a85af2f8eaeb','fqv5GxGIWT',3,1,NULL,NULL,NULL),(76,1679082992122,'MEMBER','bbc8fc36-79e9-4cc8-926d-7fa1ff23168c',NULL,'833a49cf-513d-491c-839b-a8864b09c2c1','testpendingb@mailinator.com','PLAYER','9ae41662-466e-45c2-a927-ff96c328013f','3rK4walBVG',4,1,NULL,NULL,NULL),(77,1679164369603,'MEMBER','a0d668c5-3e54-4eca-af6f-e28e26d6e1f2',NULL,'debe0c7b-7485-4af9-a681-5411fe87901e','ayman2@mailinator.com','PLAYER','1afbd47e-7c34-4c29-ba1d-414ae0f8b130','vONupQExC9',3,1,NULL,NULL,NULL),(78,1679169773581,'MEMBER','a0d668c5-3e54-4eca-af6f-e28e26d6e1f2',NULL,'eb606a6a-8839-4058-b528-19517c231451','ayman3@mailinator.com','PLAYER','cfb43ac7-11cd-42ba-b6a5-9fd102cb9d16','Z4Lbdn117q',4,1,NULL,NULL,NULL),(79,1679209821976,'MEMBER','6fc89443-3bc5-4e03-9de5-e69e5394c90f','8802fbb9-c46d-482e-93b6-c83ec3be61b8','7720f92c-0aaa-4f80-8471-86b11eeaff43','riadhplayer@riadh.com','PLAYER','6d614f5d-69ad-4a7a-9b8e-c478f2b37090','NQEat5TZA7',2,1,NULL,NULL,NULL),(80,1679214303304,'MEMBER','8802fbb9-c46d-482e-93b6-c83ec3be61b8','6fc89443-3bc5-4e03-9de5-e69e5394c90f','c7fcda99-fe8f-4b17-b9ed-73c9886d0166','riadhplayer2@riadh.com','PLAYER','afb64308-1a3f-49a3-b941-7a0f36a0d0d1','6lVqSPmoXW',4,1,NULL,NULL,NULL),(81,1679215267317,'MEMBER','a0d668c5-3e54-4eca-af6f-e28e26d6e1f2',NULL,'366aa94f-46cc-4775-96f7-e9aaf2234025','ayman5@mailinator.com','PLAYER','28ae9803-55e7-466f-9329-31b771ffc64c','t1vVTsaSBM',3,1,NULL,NULL,NULL),(82,1679216199321,'CLUB','995586bb-81d1-4490-a8ec-936555f6f3c4','8802fbb9-c46d-482e-93b6-c83ec3be61b8','2079c369-d916-4bc9-b47a-5aeab221b7fe','riadhplayer@riadh.com','PLAYER','b3f0d786-b6e3-4c97-9ee1-26a37255b346','FDxShOCQOq',3,1,NULL,NULL,NULL),(83,1679235309289,'MEMBER','a0d668c5-3e54-4eca-af6f-e28e26d6e1f2',NULL,'2d239d9b-7dc6-4d2e-a7c2-9bc4b9c88838','ayman6@mailinator.com','PLAYER','cdca5ecb-02a3-4aac-b3d6-1dea332c59af','4kd7MEIRZf',1,1,NULL,NULL,NULL),(84,1679242521766,'CLUB','143960ef-65f9-4eb8-9906-b12d3535f2e1','8802fbb9-c46d-482e-93b6-c83ec3be61b8','7df65e02-ed50-44d2-8a56-3571d1ed003e','riadhplayer@riadh.com','PLAYER','7177af86-2382-4a4e-9082-d4f27390a4c5','PCMatTQq8D',2,1,NULL,NULL,NULL),(85,1679242653325,'MEMBER','6fc89443-3bc5-4e03-9de5-e69e5394c90f','8802fbb9-c46d-482e-93b6-c83ec3be61b8','471db13f-22fa-46ce-ac34-61c5079d88ad','riadhplayer@riadh.com','PLAYER','55d9482b-8069-46ec-ad04-e29f82900ca5','py5oQzZBvI',3,1,NULL,NULL,NULL),(86,1679242864139,'MEMBER','6fc89443-3bc5-4e03-9de5-e69e5394c90f','8802fbb9-c46d-482e-93b6-c83ec3be61b8','0e2da6a9-0165-49b3-85d0-3e3e2a4e1154','riadhplayer@riadh.com','PLAYER','d7d689a7-5cd5-448d-9ef9-19b184e5c13a','eACzrNTWXv',2,1,NULL,NULL,NULL),(87,1679251030819,'MEMBER','d9c76d9a-1fb3-46c6-9d1f-f2d00864825f',NULL,'9844a6db-bbf9-4387-9371-1f6d3797479d','ossama212@mailinator.com','PLAYER','c3bf815c-67b2-4866-82ce-367be259a738','0m98HK87iZ',1,1,NULL,NULL,NULL),(88,1679253330592,'MEMBER','d9c76d9a-1fb3-46c6-9d1f-f2d00864825f',NULL,'3734cc2d-a239-4528-b508-a3ac91ce6c02','ossama619@mailinator.com','PLAYER','4399cfc4-4c0d-45ff-9e1c-326ae8aa76a9','HJAzP4Avn5',1,1,NULL,NULL,NULL),(89,1679253330604,'MEMBER','d9c76d9a-1fb3-46c6-9d1f-f2d00864825f',NULL,'0cdde019-ccf7-479f-b61d-79e65eda69f8','ossama620@mailinator.com','PLAYER','4399cfc4-4c0d-45ff-9e1c-326ae8aa76a9','ja7SvaDKMG',1,1,NULL,NULL,NULL),(90,1679261778659,'MEMBER','d9c76d9a-1fb3-46c6-9d1f-f2d00864825f',NULL,'592617e1-2561-4b2e-8ee1-87f096c659b1','o1@mailinator.com','PLAYER','0d72e5e2-757c-475b-b5e7-e6e0cc156032','QJk9oKLzC7',1,1,NULL,NULL,NULL),(91,1679261778694,'MEMBER','d9c76d9a-1fb3-46c6-9d1f-f2d00864825f',NULL,'eb49747e-646c-423e-8e0d-12a51a394226','ossama333@mailinator.com','PLAYER','0d72e5e2-757c-475b-b5e7-e6e0cc156032','UhIpwYv96c',1,1,NULL,NULL,NULL),(92,1679261778705,'MEMBER','d9c76d9a-1fb3-46c6-9d1f-f2d00864825f',NULL,'40f24c02-15ee-4378-a011-849dcbb5387b','os@mailinator.com','PLAYER','0d72e5e2-757c-475b-b5e7-e6e0cc156032','WjHBNGBYas',1,1,NULL,NULL,NULL),(93,1679261778720,'MEMBER','d9c76d9a-1fb3-46c6-9d1f-f2d00864825f',NULL,'d64ce09d-73ce-4fe5-b810-aa7fd607860c','oss1@mailinator.com','PLAYER','0d72e5e2-757c-475b-b5e7-e6e0cc156032','BK68cGORb1',1,1,NULL,NULL,NULL),(94,1679262978632,'MEMBER','c24a6bab-8ff3-4bc8-99cb-47be3016adbb','143960ef-65f9-4eb8-9906-b12d3535f2e1','6356da12-08f3-4dce-bcad-81abdc2ec3fb','riadh_bel_hadj2005@hotmail.com','CLUB_OWNER','03fc9eea-2b3a-4721-8072-82047f575e40','WJfxTGt8wy',3,1,NULL,NULL,NULL),(95,1679302391759,'MEMBER','d9c76d9a-1fb3-46c6-9d1f-f2d00864825f',NULL,'752478ec-b63b-40fa-924b-6fe5b3efa0d7','osss@mailinator.com','PLAYER','0f485c96-fd08-49eb-84ca-5382761b6e03','JX9aBGywEo',1,1,NULL,NULL,NULL),(96,1679302391861,'MEMBER','d9c76d9a-1fb3-46c6-9d1f-f2d00864825f',NULL,'f0ee5554-d37c-45fa-ab32-010639b6ac7f','osss1@mailinator.com','PLAYER','0f485c96-fd08-49eb-84ca-5382761b6e03','A8CZPTXROV',1,1,NULL,NULL,NULL),(97,1679302391873,'MEMBER','d9c76d9a-1fb3-46c6-9d1f-f2d00864825f',NULL,'6e808c8c-79a8-4202-82d4-3e65e2eb6232','osss3@mailinator.com','PLAYER','0f485c96-fd08-49eb-84ca-5382761b6e03','nrOSZnTdvD',1,1,NULL,NULL,NULL),(98,1679307742016,'MEMBER','a0d668c5-3e54-4eca-af6f-e28e26d6e1f2','5266af14-cf5c-4a59-ace4-9604a9baf538','1bf29da6-d0af-412e-ba1a-a06673c1bcfa','ayman2@mailinator.com','PLAYER','f02dc45f-a110-43ff-9491-a0d960811d0c','wmVcfFUapq',1,1,NULL,NULL,NULL),(99,1679310561012,'MEMBER','d9c76d9a-1fb3-46c6-9d1f-f2d00864825f',NULL,'aabd8858-3127-46f6-9a95-5a1357663c1b','m_osss1@mailinator.com','PLAYER','70d0f325-be96-48eb-8fb7-75189859b188','FjtW2EGaYo',1,1,NULL,NULL,NULL),(100,1679310561034,'MEMBER','d9c76d9a-1fb3-46c6-9d1f-f2d00864825f',NULL,'f05debc6-a5e4-4db6-814e-375e23a6558a','m_osss2@mailinator.com','PLAYER','70d0f325-be96-48eb-8fb7-75189859b188','A5L80sJQqk',1,1,NULL,NULL,NULL),(101,1679310561044,'MEMBER','d9c76d9a-1fb3-46c6-9d1f-f2d00864825f',NULL,'d03d74e1-1e94-4d96-b124-e75ce293ef88','m_osss3@mailinator.com','PLAYER','70d0f325-be96-48eb-8fb7-75189859b188','pXyazOYxar',1,1,NULL,NULL,NULL),(102,1679310970305,'MEMBER','6fc89443-3bc5-4e03-9de5-e69e5394c90f','8802fbb9-c46d-482e-93b6-c83ec3be61b8','7fc6d0ad-410d-4077-9fe1-8ea8c6489344','riadhplayer@riadh.com','PLAYER','cc59363f-3128-4341-b2cd-6188ff8ff454','z42khoDdZI',3,1,NULL,NULL,NULL),(103,1679311798460,'MEMBER','2a6db681-faf8-45f4-a4cc-2d31d9f2dc06',NULL,'5876c977-3535-4a94-9460-6ef8afdea6f5','m_osss4@mailinator.com','PLAYER','4c40a50f-2369-454c-9590-80ce57e8a0b7','00UqQkmmR4',1,1,NULL,NULL,NULL),(104,1679311798496,'MEMBER','2a6db681-faf8-45f4-a4cc-2d31d9f2dc06',NULL,'60575ce4-918c-43bd-a26e-577ebc6023dd','m_osss5@mailinator.com','PLAYER','4c40a50f-2369-454c-9590-80ce57e8a0b7','6WYR9PIqxy',1,1,NULL,NULL,NULL),(105,1679311798508,'MEMBER','2a6db681-faf8-45f4-a4cc-2d31d9f2dc06',NULL,'34bc8ddc-288b-42dc-89ca-b81c0568bdc7','m_osss6@mailinator.com','PLAYER','4c40a50f-2369-454c-9590-80ce57e8a0b7','1Dn2s0IGdk',1,1,NULL,NULL,NULL),(106,1679312848191,'MEMBER','2a6db681-faf8-45f4-a4cc-2d31d9f2dc06',NULL,'cc1dafd7-9b5a-42da-9582-6ef449ba5810','osss7@mailinator.com','PLAYER','811aa950-adb7-4081-a77d-d387b9fbf6ec','sBq4E1uiXq',1,1,NULL,NULL,NULL),(107,1679312848222,'MEMBER','2a6db681-faf8-45f4-a4cc-2d31d9f2dc06',NULL,'dce07442-8a7e-4816-81b1-67f2406824c2','osss8@mailinator.com','PLAYER','811aa950-adb7-4081-a77d-d387b9fbf6ec','YHjvr4dooZ',1,1,NULL,NULL,NULL),(108,1679312848232,'MEMBER','2a6db681-faf8-45f4-a4cc-2d31d9f2dc06',NULL,'ee3e4ebd-ada1-4f5d-a5c3-d61c6d219517','osss9@mailinator.com','PLAYER','811aa950-adb7-4081-a77d-d387b9fbf6ec','UlepHerVg2',1,1,NULL,NULL,NULL),(109,1679316559806,'MEMBER','2a6db681-faf8-45f4-a4cc-2d31d9f2dc06',NULL,'5c014263-609c-41b2-b790-589759b50191','osss10@mailinator.com','PLAYER','01707f86-edce-4448-add1-9a58653275de','QW8QjgerRL',1,1,NULL,NULL,NULL),(110,1679316559891,'MEMBER','2a6db681-faf8-45f4-a4cc-2d31d9f2dc06',NULL,'310f1db6-07df-4247-bfa5-8cede26f203a','osss11@mailinator.com','PLAYER','01707f86-edce-4448-add1-9a58653275de','ah9dmOgbZ5',1,1,NULL,NULL,NULL),(111,1679316559905,'MEMBER','2a6db681-faf8-45f4-a4cc-2d31d9f2dc06',NULL,'8b44c207-bc7b-432b-b763-83bcf06ccdf8','osss12@mailinator.com','PLAYER','01707f86-edce-4448-add1-9a58653275de','A4Lsq3yVRd',2,1,NULL,NULL,NULL),(112,1679326000665,'MEMBER','5266af14-cf5c-4a59-ace4-9604a9baf538','1d35d2f7-9006-4f09-9eaa-93a20282a050','0c3ecc7a-807c-4579-9e86-945362a0c2bb','nIe@player.com','PLAYER','c67c8db9-50bc-42f3-9093-a4bbc3b38de6','fV8WxkoFc9',1,1,NULL,NULL,NULL),(113,1679326434311,'MEMBER','1d35d2f7-9006-4f09-9eaa-93a20282a050',NULL,'31acb28f-6dee-4200-95f5-e310fbfd3bf9','yfLy','PLAYER','857e1c59-6b86-416f-9eac-6b50c57b8c89','wNArhsYeAm',4,1,NULL,NULL,NULL),(114,1679331664435,'MEMBER','8802fbb9-c46d-482e-93b6-c83ec3be61b8','e762e071-b59e-4f6b-9f8d-3f62c6e66615','0b26cfc0-1a57-4155-984d-18619aeacbc9','testossama12@mailinator.com','PLAYER','d2709af1-e3ef-4c64-9f61-3fde3faca2a3','4Yu8hyT30w',4,1,NULL,NULL,NULL),(115,1679335991906,'MEMBER','8802fbb9-c46d-482e-93b6-c83ec3be61b8',NULL,'0152eece-8a12-414e-ab1f-fe43f79679a0','gggg@yyyy.vom','PLAYER','d2709af1-e3ef-4c64-9f61-3fde3faca2a3','CFKvIZ2aBZ',4,1,NULL,NULL,NULL),(116,1679402071328,'MEMBER','a0d668c5-3e54-4eca-af6f-e28e26d6e1f2',NULL,'7efa46c0-6e6f-4ad8-82b9-131bd68bff01','ayman01@mailinator.com','CLUB_OWNER','3fa08a21-ed68-443a-8312-5621b5f64cef','Ob9eR2AvI8',1,1,NULL,NULL,NULL),(117,1679406526727,'MEMBER','a0d668c5-3e54-4eca-af6f-e28e26d6e1f2',NULL,'e46874b8-ec6b-42fd-b34c-fb2498d59cff','ayman01@mailinator.com','PLAYER','b004eba1-702a-4cab-b3ce-d5e8f10c956d','uWZlaE8plV',1,1,NULL,NULL,NULL),(118,1679409083315,'MEMBER','a0d668c5-3e54-4eca-af6f-e28e26d6e1f2',NULL,'f93a5ee9-d04e-4251-9c70-cb09c99e7641','ayman02@mailinator.com','CLUB_OWNER','100e58c7-ec1b-42fc-8282-387f95fd28ea','ZDbV1SUqTv',1,1,NULL,NULL,NULL),(119,1679409346616,'MEMBER','a0d668c5-3e54-4eca-af6f-e28e26d6e1f2',NULL,'59ea8c68-79c2-41ee-9d83-80f4cb070b5b','ayman03@mailinator.com','CLUB_OWNER','d9ce0c84-a59f-4a49-85cd-20b59734fa3d','LKwKOB2S3h',1,1,NULL,NULL,NULL),(120,1679410687125,'MEMBER','a0d668c5-3e54-4eca-af6f-e28e26d6e1f2',NULL,'d876142e-98d3-415b-b46f-9015a8c9c7c3','osama100@mailinator.com','CLUB_OWNER','17247b7d-1225-4695-a09b-5b48515c453b','w1rGA28vpi',1,1,NULL,NULL,NULL),(121,1679412418463,'MEMBER','a0d668c5-3e54-4eca-af6f-e28e26d6e1f2',NULL,'d655a39f-e405-4d9f-9396-4d1e89ca8f4b','testayman@mailinator.com','PLAYER','c35b610b-c649-4cf6-af84-2ad9f36b0ff5','j1qWuNfTdz',1,1,NULL,NULL,NULL),(122,1679419090650,'MEMBER','a0d668c5-3e54-4eca-af6f-e28e26d6e1f2',NULL,'9ead289a-47cd-40f1-95c7-2fd683098141','testayman@mailinator.com','PLAYER','7a3aacb3-3a95-4674-8f21-8c21fe6be84c','wPWjwXLCoP',1,1,NULL,NULL,NULL),(123,1679428194387,'MEMBER','a0d668c5-3e54-4eca-af6f-e28e26d6e1f2',NULL,'9a7fa583-f60b-4e9d-a912-1e9ba831d63c','ay.ayman@mailinator.com','PLAYER','6ec79ff9-606c-43cf-8afd-a7c142d66979','vwBnhEtMja',1,1,NULL,NULL,NULL),(124,1679482385532,'MEMBER','04517f56-b984-423c-8bfb-ed44d6bfa67a',NULL,'30c2b2e4-cdcc-47a6-9ace-38601f70e300','ossama9999@mailinator.com','PLAYER','3187c6cb-fde6-4ddb-83ad-bf3c2005528e','LdDi5h3th3',1,1,NULL,NULL,NULL),(125,1679482478169,'MEMBER','04517f56-b984-423c-8bfb-ed44d6bfa67a',NULL,'48f1b816-eadc-44a4-8246-31cac38bdae0','ossama9999@mailinator.com','COACH','01ae589b-375b-4255-ab0b-6bbb8253d687','bpiDNS9QA6',2,1,NULL,NULL,NULL),(126,1679498087070,'MEMBER','c58814a1-27cb-4a3a-a1d7-f28ec4e3fe68','3ea9eb33-322e-4f99-9b83-e667e90f115b','df0abe65-7c35-4415-ad71-a65cabefb957','ahmm@mailinator.com','PLAYER','1b3486c7-896d-458c-b510-6a8352dd475f','2nhv05EJIX',1,1,NULL,NULL,NULL),(127,1679499553685,'CLUB','f974a174-e5a9-4e72-a3dc-38d2893ba2f5',NULL,'e2a0a0f2-5b78-4497-ab73-13982b1c7d6d','FVPz@player.com','REFEREE','bf461eeb-fd8e-49c9-ae43-3b39499780aa','R9HHpfgqtw',1,1,NULL,NULL,NULL),(128,1679499722967,'CLUB','995586bb-81d1-4490-a8ec-936555f6f3c4',NULL,'6e927f24-e2b4-4e2b-aa54-55a609cc02e3','xkHx@referee.com','REFEREE','bf461eeb-fd8e-49c9-ae43-3b39499780aa','OudoAwRQvb',1,1,NULL,NULL,NULL),(129,1679499784846,'CLUB','995586bb-81d1-4490-a8ec-936555f6f3c4',NULL,'a45949ec-a663-418f-9d25-c565d98c1b27','LFUP@referee.com','COACH','bf461eeb-fd8e-49c9-ae43-3b39499780aa','Wd4I878pVs',1,1,NULL,NULL,NULL),(130,1679499784868,'CLUB','995586bb-81d1-4490-a8ec-936555f6f3c4',NULL,'86c55c66-fa4e-499c-9f2c-54dd7d243784','zLii@coach.com','COACH','bf461eeb-fd8e-49c9-ae43-3b39499780aa','94vSZ3qrEA',1,1,NULL,NULL,NULL),(131,1679499784883,'CLUB','995586bb-81d1-4490-a8ec-936555f6f3c4',NULL,'d1cf2788-fe6e-4eb4-9620-de3a94afe2cd','YQGl@teammanager.com','TEAM_MANAGER','bf461eeb-fd8e-49c9-ae43-3b39499780aa','KCiOxFScut',1,1,NULL,NULL,NULL),(132,1679662864881,'MEMBER','bbc8fc36-79e9-4cc8-926d-7fa1ff23168c',NULL,'eab04293-bc1a-46ff-bc2c-c9771bab89d0','sadfsa@adslkjfl.com','PLAYER','9ae41662-466e-45c2-a927-ff96c328013f','wvFgDl3uqi',4,1,NULL,NULL,NULL),(133,1679662904825,'MEMBER','bbc8fc36-79e9-4cc8-926d-7fa1ff23168c',NULL,'031ce44f-9743-45e4-9416-908e59ee7165','lol@lol.com','PLAYER','9ae41662-466e-45c2-a927-ff96c328013f','w6Kd64lOKR',4,1,NULL,NULL,NULL),(134,1679678885918,'MEMBER','bbc8fc36-79e9-4cc8-926d-7fa1ff23168c',NULL,'3172b289-fa40-4738-9e84-d5e3704dac84','lol@lol.com','PLAYER','9ae41662-466e-45c2-a927-ff96c328013f','Ejq9nAZtxq',4,1,NULL,NULL,NULL),(135,1679678914171,'MEMBER','bbc8fc36-79e9-4cc8-926d-7fa1ff23168c',NULL,'aa71ffd4-1ec3-46a2-a87f-08191f6455e8','lol@lol.com','PLAYER','9ae41662-466e-45c2-a927-ff96c328013f','woIfDAVdMr',4,1,NULL,NULL,NULL),(136,1679943743375,'MEMBER','bbc8fc36-79e9-4cc8-926d-7fa1ff23168c',NULL,'533cb899-3ad8-4142-af65-d20e9592db18','bmember@mailinator.com','PLAYER','05008b9d-21ae-4a24-a6b2-8715a10efd96','XhZtbWYzQy',2,1,NULL,NULL,NULL),(137,1680012053994,'MEMBER','c24a6bab-8ff3-4bc8-99cb-47be3016adbb',NULL,'675b81a1-d7bf-4867-ad92-e45e3becb21c','dsd@sd.sd','CONTENT_CREATOR','066f02f5-253a-4d20-95f4-2106d219eacc','403v9l4YTV',1,1,NULL,NULL,NULL),(138,1680012095538,'MEMBER','c24a6bab-8ff3-4bc8-99cb-47be3016adbb',NULL,'183d5c56-1947-4e1e-8dd4-b5ce99e271e9','sdds@sd.sd','CONTENT_CREATOR','066f02f5-253a-4d20-95f4-2106d219eacc','gh16xlyjrn',1,1,NULL,NULL,NULL),(139,1680029136820,'MEMBER','bbc8fc36-79e9-4cc8-926d-7fa1ff23168c',NULL,'df75461f-98dd-44b8-a353-c62a46071267','invtestm@mailinator.com','PLAYER','05008b9d-21ae-4a24-a6b2-8715a10efd96','VyYspPN2pb',4,1,NULL,NULL,NULL),(140,1680029279960,'MEMBER','bbc8fc36-79e9-4cc8-926d-7fa1ff23168c',NULL,'b386428f-78e3-43b9-b61f-1d468d296edb','invtestm@mailinator.com','PLAYER','05008b9d-21ae-4a24-a6b2-8715a10efd96','ctdXL6KUjP',2,1,NULL,NULL,NULL),(141,1680029689736,'MEMBER','bbc8fc36-79e9-4cc8-926d-7fa1ff23168c',NULL,'309e6b1d-8b61-43c7-8b86-0d7aff2540f1','invtestm@mailiantor.com','PLAYER','05008b9d-21ae-4a24-a6b2-8715a10efd96','XYWZtnoxI6',4,1,NULL,NULL,NULL),(142,1680029769788,'MEMBER','bbc8fc36-79e9-4cc8-926d-7fa1ff23168c','821bfc7c-007c-491c-9b18-342a5601f92e','2e256105-c6d5-40db-bbd8-07d8bb66d16b','invtestm@mailinator.com','PLAYER','05008b9d-21ae-4a24-a6b2-8715a10efd96','JRubzeXD9I',2,1,NULL,NULL,NULL),(143,1680035285240,'MEMBER','04517f56-b984-423c-8bfb-ed44d6bfa67a',NULL,'f819cf37-3b39-469c-b220-cc7c4c601a6d','ossama100@mailinator.com','PLAYER','34840a05-b647-4f0a-9228-38a981a8df2d','Xv4CgoPwE4',4,1,NULL,NULL,NULL),(144,1680035285340,'MEMBER','04517f56-b984-423c-8bfb-ed44d6bfa67a',NULL,'70e1d72e-bfd4-48d0-8d23-a60b2be759a1','ossama101@mailinator.com','REFEREE','34840a05-b647-4f0a-9228-38a981a8df2d','lNOJg0pFFZ',4,1,NULL,NULL,NULL),(145,1680035285364,'MEMBER','04517f56-b984-423c-8bfb-ed44d6bfa67a',NULL,'61301116-a299-4fcb-9507-9d540f055b5a','ossama102@mailinator.com','COACH','34840a05-b647-4f0a-9228-38a981a8df2d','FnHmswcwPb',4,1,NULL,NULL,NULL),(146,1680036742200,'MEMBER','bbc8fc36-79e9-4cc8-926d-7fa1ff23168c','821bfc7c-007c-491c-9b18-342a5601f92e','f1e441ed-1e93-43e6-8a93-1388d344baf8','invtestm@mailinator.com','PLAYER','05008b9d-21ae-4a24-a6b2-8715a10efd96','YLCNbQFib2',4,1,NULL,NULL,NULL),(147,1680037950512,'MEMBER','bbc8fc36-79e9-4cc8-926d-7fa1ff23168c',NULL,'cf5447f3-b720-435f-b2f5-558ef9300927','asdfljladf@alskdjfl.com','PLAYER','05008b9d-21ae-4a24-a6b2-8715a10efd96','KxBnFjPCd0',4,1,NULL,NULL,NULL),(148,1680038227179,'MEMBER','bbc8fc36-79e9-4cc8-926d-7fa1ff23168c',NULL,'fffb0857-55cd-4f4d-bf91-43b8382b21e9','asdflasjl@dalskfjlk.com','REFEREE','05008b9d-21ae-4a24-a6b2-8715a10efd96','814lCdvZdt',4,1,NULL,NULL,NULL),(149,1680040078455,'MEMBER','5266af14-cf5c-4a59-ace4-9604a9baf538',NULL,'0e712bd7-10ef-40fc-b053-9e7620662482','helllo@mailinator.com','PLAYER','5635c6c7-dc8b-459e-9179-6cfb4c64e608','e6OqqTzwn9',4,1,NULL,NULL,NULL),(150,1680040908418,'MEMBER','5266af14-cf5c-4a59-ace4-9604a9baf538',NULL,'d8ff81d0-d7ec-4594-abd8-8252aeccbaf6','helllo@mailinator.com','PLAYER','5635c6c7-dc8b-459e-9179-6cfb4c64e608','5nTq1kIUQL',3,1,NULL,NULL,NULL),(151,1680042505778,'MEMBER','5266af14-cf5c-4a59-ace4-9604a9baf538',NULL,'b3b94d96-13ba-4b52-9183-a6da8e304364','hello01@mailinator.com','PLAYER','5bbe3ded-e90c-4a7f-a9e1-7cbeb1e8d49c','RYGMMNw4Yp',1,1,NULL,NULL,NULL),(152,1680043010849,'MEMBER','5266af14-cf5c-4a59-ace4-9604a9baf538',NULL,'3c6c04af-b478-441c-a9ab-88606c6604fc','yala@mailinator.com','GRAPHIC_DESIGNER','0a7a9bff-9cbd-4737-8412-199ab06f8d82','3Ex3sCeQwW',1,1,NULL,NULL,NULL),(153,1680084843251,'MEMBER','5266af14-cf5c-4a59-ace4-9604a9baf538',NULL,'ec50a987-14f4-4cee-b366-886d850b7a63','aymantest1@mailinator.com','PLAYER','92eb8e2d-70f3-4d86-a3a5-91edef2c6124','mRBMwjmdYF',3,1,NULL,NULL,NULL),(154,1680087890451,'MEMBER','cf465d7e-2823-4af0-82d0-56192034fa14',NULL,'738f52dd-ce84-4508-8c2e-6a3f222b92cd','aymann1@mailinator.com','PLAYER','c047872e-64e7-4480-b588-22b9ad66c02b','nngeJV7b42',4,1,NULL,NULL,NULL),(155,1680096640099,'MEMBER','cf465d7e-2823-4af0-82d0-56192034fa14',NULL,'4bb5b3bf-689b-41cc-9efb-4551f831e9f8','3mriad@mailinator.com','PLAYER','8ef19017-d633-41de-8d8c-e425c3048d2d','0k8gbojqRN',4,1,NULL,NULL,NULL),(156,1680120351663,'MEMBER','cf465d7e-2823-4af0-82d0-56192034fa14',NULL,'2303466e-970e-448d-94fb-2d2260bf8511','wassem@mailinator.com','PLAYER','3b36ee87-8061-426b-93b2-8f1dcf77a33e','7O9ubEKRHX',3,1,NULL,NULL,NULL),(157,1680126435870,'MEMBER','cf465d7e-2823-4af0-82d0-56192034fa14',NULL,'58edb1a4-85a1-48bc-927a-02aa9ce6de23','afdasfsaf@mailinator.com','PLAYER','945f5f86-c376-41f8-83be-ffa3b661d4bb','UJTcPBtMdI',4,1,NULL,NULL,NULL),(158,1680127310439,'MEMBER','04517f56-b984-423c-8bfb-ed44d6bfa67a',NULL,'f3483bc3-34d4-42fe-a127-79d6771973fb','ossama200@mailinator.com','PLAYER','f38960b4-2500-4cd0-be9e-e457fd66b105','r3QmvkDldf',2,1,NULL,NULL,NULL),(159,1680127310454,'MEMBER','04517f56-b984-423c-8bfb-ed44d6bfa67a',NULL,'07c4c177-3a7b-42d9-872b-d96e52996c71','ossama202@mailinator.com','PLAYER','f38960b4-2500-4cd0-be9e-e457fd66b105','qLYvKbZeIf',1,1,NULL,NULL,NULL),(160,1680127726469,'MEMBER','04517f56-b984-423c-8bfb-ed44d6bfa67a',NULL,'924a6aa9-eac1-44d0-86b4-339fcea3cded','ossama222@mailinator.com','PLAYER','f38960b4-2500-4cd0-be9e-e457fd66b105','8gU92phuJv',1,1,NULL,NULL,NULL),(161,1680127796547,'MEMBER','04517f56-b984-423c-8bfb-ed44d6bfa67a','ee47bdba-55f5-480e-bdb6-6779b4fe616c','d2074862-f89d-450f-9db2-adf1173351f9','ossama200@mailinator.com','PLAYER','01ae589b-375b-4255-ab0b-6bbb8253d687','3fjnRgthr7',1,1,NULL,NULL,NULL),(162,1680128066844,'MEMBER','04517f56-b984-423c-8bfb-ed44d6bfa67a',NULL,'838c6444-8dea-4706-95ad-02a614363c07','ayman200@mailinator.com','PLAYER','f38960b4-2500-4cd0-be9e-e457fd66b105','5aizCxSnXx',3,1,NULL,NULL,NULL),(163,1680128358678,'MEMBER','04517f56-b984-423c-8bfb-ed44d6bfa67a','dd240d9a-9653-486f-9799-52f3bcc5cb69','c70932d2-37f0-4ed8-8b72-cfa1eeb94575','ayman000@mailinator.com','PLAYER','f38960b4-2500-4cd0-be9e-e457fd66b105','wyKZ5emj0A',1,1,NULL,NULL,NULL),(164,1680128402309,'MEMBER','04517f56-b984-423c-8bfb-ed44d6bfa67a',NULL,'a32b272b-1c74-45cd-9873-d94e864444f6','ayman111@mailinator.com','PLAYER','f38960b4-2500-4cd0-be9e-e457fd66b105','x6uDblXoV8',3,1,NULL,NULL,NULL),(165,1680165243201,'MEMBER','0ae6de6a-53e0-46ef-ad77-e62ebb967f81',NULL,'e099d808-ee9c-43ff-9288-e3ec942b7a2f','sdkldsk@sd.sd','TEAM_MANAGER','e0c1e0c1-6c61-4406-b5f8-11f4121e7ad3','CWbhHS92BN',4,1,NULL,NULL,NULL),(166,1680169949516,'MEMBER','bbc8fc36-79e9-4cc8-926d-7fa1ff23168c',NULL,'b221363f-1f8b-4c91-92f1-902940715e50','sfasfd@sdlkfjdl.com','PLAYER','cf699824-b2a3-429c-91a7-bd4ed82f513e','ulYFD0dUSh',4,1,NULL,NULL,NULL),(167,1680189507445,'MEMBER','ee47bdba-55f5-480e-bdb6-6779b4fe616c',NULL,'ca03f170-acc8-41a6-9a3c-60d7e82a96a4','ossama300@mailinator.com','PLAYER','591bb390-6b18-4efa-892b-ce1dabf90ab5','gnGlW95boA',3,1,NULL,NULL,NULL),(168,1680439594674,'MEMBER','cf465d7e-2823-4af0-82d0-56192034fa14',NULL,'c1593155-d69c-420a-b569-e138fa848ea1','mycall@mailinator.com','PLAYER','1b9a9363-a18d-4d25-b0ef-39de249370c2','J5bGiq0l3t',1,1,NULL,NULL,NULL),(169,1680514709285,'MEMBER','e8075900-1b59-4427-b124-0ae139dc255b',NULL,'e1f9e2fe-6c38-4f66-9a8a-05cf3df54380','osssama40@mailinator.com','COACH','396ea86c-0ff8-4bb9-9fd3-dd20100919ad','SzeSnpEAl8',1,1,NULL,NULL,NULL),(170,1680515953330,'MEMBER','2e4bc7e7-fc2d-4390-9d52-49ca52a55b9f',NULL,'de0874e6-136c-4238-9b19-b3378c57e945','ayman001@mailinator.com','PLAYER','76757d44-54c0-426f-b2d1-033833f3aa98','bjNKdySMyI',4,1,NULL,NULL,NULL),(171,1680690514055,'MEMBER','cf465d7e-2823-4af0-82d0-56192034fa14','5266af14-cf5c-4a59-ace4-9604a9baf538','335b4673-28f8-49c4-9e91-7dec63d810fa','ayman2@mailinator.com','PLAYER','1b9a9363-a18d-4d25-b0ef-39de249370c2','e2niHCoP5h',1,1,NULL,NULL,NULL),(172,1680691235664,'CLUB','3d6f3253-d2a6-436d-ad8b-62f55ecd396a','5266af14-cf5c-4a59-ace4-9604a9baf538','90344810-3f40-4a7e-94cb-ffdd81f8b5f6','ayman2@mailinator.com','PLAYER','461bf560-6c13-41df-8350-14d8bd4e8f36','RQsaeiyfqC',2,1,NULL,NULL,NULL),(173,1680699933481,'CLUB','3d6f3253-d2a6-436d-ad8b-62f55ecd396a','5266af14-cf5c-4a59-ace4-9604a9baf538','f23ca6a0-078d-4046-8da5-594162aab188','ayman2@mailinator.com','PLAYER','0e17ac34-308b-42d5-b5d2-21060c1e4b38','uWXNfGdCE7',2,1,NULL,NULL,NULL),(174,1680716544495,'CLUB','682dbdff-03da-4083-9cd2-c896166792f5','5266af14-cf5c-4a59-ace4-9604a9baf538','f290d1f3-cfb4-4ce5-ba26-bf7425361976','ayman2@mailinator.com','PLAYER','d03a9d30-6bb1-4994-954f-193f85d1fccc','QqDGRkpKLA',1,1,NULL,NULL,NULL),(175,1680722688774,'MEMBER','5266af14-cf5c-4a59-ace4-9604a9baf538',NULL,'5c1637bc-0fd9-4a5e-a847-97367fa8608c','aymanh@mailinator.com','PLAYER','17c6855f-011f-48eb-96ac-c7bd42e2079c','G6aBA7FoaQ',3,1,NULL,NULL,NULL),(176,1680724762476,'MEMBER','cf465d7e-2823-4af0-82d0-56192034fa14',NULL,'46d4acbe-ec74-4fa0-805a-524e5687e220','ayman.moh.ali12@gmail.com','PLAYER','6f99b9c3-e145-4a23-91c7-0f3b677cdb68','d0h7eWgsFo',3,1,NULL,NULL,NULL),(178,1680894811372,'MEMBER','8802fbb9-c46d-482e-93b6-c83ec3be61b8',NULL,'bb55414b-e482-41ca-93dd-28e1e7cfd660','teamcontentCreator@mailinator.com','CONTENT_CREATOR','43a5936c-f8a7-4b84-a8d4-6498514ba30a','sakcsxHMuC',4,1,NULL,NULL,NULL),(184,1680904458660,'CLUB','2ed91309-e907-4eb0-9747-91ce112fee8e',NULL,'08f60696-5bdd-4a11-aabe-ed27a25f64ae','clubcontent@mailinator.com','CONTENT_CREATOR',NULL,'PK378dtDqB',3,3,'2ed91309-e907-4eb0-9747-91ce112fee8e',NULL,NULL),(185,1680909766543,'CLUB','2ed91309-e907-4eb0-9747-91ce112fee8e','90a53636-fbaf-4107-8e4b-f24a9cbb5390','82a1c1c4-c46f-443c-a2cc-af4b51bc9408','clubcontent@mailinator.com','CONTENT_CREATOR',NULL,'Q5URIg2TTy',2,3,'2ed91309-e907-4eb0-9747-91ce112fee8e',NULL,NULL),(186,1680911775315,'CLUB','2ed91309-e907-4eb0-9747-91ce112fee8e','90a53636-fbaf-4107-8e4b-f24a9cbb5390','6b82518a-04c4-4f7c-beca-5cf935c5cec7','clubcontent@mailinator.com','CONTENT_CREATOR',NULL,'uhl97N0hVw',3,3,'2ed91309-e907-4eb0-9747-91ce112fee8e',NULL,NULL),(187,1680913109905,'CLUB','2ed91309-e907-4eb0-9747-91ce112fee8e','90a53636-fbaf-4107-8e4b-f24a9cbb5390','51a5c00f-218d-4cbb-bfdb-ae3531ffb6ac','clubcontent@mailinator.com','CONTENT_CREATOR',NULL,'NJBZhmPCZx',2,3,'2ed91309-e907-4eb0-9747-91ce112fee8e',NULL,NULL),(188,1680930417147,'MEMBER','8802fbb9-c46d-482e-93b6-c83ec3be61b8','0283849a-5a59-4bc6-a3ed-61ce69cade01','e10f1a06-8b20-4814-a8cb-89ed54fc77f5','refrefad@mailinator.com','REFEREE','43a5936c-f8a7-4b84-a8d4-6498514ba30a','rOu8oPklfb',2,1,NULL,NULL,NULL),(189,1680930910301,'MEMBER','8802fbb9-c46d-482e-93b6-c83ec3be61b8','5b4f4475-6828-455f-8520-91abff0db9e7','df54dd0a-f482-41d9-a61e-9de103a536c7','anafad@mailinator.com','ANALYST','43a5936c-f8a7-4b84-a8d4-6498514ba30a','nXcAJ3kdJQ',2,1,NULL,NULL,NULL),(190,1680985199231,'MEMBER','5b4f4475-6828-455f-8520-91abff0db9e7','8802fbb9-c46d-482e-93b6-c83ec3be61b8','34331349-ee8f-4dfa-8b7f-c3fd05b8444e','riadhplayer@riadh.com','PLAYER','a0a67b47-1fa1-43bd-bbbe-b7bf95fc7872','NrwDWdeauH',2,1,NULL,NULL,NULL),(191,1680986031609,'MEMBER','5b4f4475-6828-455f-8520-91abff0db9e7','8802fbb9-c46d-482e-93b6-c83ec3be61b8','b6be4642-fe4f-4a60-a54a-8ebdc6f82ea2','riadhplayer@riadh.com','PLAYER','1f40fba1-4cbe-4072-b773-4978ee504496','BqdRPOlnnV',2,1,NULL,NULL,NULL),(192,1680986206988,'MEMBER','5b4f4475-6828-455f-8520-91abff0db9e7','8802fbb9-c46d-482e-93b6-c83ec3be61b8','74010821-cf02-469f-9699-00ef7292291b','riadhplayer@riadh.com','PLAYER','0ac34fb7-2ba2-4dd8-a89a-ee5290203558','9GzFHb6rin',2,1,NULL,NULL,NULL),(193,1680988188317,'MEMBER','5b4f4475-6828-455f-8520-91abff0db9e7','8802fbb9-c46d-482e-93b6-c83ec3be61b8','499ebc26-498c-4f62-824c-2cf2662f2f94','riadhplayer@riadh.com','PLAYER','fd70443c-edc4-4308-a7f3-fa35cb0d2fe2','ing1RLB6XI',2,1,NULL,NULL,NULL),(194,1681117872814,'MEMBER','7be640d4-a3c3-4d24-87f3-ab404d08a75a','5b4f4475-6828-455f-8520-91abff0db9e7','c0dfeca2-0e97-48af-92e9-4f5b315b2440','anafad@mailinator.com','ANALYST','4d90fe73-1d00-439c-87a9-51dfd1dda92f','Eg19tZXLtZ',2,1,NULL,NULL,NULL),(195,1681125639025,'CLUB','a9b9098e-dda9-4220-9624-aebf6efa9188','ee47bdba-55f5-480e-bdb6-6779b4fe616c','050ad262-db99-4439-a4e2-c56866b199ba','ossama200@mailinator.com','PLAYER','3e54b52c-5d97-42d2-a944-1591d25103ce','1rADD6edD8',2,1,NULL,NULL,NULL),(196,1681128758319,'CLUB','a9b9098e-dda9-4220-9624-aebf6efa9188','ee47bdba-55f5-480e-bdb6-6779b4fe616c','d7218770-1753-4063-b0ec-bc91c3f61fb8','ossama200@mailinator.com','PLAYER','2f2c912b-53d6-4465-8646-30cb8b93899a','HN7vuGfHuM',2,1,NULL,NULL,NULL),(197,1681137578183,'CLUB','143960ef-65f9-4eb8-9906-b12d3535f2e1',NULL,'2ba737c5-5e89-4d0a-b0f4-3996a18b10c5','sas@mm.com','REFEREE','7177af86-2382-4a4e-9082-d4f27390a4c5','zuaVvuP95E',4,1,NULL,NULL,NULL),(198,1681155443435,'CLUB','143960ef-65f9-4eb8-9906-b12d3535f2e1','8802fbb9-c46d-482e-93b6-c83ec3be61b8','c6e12c3f-6439-4433-9ac2-6a2d2f62a22d','riadhplayer@riadh.com','PLAYER','7177af86-2382-4a4e-9082-d4f27390a4c5','BRxoqj26wz',2,1,NULL,NULL,NULL),(199,1681218747852,'CLUB','8802fbb9-c46d-482e-93b6-c83ec3be61b8','8802fbb9-c46d-482e-93b6-c83ec3be61b8','2cd5c71a-6559-4c13-8b8e-a334aec3bb2c','riadhplayer@riadh.com','PLAYER','1841a0db-9f8d-485f-ae4f-c0092c1b1349','FVsKcMZedR',4,1,NULL,NULL,NULL),(200,1681218768773,'CLUB','8802fbb9-c46d-482e-93b6-c83ec3be61b8','8802fbb9-c46d-482e-93b6-c83ec3be61b8','a47dc7c5-3ab7-4397-ac1a-ad3f19e01034','riadhplayer@riadh.com','PLAYER','1841a0db-9f8d-485f-ae4f-c0092c1b1349','wSCH4fwj7K',4,1,NULL,NULL,NULL),(201,1681219500876,'MEMBER','8802fbb9-c46d-482e-93b6-c83ec3be61b8','8802fbb9-c46d-482e-93b6-c83ec3be61b8','18ff7049-538a-41aa-9738-3429201ae73e','riadhplayer@riadh.com','PLAYER','1841a0db-9f8d-485f-ae4f-c0092c1b1349','OsXaPM4ovo',4,1,NULL,NULL,NULL),(202,1681219615608,'MEMBER','0b727b5c-14a5-4148-9d24-97468ea4c2a2','8802fbb9-c46d-482e-93b6-c83ec3be61b8','8005257f-68cd-429d-91e0-b855ab124134','riadhplayer@riadh.com','PLAYER','1841a0db-9f8d-485f-ae4f-c0092c1b1349','KfubwEJ75P',2,1,NULL,NULL,NULL),(203,1681219755987,'MEMBER','0b727b5c-14a5-4148-9d24-97468ea4c2a2','8802fbb9-c46d-482e-93b6-c83ec3be61b8','a0bd8145-046b-4602-a3b7-d7bda593f138','riadhplayer@riadh.com','PLAYER','1841a0db-9f8d-485f-ae4f-c0092c1b1349','xtfhztH1cx',2,1,NULL,NULL,NULL),(204,1681220582935,'MEMBER','0b727b5c-14a5-4148-9d24-97468ea4c2a2','8802fbb9-c46d-482e-93b6-c83ec3be61b8','dff96b37-3a32-4548-9da9-ea6820300d28','riadhplayer@riadh.com','PLAYER','1841a0db-9f8d-485f-ae4f-c0092c1b1349','ifJ4EJvXX7',1,1,NULL,NULL,NULL),(205,1681222727032,'MEMBER','0b727b5c-14a5-4148-9d24-97468ea4c2a2','bbc8fc36-79e9-4cc8-926d-7fa1ff23168c','97635ceb-2d39-45ca-8ed2-2b4695e00aa2','palyer@player.com','PLAYER','1841a0db-9f8d-485f-ae4f-c0092c1b1349','TJvbpVeWd3',1,1,NULL,NULL,NULL),(208,1681226023827,'CLUB','c58814a1-27cb-4a3a-a1d7-f28ec4e3fe68','de14331d-4bb8-49d8-8e82-c6ff938d8aa5','1bfe8bb5-9feb-405c-933d-550845ddd211','bsclub@mailinator.com','CLUB_ADMIN',NULL,'gSnDLnuaiW',4,4,'6f9b9624-cb61-43e1-91d5-0c93da2ae8b1',NULL,NULL),(209,1681226177922,'CLUB','143960ef-65f9-4eb8-9906-b12d3535f2e1','8802fbb9-c46d-482e-93b6-c83ec3be61b8','f9bcb709-5e46-4bd2-8853-cca53a088e15','riadhplayer@riadh.com','PLAYER','7177af86-2382-4a4e-9082-d4f27390a4c5','MBkQjrkfWs',2,1,NULL,NULL,NULL),(210,1681226760099,'CLUB','143960ef-65f9-4eb8-9906-b12d3535f2e1','8802fbb9-c46d-482e-93b6-c83ec3be61b8','9456fdcd-cf80-4087-a980-eca365b8cda5','riadhplayer@riadh.com','PLAYER','7177af86-2382-4a4e-9082-d4f27390a4c5','9wyPUOQZYH',2,1,NULL,NULL,NULL),(211,1681234558669,'CLUB','143960ef-65f9-4eb8-9906-b12d3535f2e1','8802fbb9-c46d-482e-93b6-c83ec3be61b8','20ca27b0-01ad-4b68-8ad4-d23f5ce33e7f','riadhplayer@riadh.com','PLAYER','7177af86-2382-4a4e-9082-d4f27390a4c5','5SZsjhGaET',4,1,NULL,NULL,NULL),(212,1681235586523,'CLUB','143960ef-65f9-4eb8-9906-b12d3535f2e1','8802fbb9-c46d-482e-93b6-c83ec3be61b8','9e241b6f-482b-4da0-96e6-603308be139d','riadhplayer@riadh.com','PLAYER','7177af86-2382-4a4e-9082-d4f27390a4c5','GmCJOeSlaP',2,1,NULL,NULL,NULL),(213,1681235780531,'CLUB','143960ef-65f9-4eb8-9906-b12d3535f2e1','8802fbb9-c46d-482e-93b6-c83ec3be61b8','d68f5f27-8d46-4fd2-8c30-296d89d4b941','riadhplayer@riadh.com','PLAYER','7177af86-2382-4a4e-9082-d4f27390a4c5','wD2yQdN2vq',2,1,NULL,NULL,NULL),(214,1681241798429,'MEMBER','ee47bdba-55f5-480e-bdb6-6779b4fe616c','e8075900-1b59-4427-b124-0ae139dc255b','10bef2c6-3dc3-4b6e-8f92-74f7da66c2af','ossama100@mailinator.com','PLAYER','19b698b6-dbf2-4df8-93da-355ba8e094a3','qoUnz1N55K',3,1,NULL,NULL,NULL),(215,1681241834775,'CLUB','a9b9098e-dda9-4220-9624-aebf6efa9188','e8075900-1b59-4427-b124-0ae139dc255b','4a3cd1ea-a408-488c-bf56-d843d9373d80','ossama100@mailinator.com','PLAYER','2f2c912b-53d6-4465-8646-30cb8b93899a','ns27cg9EmI',2,1,NULL,NULL,NULL),(216,1681243795099,'MEMBER','e8075900-1b59-4427-b124-0ae139dc255b','a9b9098e-dda9-4220-9624-aebf6efa9188','acfa398c-a07d-4a7d-95a8-67b80d924f3d','ossama8@mailinator.com','PLAYER','3e54b52c-5d97-42d2-a944-1591d25103ce','3StwhptUB3',3,2,NULL,'723bd041-67f3-48e9-918c-216f92babd1c',NULL),(217,1681244039555,'MEMBER','e8075900-1b59-4427-b124-0ae139dc255b','a9b9098e-dda9-4220-9624-aebf6efa9188','3fb874fc-052f-4fc6-bdc0-adc2d334ba6f','ossama8@mailinator.com','PLAYER','3e54b52c-5d97-42d2-a944-1591d25103ce','jeT6mstj32',3,2,NULL,'723bd041-67f3-48e9-918c-216f92babd1c',NULL),(218,1681247609204,'MEMBER','e8075900-1b59-4427-b124-0ae139dc255b','a9b9098e-dda9-4220-9624-aebf6efa9188','2d10ecc4-fc2a-4c81-b343-dfc5767a2a1c','ossama8@mailinator.com','PLAYER','3e54b52c-5d97-42d2-a944-1591d25103ce','Bg9ez85MBT',3,2,NULL,'723bd041-67f3-48e9-918c-216f92babd1c',NULL),(219,1681247650635,'MEMBER','e8075900-1b59-4427-b124-0ae139dc255b','a9b9098e-dda9-4220-9624-aebf6efa9188','1fcce849-d6c0-4cc3-9492-001d33fd1eaf','ossama8@mailinator.com','PLAYER','3e54b52c-5d97-42d2-a944-1591d25103ce','QnOuJaCOhu',2,2,NULL,'723bd041-67f3-48e9-918c-216f92babd1c',NULL),(220,1681256739032,'MEMBER','e8075900-1b59-4427-b124-0ae139dc255b','a9b9098e-dda9-4220-9624-aebf6efa9188','7096d686-628d-4e07-92b8-f1e7ad1e55e5','ossama8@mailinator.com','PLAYER','2f2c912b-53d6-4465-8646-30cb8b93899a','qTpyidP7HK',3,2,NULL,'781731fe-494c-4dd6-8394-754b533458ae',NULL),(221,1681258378350,'MEMBER','1d35d2f7-9006-4f09-9eaa-93a20282a050','8802fbb9-c46d-482e-93b6-c83ec3be61b8','8dacf2b0-8852-4368-a294-18c8ca167460','riadhplayer@riadh.com','PLAYER','fc0da0c9-2b3b-4cdc-8968-c70f2b8f14cd','2wIzkrxbt1',2,1,NULL,NULL,NULL),(222,1681258545079,'CLUB','143960ef-65f9-4eb8-9906-b12d3535f2e1','8802fbb9-c46d-482e-93b6-c83ec3be61b8','b1811ac0-c234-4411-9dcd-4961f601fdec','riadhplayer@riadh.com','PLAYER','6c108e0b-bc26-4f52-98ae-7cb743fc953d','kZaP9eBWBt',2,1,NULL,NULL,NULL),(223,1681273499864,'MEMBER','8802fbb9-c46d-482e-93b6-c83ec3be61b8','c20247ca-3ac9-4235-8198-54e0cf76d8e2','80f04f57-f3de-47a5-a9aa-b4465f2889cd','castt@mailinator.com','CASTER','b3ef44c0-6238-47cb-8858-2ffe35f79c6a','0TjHRocRAN',2,1,NULL,NULL,NULL),(224,1681273521119,'MEMBER','8802fbb9-c46d-482e-93b6-c83ec3be61b8','5b4f4475-6828-455f-8520-91abff0db9e7','f080b451-7a8f-4107-92be-5a402dd15cf6','anafad@mailinator.com','ANALYST','b3ef44c0-6238-47cb-8858-2ffe35f79c6a','yx44CQ8U2L',2,1,NULL,NULL,NULL),(225,1681284631510,'MEMBER','8802fbb9-c46d-482e-93b6-c83ec3be61b8','5b4f4475-6828-455f-8520-91abff0db9e7','8885d491-7732-4185-838e-1ffd8ad92f90','anafad@mailinator.com','ANALYST','68d92510-2b7a-4d01-83b5-2c88c22bdd3f','ktgW6VlaJg',4,1,NULL,NULL,NULL),(226,1681284631523,'MEMBER','8802fbb9-c46d-482e-93b6-c83ec3be61b8','0283849a-5a59-4bc6-a3ed-61ce69cade01','b95fc5f3-0455-4893-abab-9491163afcf8','refrefad@mailinator.com','REFEREE','68d92510-2b7a-4d01-83b5-2c88c22bdd3f','zDoA4HceXf',2,1,NULL,NULL,NULL),(227,1681284970512,'MEMBER','8802fbb9-c46d-482e-93b6-c83ec3be61b8','c20247ca-3ac9-4235-8198-54e0cf76d8e2','5ec6f83c-a989-40f8-a845-161861015556','castt@mailinator.com','CASTER','68d92510-2b7a-4d01-83b5-2c88c22bdd3f','GBjxOvNOXq',2,1,NULL,NULL,NULL),(228,1681287465143,'MEMBER','8802fbb9-c46d-482e-93b6-c83ec3be61b8','c20247ca-3ac9-4235-8198-54e0cf76d8e2','97a92154-a6ef-453f-a7e3-b436da72418c','castt@mailinator.com','CASTER','68d92510-2b7a-4d01-83b5-2c88c22bdd3f','cJrJMdforZ',2,1,NULL,NULL,NULL),(229,1681288384226,'MEMBER','8802fbb9-c46d-482e-93b6-c83ec3be61b8','c20247ca-3ac9-4235-8198-54e0cf76d8e2','33dc1dc4-6ced-45fa-a1b8-45c2e79736d3','castt@mailinator.com','CASTER','68d92510-2b7a-4d01-83b5-2c88c22bdd3f','yftW9AIFqb',1,1,NULL,NULL,NULL),(232,1681291088163,'CLUB','143960ef-65f9-4eb8-9906-b12d3535f2e1','de14331d-4bb8-49d8-8e82-c6ff938d8aa5','23dcc0ac-73c5-46f8-9b51-44d49b20c155','bsclub@mailinator.com','CLUB_ADMIN',NULL,'AUaAQuThbv',2,4,'6f9b9624-cb61-43e1-91d5-0c93da2ae8b1',NULL,NULL),(233,1681291112376,'CLUB','143960ef-65f9-4eb8-9906-b12d3535f2e1','de14331d-4bb8-49d8-8e82-c6ff938d8aa5','ef04d9a0-97a9-4c47-aa9e-386033ace4f4','bsclub@mailinator.com','CLUB_ADMIN',NULL,'L6nLhlykCm',1,4,'6f9b9624-cb61-43e1-91d5-0c93da2ae8b1',NULL,NULL),(234,1681298137130,'CLUB','5aacf8de-2e0c-472f-b3c7-0495c5fb11ae',NULL,'ebb57811-b1c2-4bd4-84da-2c2c2bbfdf48','ayman31@mailinator.com','CONTENT_CREATOR',NULL,'zERIdnBD7O',2,3,'5aacf8de-2e0c-472f-b3c7-0495c5fb11ae',NULL,NULL),(235,1681298137188,'CLUB','5aacf8de-2e0c-472f-b3c7-0495c5fb11ae',NULL,'7957ef10-1f5c-4cff-9511-24d98773a490','ayman32@mailinator.com','CONTENT_CREATOR',NULL,'wS9QGWhsq7',4,3,'5aacf8de-2e0c-472f-b3c7-0495c5fb11ae',NULL,NULL),(236,1681301480766,'CLUB','5aacf8de-2e0c-472f-b3c7-0495c5fb11ae',NULL,'06c5a4c0-0edc-42b1-bdb8-cda35b5d5071','bassem@mx.co','CONTENT_CREATOR',NULL,'2bXXlqo4He',4,3,'5aacf8de-2e0c-472f-b3c7-0495c5fb11ae',NULL,NULL),(237,1681306774895,'CLUB','143960ef-65f9-4eb8-9906-b12d3535f2e1','8802fbb9-c46d-482e-93b6-c83ec3be61b8','0bda3f41-c094-43c9-9c1a-a45a3552bca7','riadhplayer@riadh.com','PLAYER','7177af86-2382-4a4e-9082-d4f27390a4c5','OAi0XYVrUD',2,1,NULL,NULL,NULL),(238,1681309126806,'CLUB','6f9b9624-cb61-43e1-91d5-0c93da2ae8b1',NULL,'193a007d-26a4-459f-875f-0f50e23519c9','clubcontent2@mailinator.com','CONTENT_CREATOR',NULL,'XG8Gbq8e4d',1,3,'6f9b9624-cb61-43e1-91d5-0c93da2ae8b1',NULL,NULL),(239,1681309187356,'CLUB','6f9b9624-cb61-43e1-91d5-0c93da2ae8b1',NULL,'2b7766a4-9789-443f-8efe-9efea78b1291','clubcontent3@mailinator.com','CONTENT_CREATOR',NULL,'SNUYl9tlix',1,3,'6f9b9624-cb61-43e1-91d5-0c93da2ae8b1',NULL,NULL),(240,1681309201206,'CLUB','6f9b9624-cb61-43e1-91d5-0c93da2ae8b1',NULL,'d53107ae-df22-459d-b62d-d5c2d91f0cb0','clubcontent3@mailinator.com','CONTENT_CREATOR',NULL,'abhqDlcCeS',1,3,'6f9b9624-cb61-43e1-91d5-0c93da2ae8b1',NULL,NULL),(241,1681309206301,'CLUB','6f9b9624-cb61-43e1-91d5-0c93da2ae8b1',NULL,'a6143d10-559a-4c8c-b6c8-fd4dd76b383b','clubcontent3@mailinator.com','CONTENT_CREATOR',NULL,'ByvoFdbcCC',1,3,'6f9b9624-cb61-43e1-91d5-0c93da2ae8b1',NULL,NULL),(242,1681313511690,'CLUB','6f9b9624-cb61-43e1-91d5-0c93da2ae8b1',NULL,'2019ad1b-a6cd-422f-b71c-09be5ca12db5','clubcontent5@mailinator.com','CONTENT_CREATOR',NULL,'52McOnVNoS',1,3,'6f9b9624-cb61-43e1-91d5-0c93da2ae8b1',NULL,NULL),(243,1681313562767,'CLUB','6f9b9624-cb61-43e1-91d5-0c93da2ae8b1',NULL,'836121e9-2086-43e6-886d-0f9eebcfb747','clubcontent5@mailinator.com','CONTENT_CREATOR',NULL,'sxvW8uflOv',1,3,'6f9b9624-cb61-43e1-91d5-0c93da2ae8b1',NULL,NULL),(244,1681314665580,'CLUB','6f9b9624-cb61-43e1-91d5-0c93da2ae8b1',NULL,'d0016f32-0436-477d-b24d-fe2772e139f8','clubcontent5@mailinator.com','CONTENT_CREATOR',NULL,'0sNDkNzweB',1,3,'6f9b9624-cb61-43e1-91d5-0c93da2ae8b1',NULL,NULL),(245,1681315637004,'CLUB','6f9b9624-cb61-43e1-91d5-0c93da2ae8b1',NULL,'4fb7c246-06b7-4109-8a1a-8f6686c3f458','clubcontent5@mailinator.com','CONTENT_CREATOR',NULL,'fK5EwtoGwf',1,3,'6f9b9624-cb61-43e1-91d5-0c93da2ae8b1',NULL,NULL),(246,1681315658114,'CLUB','6f9b9624-cb61-43e1-91d5-0c93da2ae8b1',NULL,'f0d7892a-ba7d-457d-9d80-c269dc4e4169','clubcontent5@mailinator.com','CONTENT_CREATOR',NULL,'lNKl8keVBv',1,3,'6f9b9624-cb61-43e1-91d5-0c93da2ae8b1',NULL,NULL),(247,1681323319270,'CLUB','143960ef-65f9-4eb8-9906-b12d3535f2e1',NULL,'a010d2a9-36fe-4882-82f8-c20de16402d3','test@mailinator.com','REFEREE','6c108e0b-bc26-4f52-98ae-7cb743fc953d','o50cwZ9Ahw',1,1,NULL,NULL,NULL),(248,1681323319371,'CLUB','143960ef-65f9-4eb8-9906-b12d3535f2e1',NULL,'f0939c31-b9f9-4cfa-8ddb-df03a5e01ca5','lksjdflk@mailinalkdfl.com','REFEREE','6c108e0b-bc26-4f52-98ae-7cb743fc953d','NDtJCSFI1e',1,1,NULL,NULL,NULL),(249,1681326469593,'CLUB','6f9b9624-cb61-43e1-91d5-0c93da2ae8b1',NULL,'79f87954-160d-491c-82a2-8b15da605e38','clubcontent5@mailinator.com','CONTENT_CREATOR',NULL,'V451MQSEbY',1,3,'6f9b9624-cb61-43e1-91d5-0c93da2ae8b1',NULL,NULL),(250,1681344137648,'CLUB','6f9b9624-cb61-43e1-91d5-0c93da2ae8b1','6ba47d2e-3133-4726-94ef-f2b4c535b8a9','eef4bf51-d345-4aeb-9296-ac3527158351','ayman31@mailinator.com','CONTENT_CREATOR',NULL,'Ugb96x7cK4',1,3,'6f9b9624-cb61-43e1-91d5-0c93da2ae8b1',NULL,NULL),(251,1681373387385,'CLUB','6f9b9624-cb61-43e1-91d5-0c93da2ae8b1',NULL,'ef2f4871-369f-4e9f-be69-f502a438e04f','ccc@mailinator.com','CONTENT_CREATOR',NULL,'7I1ijj964Z',1,3,'6f9b9624-cb61-43e1-91d5-0c93da2ae8b1',NULL,NULL),(252,1681374456519,'CLUB','143960ef-65f9-4eb8-9906-b12d3535f2e1',NULL,'d2e39158-bda8-415e-bfb1-fe107b2ecb43','sas@mm.com','REFEREE','7177af86-2382-4a4e-9082-d4f27390a4c5','ZAvauk7Fpm',4,1,NULL,NULL,NULL),(253,1681380272929,'CLUB','143960ef-65f9-4eb8-9906-b12d3535f2e1','8802fbb9-c46d-482e-93b6-c83ec3be61b8','1e860d30-f68e-4e6f-8584-3ff4a05437dc','riadhplayer@riadh.com','PLAYER','7177af86-2382-4a4e-9082-d4f27390a4c5','SDTfruytqW',2,1,NULL,NULL,NULL),(254,1681385181410,'CLUB','143960ef-65f9-4eb8-9906-b12d3535f2e1','8802fbb9-c46d-482e-93b6-c83ec3be61b8','40006b4a-93b0-41d2-af89-859e84f95314','riadhplayer@riadh.com','PLAYER','7177af86-2382-4a4e-9082-d4f27390a4c5','fLdDOqsjZI',2,1,NULL,NULL,NULL),(255,1681386458699,'CLUB','143960ef-65f9-4eb8-9906-b12d3535f2e1',NULL,'e2f2a2ea-71cd-4aec-ad5b-e5997aa47fe2','cdnour@mailinator.com','CLUB_ADMIN',NULL,'xmEtnBDQI7',3,4,NULL,NULL,_binary '\0'),(256,1681391505478,'CLUB','143960ef-65f9-4eb8-9906-b12d3535f2e1',NULL,'6ed5beb3-01bb-4f1b-9e69-8bfde8ff11ef','cdnour1@mailinator.com','CLUB_ADMIN',NULL,'jpDH3X9AFg',1,4,NULL,NULL,_binary '\0'),(257,1681391659723,'CLUB','143960ef-65f9-4eb8-9906-b12d3535f2e1',NULL,'96c5467b-7160-4e07-beb6-262d0f254825','cdnour12@mailinator.com','CLUB_ADMIN',NULL,'sqBHdtLfWY',3,4,NULL,NULL,_binary '\0'),(258,1681405824861,'CLUB','2ed91309-e907-4eb0-9747-91ce112fee8e',NULL,'9fc9be1c-5b43-4448-a9cd-85e38b3833a7','invcrea@mailinator.com','CONTENT_CREATOR',NULL,'egqpuJi6ba',2,3,'2ed91309-e907-4eb0-9747-91ce112fee8e',NULL,NULL),(259,1681416074984,'CLUB','995586bb-81d1-4490-a8ec-936555f6f3c4',NULL,'d0fddd82-bf51-42d4-936f-4aa8557ced18','cdnour22@mailinator.com','CLUB_ADMIN',NULL,'ql9cdImwaL',1,4,NULL,NULL,_binary '\0'),(260,1681477543857,'CLUB','143960ef-65f9-4eb8-9906-b12d3535f2e1',NULL,'04c7f428-a4bd-4ea7-afa0-814b71d9739f','dsljfsa@sdlfjlas.com','PLAYER','98373274-70a6-4b6a-8edd-0e412516eb07','qcViJJco8J',1,1,NULL,NULL,NULL),(261,1681480597954,'CLUB','143960ef-65f9-4eb8-9906-b12d3535f2e1',NULL,'004c197e-8f4b-4cdd-b526-61f61e779725','asdlfals@mailinator.com','PLAYER','6414d47c-9cc8-458d-954a-634ba8441cd7','RW6cwqktB8',1,1,NULL,NULL,NULL),(262,1681484691794,'CLUB','143960ef-65f9-4eb8-9906-b12d3535f2e1',NULL,'a37650a9-8bb3-41fd-ad71-6c930544c6cf','sdkjfasf@asldfjl.com','PLAYER','a3e0afd4-8a47-487b-a79a-944134f32e1b','WVUNCYFmSp',1,1,NULL,NULL,NULL),(263,1681492592254,'CLUB','6f9b9624-cb61-43e1-91d5-0c93da2ae8b1',NULL,'b5ede877-36ee-4eeb-b1fd-546b206926be','testinv@mailinator.om','CONTENT_CREATOR',NULL,'bFn0pNvHle',1,3,'6f9b9624-cb61-43e1-91d5-0c93da2ae8b1',NULL,NULL),(264,1681494120273,'CLUB','143960ef-65f9-4eb8-9906-b12d3535f2e1',NULL,'22fc99f0-f68b-4dc8-a2c7-32dfb9e15585','teset@mailin.com','CONTENT_CREATOR',NULL,'09iKIjMxvZ',1,3,'6f9b9624-cb61-43e1-91d5-0c93da2ae8b1',NULL,NULL),(265,1681571332231,'MEMBER','ee47bdba-55f5-480e-bdb6-6779b4fe616c','c0c1702b-fe9e-4d84-b089-fb11d68ec4cd','433fb9b7-4aa5-4800-afb3-b644b253016e','osss11@mailinator.com','PLAYER','44947902-fdeb-4208-bc66-3dda73c9dd04','L6zEnPMmSk',4,1,NULL,NULL,NULL),(266,1681571478403,'MEMBER','ee47bdba-55f5-480e-bdb6-6779b4fe616c','c0c1702b-fe9e-4d84-b089-fb11d68ec4cd','7bba0f9b-6ae8-47f3-baf0-1156c7cb5f1c','osss11@mailinator.com','PLAYER','44947902-fdeb-4208-bc66-3dda73c9dd04','hNf2mTYyrG',4,1,NULL,NULL,NULL),(267,1681571578795,'CLUB','143960ef-65f9-4eb8-9906-b12d3535f2e1',NULL,'3ad17a36-6254-4e41-8d54-5b5c18a06931','asdfaf@sldkjfl.com','CONTENT_CREATOR',NULL,'p1KSfgvoLF',1,3,'6f9b9624-cb61-43e1-91d5-0c93da2ae8b1',NULL,NULL),(268,1681571685688,'MEMBER','ee47bdba-55f5-480e-bdb6-6779b4fe616c','c0c1702b-fe9e-4d84-b089-fb11d68ec4cd','5071026e-a40a-42ae-a106-c400d3e10fa4','osss11@mailinator.com','PLAYER','44947902-fdeb-4208-bc66-3dda73c9dd04','jJADyNvBOJ',4,1,NULL,NULL,NULL),(269,1681571691836,'CLUB','3d6f3253-d2a6-436d-ad8b-62f55ecd396a',NULL,'aaf72d7f-f174-4d95-bb52-7d79ed273160','test@ju.vo','CONTENT_CREATOR',NULL,'eRZswNtdpC',4,3,'5aacf8de-2e0c-472f-b3c7-0495c5fb11ae',NULL,NULL),(270,1681572178534,'MEMBER','ee47bdba-55f5-480e-bdb6-6779b4fe616c','7509d593-111a-439d-b1b0-2ba9a91ca11d','bcee6f4b-87a6-47e8-8a59-f249ecc298fa','osss12@mailinator.com','PLAYER','44947902-fdeb-4208-bc66-3dda73c9dd04','ewGAxLCzRs',2,1,NULL,NULL,NULL),(271,1681572266034,'MEMBER','ee47bdba-55f5-480e-bdb6-6779b4fe616c','c0c1702b-fe9e-4d84-b089-fb11d68ec4cd','d19d91eb-26dc-402d-922a-c38c3f13299f','osss11@mailinator.com','PLAYER','44947902-fdeb-4208-bc66-3dda73c9dd04','NsKe1vYNWy',1,1,NULL,NULL,NULL),(272,1681572442078,'MEMBER','7509d593-111a-439d-b1b0-2ba9a91ca11d','ee47bdba-55f5-480e-bdb6-6779b4fe616c','efdab03b-88a1-4438-8fa0-cc91ae55d0be','ossama200@mailinator.com','PLAYER','44947902-fdeb-4208-bc66-3dda73c9dd04','544zpXan6V',2,1,NULL,NULL,NULL),(273,1681576721673,'CLUB','143960ef-65f9-4eb8-9906-b12d3535f2e1',NULL,'96f666ed-a329-45f1-b34a-45332e511bee','teaminv@mailinator.com','PLAYER','a3e0afd4-8a47-487b-a79a-944134f32e1b','1OdKJmkkAY',1,1,NULL,NULL,NULL),(274,1681578580741,'CLUB','3d6f3253-d2a6-436d-ad8b-62f55ecd396a',NULL,'94aca68f-7004-4233-b6ff-039482ea0686','testbassem@mailinator.com','CONTENT_CREATOR',NULL,'kzSTkZ3kWu',2,3,'5aacf8de-2e0c-472f-b3c7-0495c5fb11ae',NULL,NULL),(275,1681578639833,'CLUB','3d6f3253-d2a6-436d-ad8b-62f55ecd396a',NULL,'babf1aae-5893-4fa9-984c-0d2600553c7d','test@test.com','CONTENT_CREATOR',NULL,'hYQtnhppCB',4,3,'5aacf8de-2e0c-472f-b3c7-0495c5fb11ae',NULL,NULL),(276,1681578839121,'CLUB','3d6f3253-d2a6-436d-ad8b-62f55ecd396a',NULL,'18a2894b-d400-4754-8d8b-2626dfdcc438','test2@ggdg.co','CONTENT_CREATOR',NULL,'BNTLqyDpzK',4,3,'5aacf8de-2e0c-472f-b3c7-0495c5fb11ae',NULL,NULL),(277,1681596752491,'CLUB','3d6f3253-d2a6-436d-ad8b-62f55ecd396a',NULL,'f178f0e7-94c1-4a6e-a906-7b4ea0ac9132','ayma@fdf.com','CONTENT_CREATOR',NULL,'GN0zFE5Fio',4,3,'5aacf8de-2e0c-472f-b3c7-0495c5fb11ae',NULL,NULL),(278,1681596752609,'CLUB','3d6f3253-d2a6-436d-ad8b-62f55ecd396a',NULL,'ff790037-374f-434b-820b-c0e36c891a45','asdas@gfr.com','CONTENT_CREATOR',NULL,'LIOs6kEd6c',1,3,'5aacf8de-2e0c-472f-b3c7-0495c5fb11ae',NULL,NULL),(279,1681598700289,'CLUB','143960ef-65f9-4eb8-9906-b12d3535f2e1','0b727b5c-14a5-4148-9d24-97468ea4c2a2','e51f64bc-47af-46e0-ad94-d1872ae3c810','engbassemsalama@gmail.com','CONTENT_CREATOR',NULL,'qYXkBYxl4B',1,3,'6f9b9624-cb61-43e1-91d5-0c93da2ae8b1',NULL,NULL),(280,1681651079821,'CLUB','143960ef-65f9-4eb8-9906-b12d3535f2e1',NULL,'a6ac10c4-d8e7-4165-8c04-911a77bf7971','slfas@sladjfl.com','CONTENT_CREATOR',NULL,'oDd7oDMo7x',1,3,'6f9b9624-cb61-43e1-91d5-0c93da2ae8b1',NULL,NULL),(281,1681656149175,'CLUB','995586bb-81d1-4490-a8ec-936555f6f3c4',NULL,'00727ffc-d379-47d2-944c-24edd0eba9df','cdnour223@mailinator.com','CLUB_ADMIN',NULL,'PtFaddK7gC',3,4,NULL,NULL,_binary '\0'),(282,1681657164385,'CLUB','995586bb-81d1-4490-a8ec-936555f6f3c4',NULL,'515f23bd-60fe-4789-9aa6-1098026f82c4','cdnour223@mailinator.com','CLUB_ADMIN',NULL,'ewHqhQtOSa',3,4,NULL,NULL,_binary '\0'),(283,1681714121210,'CLUB','143960ef-65f9-4eb8-9906-b12d3535f2e1','de14331d-4bb8-49d8-8e82-c6ff938d8aa5','a54e1a2d-51e6-45ce-b0ac-2e109aad181a','bsclub@mailinator.com','CLUB_ADMIN',NULL,'Tc6TGIz2Mu',1,4,NULL,NULL,_binary '\0'),(285,1681714669890,'CLUB','143960ef-65f9-4eb8-9906-b12d3535f2e1','de14331d-4bb8-49d8-8e82-c6ff938d8aa5','909053b0-0364-46dd-80ce-69ba95e21340','bsclub@mailinator.com','CLUB_ADMIN',NULL,'ZL9pDv4big',1,4,NULL,NULL,_binary '\0'),(286,1681729159003,'CLUB','143960ef-65f9-4eb8-9906-b12d3535f2e1','de14331d-4bb8-49d8-8e82-c6ff938d8aa5','93ddb211-a377-40a5-a40c-f17a73aafe17','bsclub@mailinator.com','CLUB_ADMIN',NULL,'OKfKclD0P4',1,4,NULL,NULL,_binary '\0'),(288,1681730446067,'CLUB','143960ef-65f9-4eb8-9906-b12d3535f2e1',NULL,'bd6504fe-529f-408b-bc40-5e791c525598','riadh@riadh.com','CLUB_ADMIN',NULL,'NwR2Alge0t',1,4,NULL,NULL,_binary '\0'),(289,1681730878567,'CLUB','143960ef-65f9-4eb8-9906-b12d3535f2e1',NULL,'65bbbbc9-fd89-4a23-9736-2a097a77f13a','riadh@test.com','CLUB_ADMIN',NULL,'pfl1wVGq46',1,4,NULL,NULL,_binary ''),(290,1681733774175,'CLUB','143960ef-65f9-4eb8-9906-b12d3535f2e1',NULL,'5d502f1b-c167-4c01-b1db-8dc33dce4143','mailinators@mailinator.com','CONTENT_CREATOR',NULL,'2S40hsISPp',2,3,'6f9b9624-cb61-43e1-91d5-0c93da2ae8b1',NULL,NULL),(291,1681733976706,'CLUB','143960ef-65f9-4eb8-9906-b12d3535f2e1','680b6d8b-c75c-4811-9989-e6d73d9a94d9','1b87f123-07ac-4267-a29f-8aa225143174','mailinators@mailinator.com','CONTENT_CREATOR',NULL,'VSAUKPs1Ik',3,3,'6f9b9624-cb61-43e1-91d5-0c93da2ae8b1',NULL,NULL),(292,1681738514354,'CLUB','143960ef-65f9-4eb8-9906-b12d3535f2e1','bbc8fc36-79e9-4cc8-926d-7fa1ff23168c','2c48c857-ce7e-481c-bf64-7706a867b648','palyer@player.com','PLAYER','cf09ca8e-f4e3-4bbc-9256-dddc8fc16a57','gv4w47FdGc',1,1,NULL,NULL,NULL),(293,1681738772153,'CLUB','143960ef-65f9-4eb8-9906-b12d3535f2e1','52513b88-aeea-4b2c-add1-07b9a54f7340','956a95c4-05f7-49c8-85ab-7390a8be9020','riadhclubadmin@riadh.com','CLUB_ADMIN',NULL,'HhyORWbMUw',1,4,NULL,NULL,_binary '\0'),(294,1681770948806,'CLUB','143960ef-65f9-4eb8-9906-b12d3535f2e1','bbc8fc36-79e9-4cc8-926d-7fa1ff23168c','28607f65-655b-48a6-a790-ff272b77673a','player2@player.com','PLAYER','fe52a4f7-ac78-4272-964f-c029fc0cdc6f','ucDKzmbmk4',1,1,NULL,NULL,NULL),(295,1681817832362,'MEMBER','ee47bdba-55f5-480e-bdb6-6779b4fe616c','a9b9098e-dda9-4220-9624-aebf6efa9188','9668911a-216c-429b-bb33-568e19021b5e','ossama8@mailinator.com','PLAYER','3e54b52c-5d97-42d2-a944-1591d25103ce','N4V4EKm7Xb',3,2,NULL,'d6bdf2cf-1187-4de5-8a73-0a5042b0a47f',NULL),(296,1681819005070,'CLUB','143960ef-65f9-4eb8-9906-b12d3535f2e1',NULL,'dc60b873-9a0e-4ba4-b2c3-e73051c05211','externals@mailinator.com','CONTENT_CREATOR',NULL,'qzddefhlvy',3,3,'6f9b9624-cb61-43e1-91d5-0c93da2ae8b1',NULL,NULL),(297,1681819406857,'CLUB','143960ef-65f9-4eb8-9906-b12d3535f2e1','52513b88-aeea-4b2c-add1-07b9a54f7340','7e9b7b35-71d2-4443-8dc9-042e38a78eb4','riadhclubadmin@riadh.com','CLUB_ADMIN',NULL,'wqAUwip0nA',2,4,'6f9b9624-cb61-43e1-91d5-0c93da2ae8b1',NULL,_binary '\0'),(298,1681820387201,'CLUB','143960ef-65f9-4eb8-9906-b12d3535f2e1',NULL,'69c5a472-bd89-4cf9-a4d6-da8b32648af1','externalss@mailinator.com','CONTENT_CREATOR',NULL,'Mfzvm765ho',3,3,'6f9b9624-cb61-43e1-91d5-0c93da2ae8b1',NULL,NULL),(299,1681821679100,'CLUB','143960ef-65f9-4eb8-9906-b12d3535f2e1',NULL,'37faf064-cf10-407a-b856-5120a7cab088','externalss@mailinator.com','CONTENT_CREATOR',NULL,'KZYEWrwBYh',3,3,'6f9b9624-cb61-43e1-91d5-0c93da2ae8b1',NULL,NULL),(300,1681822505124,'CLUB','143960ef-65f9-4eb8-9906-b12d3535f2e1',NULL,'7ba2d766-37b3-4535-adb7-d244d5ed0541','externalsss@mailinator.com','CONTENT_CREATOR',NULL,'vejmO4MJ19',3,3,'6f9b9624-cb61-43e1-91d5-0c93da2ae8b1',NULL,NULL),(301,1681823550029,'CLUB','3d6f3253-d2a6-436d-ad8b-62f55ecd396a',NULL,'133d1521-19d2-437f-9c8b-a34ce7282151','qrd@mailinator.com','CONTENT_CREATOR',NULL,'QpIP3mNNoG',3,3,'5aacf8de-2e0c-472f-b3c7-0495c5fb11ae',NULL,NULL),(302,1681823850698,'CLUB','3d6f3253-d2a6-436d-ad8b-62f55ecd396a',NULL,'057d4a00-2e75-41bc-8e3d-044c6f32ae19','tetosl@mailinator.com','CONTENT_CREATOR',NULL,'5V5iDCADPE',4,3,'5aacf8de-2e0c-472f-b3c7-0495c5fb11ae',NULL,NULL),(303,1681823892745,'CLUB','3d6f3253-d2a6-436d-ad8b-62f55ecd396a',NULL,'ead87242-7f05-48d7-9535-3536724fa178','lasfkl@mailinator.com','CONTENT_CREATOR',NULL,'va6FzeGNnW',4,3,'5aacf8de-2e0c-472f-b3c7-0495c5fb11ae',NULL,NULL),(304,1681823917081,'CLUB','3d6f3253-d2a6-436d-ad8b-62f55ecd396a',NULL,'6da96c3a-261f-4f71-bfde-f2d008f63128','asdf@mailinator.com','CONTENT_CREATOR',NULL,'ddIn3uqg4D',1,3,'5aacf8de-2e0c-472f-b3c7-0495c5fb11ae',NULL,NULL),(305,1681824076917,'CLUB','3d6f3253-d2a6-436d-ad8b-62f55ecd396a',NULL,'c9f69dec-5c88-4aeb-b49e-022f01f0ad7d','contents@mailinator.com','CONTENT_CREATOR',NULL,'j6bV2zdOCI',3,3,'5aacf8de-2e0c-472f-b3c7-0495c5fb11ae',NULL,NULL),(306,1681824198284,'CLUB','3d6f3253-d2a6-436d-ad8b-62f55ecd396a','b94e9192-861f-4d3d-afc8-1421528258cd','fcc89cc3-5148-428a-973b-0c73c29b9798','contents@mailinator.com','CONTENT_CREATOR',NULL,'CNElfO9uft',4,3,'5aacf8de-2e0c-472f-b3c7-0495c5fb11ae',NULL,NULL),(307,1681835641248,'CLUB','143960ef-65f9-4eb8-9906-b12d3535f2e1','b94e9192-861f-4d3d-afc8-1421528258cd','8dcaa7a3-4e3e-417d-96f4-cc9bda462338','contents@mailinator.com','CONTENT_CREATOR',NULL,'AdmX1STf1i',2,3,'6f9b9624-cb61-43e1-91d5-0c93da2ae8b1',NULL,NULL),(308,1681836035396,'CLUB','143960ef-65f9-4eb8-9906-b12d3535f2e1','b94e9192-861f-4d3d-afc8-1421528258cd','9f5022f6-3e26-4184-b26b-d26b0496b245','contents@mailinator.com','CONTENT_CREATOR',NULL,'kJ9qukSy2c',3,3,'6f9b9624-cb61-43e1-91d5-0c93da2ae8b1',NULL,NULL),(309,1681854340177,'CLUB','143960ef-65f9-4eb8-9906-b12d3535f2e1','a3d66901-9f1b-46b6-b9d0-f904e5bb8773','ca2d6ae9-53a5-4936-b406-5683278830b9','clubownli@mailinator.com','CONTENT_CREATOR',NULL,'ZvuMZXAi7H',2,3,'6f9b9624-cb61-43e1-91d5-0c93da2ae8b1',NULL,NULL),(310,1681857250006,'CLUB','3d6f3253-d2a6-436d-ad8b-62f55ecd396a','362f7010-3d77-4be9-8ab0-dd053e895b8c','10dd9de1-adea-4b55-93a5-6bc96f665d43','aymancontent@mailinator.com','CONTENT_CREATOR',NULL,'y6DwnoN3CH',2,3,'5aacf8de-2e0c-472f-b3c7-0495c5fb11ae',NULL,NULL),(311,1681862903357,'CLUB','3d6f3253-d2a6-436d-ad8b-62f55ecd396a','1e4707fe-1f50-460d-a8a6-a5efd224a04b','0e1a37f0-5b30-448a-b9f4-24551ca93ab5','ayman00@mailinator.com','CONTENT_CREATOR',NULL,'tInOXyPsiV',1,3,'5aacf8de-2e0c-472f-b3c7-0495c5fb11ae',NULL,NULL),(312,1681862944430,'MEMBER','143960ef-65f9-4eb8-9906-b12d3535f2e1','8802fbb9-c46d-482e-93b6-c83ec3be61b8','608b68e5-b3b9-4f29-b447-8591c1cffbf0','riadhplayer@riadh.com','PLAYER','cf09ca8e-f4e3-4bbc-9256-dddc8fc16a57','hDS82Of62c',1,1,NULL,NULL,NULL),(313,1681863447611,'CLUB','143960ef-65f9-4eb8-9906-b12d3535f2e1',NULL,'361d3cda-7aff-4667-92ad-86919ebd1071','popbob@mailinator.com','CONTENT_CREATOR',NULL,'m8WZSWqbIK',1,3,'6f9b9624-cb61-43e1-91d5-0c93da2ae8b1',NULL,NULL),(314,1681864443712,'CLUB','143960ef-65f9-4eb8-9906-b12d3535f2e1',NULL,'4b337a3a-4e67-4751-bc6f-0b4ead84b53f','popbobs@mailinator.com','CONTENT_CREATOR',NULL,'AepGtxgTAU',1,3,'6f9b9624-cb61-43e1-91d5-0c93da2ae8b1',NULL,NULL),(315,1681929341941,'CLUB','143960ef-65f9-4eb8-9906-b12d3535f2e1','f5d32276-0c0c-4791-a274-1b1cdce7c57c','ad5f38e2-9285-421b-92db-e5a8d89d9cb1','playernew@mailinator.com','PLAYER','cf09ca8e-f4e3-4bbc-9256-dddc8fc16a57','TbboIkxbz4',2,1,NULL,NULL,NULL),(316,1681929519408,'CLUB','143960ef-65f9-4eb8-9906-b12d3535f2e1','f5d32276-0c0c-4791-a274-1b1cdce7c57c','b1b6957e-2248-48df-b183-23a21589fd44','playernew@mailinator.com','PLAYER','fe52a4f7-ac78-4272-964f-c029fc0cdc6f','x2F4j1hCLJ',2,1,NULL,NULL,NULL),(317,1681929558764,'CLUB','143960ef-65f9-4eb8-9906-b12d3535f2e1','f5d32276-0c0c-4791-a274-1b1cdce7c57c','f969842a-1d55-4fe4-aa76-4669802b57f3','playernew@mailinator.com','PLAYER','a3e0afd4-8a47-487b-a79a-944134f32e1b','Doj8myyrTP',2,1,NULL,NULL,NULL),(318,1681929889458,'CLUB','143960ef-65f9-4eb8-9906-b12d3535f2e1',NULL,'d86fb9a3-cd22-4995-b444-1333159de783','playernew@mailinator.om','PLAYER','6414d47c-9cc8-458d-954a-634ba8441cd7','2TMQ3vAw5U',1,1,NULL,NULL,NULL),(319,1681929929617,'CLUB','143960ef-65f9-4eb8-9906-b12d3535f2e1','f5d32276-0c0c-4791-a274-1b1cdce7c57c','0e5b98ad-4edf-4656-8d08-e212a95964a0','playernew@mailinator.com','PLAYER','6414d47c-9cc8-458d-954a-634ba8441cd7','F2kiH4oKvI',2,1,NULL,NULL,NULL),(320,1681930042159,'CLUB','0b727b5c-14a5-4148-9d24-97468ea4c2a2','f5d32276-0c0c-4791-a274-1b1cdce7c57c','8a994c33-3c0d-4fbc-b08f-39f411b1defb','playernew@mailinator.com','PLAYER','1841a0db-9f8d-485f-ae4f-c0092c1b1349','rST4edWeS2',2,1,NULL,NULL,NULL),(321,1682011660529,'MEMBER','a9b9098e-dda9-4220-9624-aebf6efa9188','f5d32276-0c0c-4791-a274-1b1cdce7c57c','4ca3b687-b98e-4f62-b63c-370fce59ae57','playernew@mailinator.com','PLAYER','3e54b52c-5d97-42d2-a944-1591d25103ce','nCsfnjdGMX',1,1,NULL,NULL,NULL),(322,1682019538584,'MEMBER','a9b9098e-dda9-4220-9624-aebf6efa9188','f5d32276-0c0c-4791-a274-1b1cdce7c57c','2ebfed7b-168e-410b-a8b6-f15d7b044b6c','playernew@mailinator.com','PLAYER','2f2c912b-53d6-4465-8646-30cb8b93899a','4cgj22esxa',1,1,NULL,NULL,NULL),(323,1682350261631,'CLUB','995586bb-81d1-4490-a8ec-936555f6f3c4',NULL,'5aee3e5a-709e-473c-a700-70920324d5a2','dev_nour@mailinator.com','CLUB_ADMIN',NULL,'w16bHSerqG',3,4,'a0cd7c5c-81f1-443e-ba14-a1544f674da8',NULL,_binary '\0'),(324,1682350386476,'CLUB','995586bb-81d1-4490-a8ec-936555f6f3c4',NULL,'855e370d-45fd-4080-9c57-92026240924d','dev_nour1@mailinator.com','CLUB_ADMIN',NULL,'m9CpQmaeq0',3,4,'a0cd7c5c-81f1-443e-ba14-a1544f674da8',NULL,_binary '\0'),(325,1682351497877,'CLUB','995586bb-81d1-4490-a8ec-936555f6f3c4',NULL,'253bbd73-e643-4686-8e2a-2b670f726810','dev_nour3@mailinator.com','CLUB_ADMIN',NULL,'CshgUUbWmi',1,4,'a0cd7c5c-81f1-443e-ba14-a1544f674da8',NULL,_binary '\0'),(326,1682351587286,'CLUB','995586bb-81d1-4490-a8ec-936555f6f3c4',NULL,'1292a860-376d-475e-a2f2-931b246cbfc8','dev_test@mailinator.com','CONTENT_CREATOR',NULL,'zTv73R5CZl',3,3,'a0cd7c5c-81f1-443e-ba14-a1544f674da8',NULL,NULL),(327,1682428220879,'CLUB','a9b9098e-dda9-4220-9624-aebf6efa9188',NULL,'f76cb026-9f58-44c9-bde5-42d3f4c47dc1','sdkldsk@sd.sd','CONTENT_CREATOR',NULL,'166ovHLAxm',4,3,'becf2806-533e-4f5c-b9ed-cc870f874277',NULL,NULL),(328,1682430911870,'CLUB','3d6f3253-d2a6-436d-ad8b-62f55ecd396a',NULL,'fca5b374-9ef1-4fce-a694-7b26f2e8f2b6','testayman11@mailinator.com','CONTENT_CREATOR',NULL,'kzCsLGxO1Z',1,3,'5aacf8de-2e0c-472f-b3c7-0495c5fb11ae',NULL,NULL),(329,1682506424518,'CLUB','3d6f3253-d2a6-436d-ad8b-62f55ecd396a','2e5ec101-4096-4a23-98f0-8471045b5dfe','4c1964ae-24f9-4fae-aec6-57d3e2903f07','club.admin@mahmoud.com','CLUB_ADMIN',NULL,'70smKp6leV',2,4,'5aacf8de-2e0c-472f-b3c7-0495c5fb11ae',NULL,_binary '\0'),(330,1682507281529,'CLUB','3d6f3253-d2a6-436d-ad8b-62f55ecd396a','362f7010-3d77-4be9-8ab0-dd053e895b8c','8529a71a-41f5-42fc-a0e5-279388f50106','aymancontent@mailinator.com','CONTENT_CREATOR',NULL,'9p9hDCpGf0',2,3,'5aacf8de-2e0c-472f-b3c7-0495c5fb11ae',NULL,NULL),(331,1682508513512,'CLUB','3d6f3253-d2a6-436d-ad8b-62f55ecd396a','fee82b19-0c9f-4e6f-863d-645922b16d3f','1b678257-e417-4ee5-9134-e3bb3b2eaadd','ayman0123@mailinator.com','CONTENT_CREATOR',NULL,'exlU9RMwnB',2,3,'5aacf8de-2e0c-472f-b3c7-0495c5fb11ae',NULL,NULL),(332,1682513792938,'CLUB','3d6f3253-d2a6-436d-ad8b-62f55ecd396a',NULL,'b0388c2a-2a16-40b5-be61-98b590824b50','ayman01234@mailinator.com','CONTENT_CREATOR',NULL,'22gAJSJIow',1,3,'5aacf8de-2e0c-472f-b3c7-0495c5fb11ae',NULL,NULL),(333,1682516366802,'CLUB','682dbdff-03da-4083-9cd2-c896166792f5','2e5ec101-4096-4a23-98f0-8471045b5dfe','add4ffb3-fffd-417d-b292-170b940d6fb4','club.admin@mahmoud.com','CLUB_ADMIN',NULL,'zHtcQKoTuL',2,4,'6c8bfb98-4168-43f1-bf72-3ebf10fc8d9d',NULL,_binary '\0'),(334,1682516443112,'CLUB','3d6f3253-d2a6-436d-ad8b-62f55ecd396a','2e5ec101-4096-4a23-98f0-8471045b5dfe','7e913a10-0565-45e1-91fa-d460271de03c','club.admin@mahmoud.com','CLUB_ADMIN',NULL,'fu6qqcFXJf',2,4,'5aacf8de-2e0c-472f-b3c7-0495c5fb11ae',NULL,_binary '\0'),(335,1682518553479,'CLUB','0b727b5c-14a5-4148-9d24-97468ea4c2a2','fdd7b309-36ee-48b2-92b5-23682568a992','f8908824-845b-4221-9a61-8714a3776937','newconc@mailinator.com','CONTENT_CREATOR',NULL,'4nvksrIgeh',2,3,'2ed91309-e907-4eb0-9747-91ce112fee8e',NULL,NULL),(336,1682520874885,'CLUB','a9b9098e-dda9-4220-9624-aebf6efa9188',NULL,'2713065e-7b19-42d1-9f89-fc535dc42f39','mahmouddd@mailinator.com','CONTENT_CREATOR',NULL,'Vlmp44Uldd',3,3,'becf2806-533e-4f5c-b9ed-cc870f874277',NULL,NULL),(337,1682524864760,'CLUB','a9b9098e-dda9-4220-9624-aebf6efa9188','95c23e08-a240-4758-b77e-92c36463cbac','9277c8f1-6544-4b82-ac42-6884891cd4e7','ossama.admin@mailinator.com','CLUB_ADMIN',NULL,'DQsSk1z4Nz',2,4,'becf2806-533e-4f5c-b9ed-cc870f874277',NULL,_binary ''),(338,1682525514834,'MEMBER','ee47bdba-55f5-480e-bdb6-6779b4fe616c','a9b9098e-dda9-4220-9624-aebf6efa9188','77009512-2670-4d4e-8c5c-ad55497d9d2d','ossama8@mailinator.com','PLAYER','3e54b52c-5d97-42d2-a944-1591d25103ce','WVi0vCbEBM',1,2,NULL,'6b04b7cc-cb13-42f9-8485-ba59be7cb2ba',NULL),(339,1682529792857,'CLUB','995586bb-81d1-4490-a8ec-936555f6f3c4','de14331d-4bb8-49d8-8e82-c6ff938d8aa5','50de8329-230b-4321-9807-1d6db4964fff','bsclub@mailinator.com','CLUB_ADMIN',NULL,'5me0dlAz6I',1,4,'a0cd7c5c-81f1-443e-ba14-a1544f674da8',NULL,_binary '\0'),(340,1682529949487,'CLUB','995586bb-81d1-4490-a8ec-936555f6f3c4','52513b88-aeea-4b2c-add1-07b9a54f7340','1feb0cde-49fc-453d-b122-9b10ca8af30d','riadhclubadmin@riadh.com','CLUB_ADMIN',NULL,'RofvOoXWHt',1,4,'a0cd7c5c-81f1-443e-ba14-a1544f674da8',NULL,_binary '\0'),(341,1682529965603,'CLUB','995586bb-81d1-4490-a8ec-936555f6f3c4','2e5ec101-4096-4a23-98f0-8471045b5dfe','01398db1-c4a9-4384-9efa-78cbd70fbee9','club.admin@mahmoud.com','CLUB_ADMIN',NULL,'6bZofcRseD',1,4,'a0cd7c5c-81f1-443e-ba14-a1544f674da8',NULL,_binary '\0'),(342,1682529979826,'CLUB','995586bb-81d1-4490-a8ec-936555f6f3c4','95c23e08-a240-4758-b77e-92c36463cbac','376e43a7-b55f-41fe-b93b-89767874ef5b','ossama.admin@mailinator.com','CLUB_ADMIN',NULL,'p5Zue5fptQ',1,4,'a0cd7c5c-81f1-443e-ba14-a1544f674da8',NULL,_binary '\0'),(343,1682600447368,'CLUB','a9b9098e-dda9-4220-9624-aebf6efa9188',NULL,'ba595b2b-ebf1-467e-b017-6873bd128b46','momomomomom@mailinator.com','CLUB_ADMIN',NULL,'ussvOqESCL',1,4,'becf2806-533e-4f5c-b9ed-cc870f874277',NULL,_binary '\0'),(344,1682600470005,'CLUB','a9b9098e-dda9-4220-9624-aebf6efa9188',NULL,'675098e4-b0af-4373-9554-714266e87e09','ossama.internal@mailinator.com','CLUB_ADMIN',NULL,'t9jHDIZqkg',1,4,'becf2806-533e-4f5c-b9ed-cc870f874277',NULL,_binary '\0'),(345,1682601226346,'CLUB','682dbdff-03da-4083-9cd2-c896166792f5',NULL,'957e23d4-4c03-43b4-8ddc-69270c30f68c','jjjkk@mailinator.com','CLUB_ADMIN',NULL,'CZSEubrLDP',1,4,'6c8bfb98-4168-43f1-bf72-3ebf10fc8d9d',NULL,_binary '\0'),(346,1682601294845,'CLUB','682dbdff-03da-4083-9cd2-c896166792f5',NULL,'56924cc1-dceb-4eab-8c4e-253a3cb8f2a1','pqq7m1krym@bloheyz.com','CLUB_ADMIN',NULL,'PluPpkWxfQ',1,4,'6c8bfb98-4168-43f1-bf72-3ebf10fc8d9d',NULL,_binary '\0'),(347,1682601326236,'CLUB','682dbdff-03da-4083-9cd2-c896166792f5',NULL,'329f349a-2751-4f75-8fa7-54a35f6dfda9','gjzgwwz7je@superblohey.com','CLUB_ADMIN',NULL,'tbUApFzKdO',1,4,'6c8bfb98-4168-43f1-bf72-3ebf10fc8d9d',NULL,_binary '\0'),(348,1682608372724,'CLUB','f38cf71b-5274-4304-96d9-8602dd5414d8',NULL,'d9530580-40b4-4529-bd54-6c90f062c0e5','test@test.tes','REFEREE','70cfbfc5-72b2-4358-851a-4834ff38fe37','8Iiv5JlrQC',4,1,NULL,NULL,NULL),(349,1682608501493,'CLUB','f38cf71b-5274-4304-96d9-8602dd5414d8','0ae6de6a-53e0-46ef-ad77-e62ebb967f81','50413de0-b0d6-4462-b12a-def217b9e863','test@test.test','REFEREE','70cfbfc5-72b2-4358-851a-4834ff38fe37','DVvHYgl7Q7',2,1,NULL,NULL,NULL),(350,1682609640824,'MEMBER','0ae6de6a-53e0-46ef-ad77-e62ebb967f81','1d35d2f7-9006-4f09-9eaa-93a20282a050','790bc1fe-8305-4fe8-bce2-0e9a995760c3','nIe@player.com','PLAYER','e0c1e0c1-6c61-4406-b5f8-11f4121e7ad3','iaq2LQlG0k',2,1,NULL,NULL,NULL),(351,1682609640831,'MEMBER','0ae6de6a-53e0-46ef-ad77-e62ebb967f81','cd013488-cbee-4690-9b8e-c98337b04d38','403493a9-a62c-4145-a0d7-adfc30924708','newceeee@mailtothis.com','PLAYER','e0c1e0c1-6c61-4406-b5f8-11f4121e7ad3','JDWaGoMJvU',2,1,NULL,NULL,NULL),(352,1682610989218,'MEMBER','0ae6de6a-53e0-46ef-ad77-e62ebb967f81','cd013488-cbee-4690-9b8e-c98337b04d38','3bb7b77a-e616-4a2a-a4d1-b382a7393fa3','newceeee@mailtothis.com','PLAYER','e0c1e0c1-6c61-4406-b5f8-11f4121e7ad3','8jsmMmYZGL',2,1,NULL,NULL,NULL),(353,1682611302513,'MEMBER','0ae6de6a-53e0-46ef-ad77-e62ebb967f81','cd013488-cbee-4690-9b8e-c98337b04d38','3c2a86c1-733b-4e1f-ad0b-6dcc77817125','newceeee@mailtothis.com','PLAYER','e0c1e0c1-6c61-4406-b5f8-11f4121e7ad3','IzzpWLEPXd',2,1,NULL,NULL,NULL),(354,1682797897782,'CLUB','0b727b5c-14a5-4148-9d24-97468ea4c2a2','cd2e7507-38b5-43b1-8b76-f9fe8d1730f3','35b41032-b4cf-4f44-95c9-dc823f1e5476','cad@mailinator.com','CLUB_ADMIN',NULL,'O1Baq5ha3T',2,4,'2ed91309-e907-4eb0-9747-91ce112fee8e',NULL,_binary ''),(355,1682842962904,'CLUB','0b727b5c-14a5-4148-9d24-97468ea4c2a2',NULL,'3688c3e7-ee52-4502-b24b-8bfe5a5cd91a','lghggh@mailinator.com','CONTENT_CREATOR',NULL,'DxlnkZulnL',1,3,'2ed91309-e907-4eb0-9747-91ce112fee8e',NULL,NULL),(356,1682862823853,'MEMBER','a9b9098e-dda9-4220-9624-aebf6efa9188','c58814a1-27cb-4a3a-a1d7-f28ec4e3fe68','29c04631-1f7c-4804-b79c-d1534431b379','coach_nour@mailinator.com','COACH','2f2c912b-53d6-4465-8646-30cb8b93899a','Q6VNNzkE4N',1,1,NULL,NULL,NULL),(357,1682862942538,'MEMBER','a9b9098e-dda9-4220-9624-aebf6efa9188','c58814a1-27cb-4a3a-a1d7-f28ec4e3fe68','a1545d89-9f5e-498e-93fb-925ad1ae895b','coach_nour@mailinator.com','COACH','3e54b52c-5d97-42d2-a944-1591d25103ce','MyyntaruLD',1,1,NULL,NULL,NULL),(358,1682868177402,'MEMBER','a9b9098e-dda9-4220-9624-aebf6efa9188','0283849a-5a59-4bc6-a3ed-61ce69cade01','b0fe64e6-7e8b-452d-a3b8-ec43b7dda4b9','refrefad@mailinator.com','REFEREE','2f2c912b-53d6-4465-8646-30cb8b93899a','TQUUkACKsy',1,1,NULL,NULL,NULL),(359,1683046748186,'CLUB','682dbdff-03da-4083-9cd2-c896166792f5',NULL,'71a927b3-6396-46a1-bc8c-d6bb31254d9f','aomar977@mailinator.com','CLUB_ADMIN',NULL,'ltCMiaWUry',4,4,'6c8bfb98-4168-43f1-bf72-3ebf10fc8d9d',NULL,_binary '\0'),(360,1683047543922,'CLUB','682dbdff-03da-4083-9cd2-c896166792f5',NULL,'0ac4607c-beee-4343-ac59-3f5647b2647f','aomar657@mailinator.com','CLUB_ADMIN',NULL,'w1EbgyWynk',4,4,'6c8bfb98-4168-43f1-bf72-3ebf10fc8d9d',NULL,_binary '\0'),(361,1683047826515,'CLUB','682dbdff-03da-4083-9cd2-c896166792f5',NULL,'0a23780b-3c27-4bbc-9816-8f0392017d12','aomar657@mailinator.com','ANALYST','644d3740-f94f-42cb-9fbe-99fbc6e67c6c','JAJz0xLkAo',4,1,'6c8bfb98-4168-43f1-bf72-3ebf10fc8d9d',NULL,NULL),(362,1683103181577,'CLUB','a9b9098e-dda9-4220-9624-aebf6efa9188','cb935816-d83b-4390-ba09-72bc73e68cd6','8818b414-8044-470e-b385-c8d3305ff91f','ahmed222@mailinator.com','CONTENT_CREATOR',NULL,'88UkZCHW7I',2,3,'becf2806-533e-4f5c-b9ed-cc870f874277',NULL,NULL),(363,1683112709819,'CLUB','0b727b5c-14a5-4148-9d24-97468ea4c2a2','cd2e7507-38b5-43b1-8b76-f9fe8d1730f3','036aa501-0b58-4755-8d2d-a4626a2537ae','cad@mailinator.com','CLUB_ADMIN',NULL,'7v1U8iy4pG',2,4,'2ed91309-e907-4eb0-9747-91ce112fee8e',NULL,_binary '\0'),(364,1683189286456,'CLUB','682dbdff-03da-4083-9cd2-c896166792f5','589bb9a3-155a-4120-9d4b-3efb973d0bec','66802a4c-d7ad-4e66-b74e-55c6a3e2a2ab','club.admin2@mahmoud.com','CLUB_ADMIN',NULL,'Esr1fWNojz',2,4,'6c8bfb98-4168-43f1-bf72-3ebf10fc8d9d',NULL,_binary ''),(365,1683211076180,'CLUB','411848ba-f128-4961-9a9a-37aa4d88cba4',NULL,'2d492400-d52d-4597-a3d6-c01553a93e6e','cadm@mailinator.com','CLUB_ADMIN',NULL,'aTvghYqUhZ',4,4,'5000946e-257a-4c11-b85f-fdb8b4b646ae',NULL,_binary '\0'),(366,1683211126731,'CLUB','411848ba-f128-4961-9a9a-37aa4d88cba4',NULL,'24a89c7a-00e5-4977-b174-51cdc97bdf83','cadm@mailinator.com','CONTENT_CREATOR',NULL,'Hc28Nhf3V3',4,3,'5000946e-257a-4c11-b85f-fdb8b4b646ae',NULL,NULL),(367,1683211584713,'CLUB','411848ba-f128-4961-9a9a-37aa4d88cba4',NULL,'bc4e6bec-20d0-415c-a24c-adaf23dde2fc','cadm@mailinator.com','CONTENT_CREATOR',NULL,'Ty8WyPVi8A',4,3,'5000946e-257a-4c11-b85f-fdb8b4b646ae',NULL,NULL),(368,1683212927336,'CLUB','411848ba-f128-4961-9a9a-37aa4d88cba4',NULL,'f35fd09c-9cd6-4425-8151-ebb7fbd4afc7','cadm@mailinator.com','CONTENT_CREATOR',NULL,'zKASSrhTBo',4,3,'5000946e-257a-4c11-b85f-fdb8b4b646ae',NULL,NULL),(369,1683212952867,'CLUB','411848ba-f128-4961-9a9a-37aa4d88cba4',NULL,'15f09515-e691-4ad1-acec-cb1cdeca95d1','cadm@mailinator.com','CLUB_ADMIN',NULL,'101Gl5JDAw',4,4,'5000946e-257a-4c11-b85f-fdb8b4b646ae',NULL,_binary '\0'),(370,1683274547282,'CLUB','411848ba-f128-4961-9a9a-37aa4d88cba4','d7c46d18-a8fd-472b-a581-40c593559957','6937bbc0-b750-4922-ba92-bcefe870696b','cadm@mailinator.com','CLUB_ADMIN',NULL,'mgCndCkDhI',2,4,'5000946e-257a-4c11-b85f-fdb8b4b646ae',NULL,_binary '\0'),(371,1683304574052,'CLUB','411848ba-f128-4961-9a9a-37aa4d88cba4',NULL,'0c14169d-7263-4f4f-97dd-cb74fbd3a03e','invtest@mailinator.com','PLAYER','9a74eef0-e8f3-4f55-8a53-db84a753fb6e','922czO3YQy',1,1,'5000946e-257a-4c11-b85f-fdb8b4b646ae',NULL,NULL),(372,1683363772321,'CLUB','411848ba-f128-4961-9a9a-37aa4d88cba4','1eb4d3c1-b2ae-4454-9618-70538d41a139','7fef8e1f-d78d-4704-b57f-788fc219eaef','content_cre@mailinator.com','CONTENT_CREATOR',NULL,'glI8dU5UOj',2,3,'5000946e-257a-4c11-b85f-fdb8b4b646ae',NULL,NULL),(373,1683363862977,'CLUB','411848ba-f128-4961-9a9a-37aa4d88cba4','3c91f85d-cd9c-432b-baaa-1f665844e960','bfd6f35d-5215-4ba2-9a5e-31ceead241b6','content_cre1@mailinator.com','CONTENT_CREATOR',NULL,'kY1Arp16gE',2,3,'5000946e-257a-4c11-b85f-fdb8b4b646ae',NULL,NULL),(374,1683547984219,'CLUB','6e9f2eca-bb76-4f28-998f-c26fc9b99b96','f71465d3-e7ce-4b7a-bb21-19f979dc6bf8','559a2139-bc20-4c84-ba0a-7875cb4a5ba6','JYA@contentcreator.com','CONTENT_CREATOR',NULL,'aUSOr726RJ',1,3,'82f377c4-68bd-434e-ab51-2f85059f6a18',NULL,NULL),(375,1683548174263,'CLUB','6e9f2eca-bb76-4f28-998f-c26fc9b99b96',NULL,'0435ddd7-91c9-436a-af80-7b2d475051ee','Q8qDbQ@BtT.org','CONTENT_CREATOR',NULL,'aLGPX0tG1e',1,3,'82f377c4-68bd-434e-ab51-2f85059f6a18',NULL,NULL),(376,1683560946975,'MEMBER','1d35d2f7-9006-4f09-9eaa-93a20282a050','3d6f3253-d2a6-436d-ad8b-62f55ecd396a','a7f1740b-2e35-4421-80c1-7dcce2db74fb','yyyyyyyyyyuuuuuuuuuuuuu@dsdsd.com','PLAYER','0e17ac34-308b-42d5-b5d2-21060c1e4b38','ECTLk0yhVQ',1,2,NULL,'eafbb31f-5848-49b3-b1ec-993eb90577ef',NULL);
/*!40000 ALTER TABLE `invitation` ENABLE KEYS */;
UNLOCK TABLES;

--
-- Table structure for table `invitation_id_seq`
--

DROP TABLE IF EXISTS `invitation_id_seq`;
/*!40101 SET @saved_cs_client     = @@character_set_client */;
/*!50503 SET character_set_client = utf8mb4 */;
CREATE TABLE `invitation_id_seq` (
  `my_row_id` bigint unsigned NOT NULL AUTO_INCREMENT /*!80023 INVISIBLE */,
  `next_val` bigint DEFAULT NULL,
  PRIMARY KEY (`my_row_id`)
) ENGINE=InnoDB AUTO_INCREMENT=2 DEFAULT CHARSET=utf8mb4 COLLATE=utf8mb4_0900_ai_ci;
/*!40101 SET character_set_client = @saved_cs_client */;

--
-- Dumping data for table `invitation_id_seq`
--

LOCK TABLES `invitation_id_seq` WRITE;
/*!40000 ALTER TABLE `invitation_id_seq` DISABLE KEYS */;
INSERT INTO `invitation_id_seq` (`my_row_id`, `next_val`) VALUES (1,377);
/*!40000 ALTER TABLE `invitation_id_seq` ENABLE KEYS */;
UNLOCK TABLES;

--
-- Table structure for table `invitation_status`
--

DROP TABLE IF EXISTS `invitation_status`;
/*!40101 SET @saved_cs_client     = @@character_set_client */;
/*!50503 SET character_set_client = utf8mb4 */;
CREATE TABLE `invitation_status` (
  `id` int NOT NULL AUTO_INCREMENT,
  `code` varchar(255) DEFAULT NULL,
  `name` varchar(255) DEFAULT NULL,
  `name_ar` varchar(255) DEFAULT NULL,
  PRIMARY KEY (`id`)
) ENGINE=InnoDB AUTO_INCREMENT=5 DEFAULT CHARSET=utf8mb4 COLLATE=utf8mb4_0900_ai_ci;
/*!40101 SET character_set_client = @saved_cs_client */;

--
-- Dumping data for table `invitation_status`
--

LOCK TABLES `invitation_status` WRITE;
/*!40000 ALTER TABLE `invitation_status` DISABLE KEYS */;
INSERT INTO `invitation_status` VALUES (1,'PENDING','Pending','قيد التنفيذ'),(2,'ACCEPTED','Accepted','تمت الموافقة'),(3,'REJECTED','Rejected','مرفوضة'),(4,'CANCELED','Canceled','ملغاة');
/*!40000 ALTER TABLE `invitation_status` ENABLE KEYS */;
UNLOCK TABLES;

--
-- Table structure for table `invitation_type`
--

DROP TABLE IF EXISTS `invitation_type`;
/*!40101 SET @saved_cs_client     = @@character_set_client */;
/*!50503 SET character_set_client = utf8mb4 */;
CREATE TABLE `invitation_type` (
  `id` int NOT NULL,
  `code` varchar(255) DEFAULT NULL,
  `name` varchar(255) DEFAULT NULL,
  `name_ar` varchar(255) DEFAULT NULL,
  PRIMARY KEY (`id`)
) ENGINE=InnoDB DEFAULT CHARSET=utf8mb4 COLLATE=utf8mb4_0900_ai_ci;
/*!40101 SET character_set_client = @saved_cs_client */;

--
-- Dumping data for table `invitation_type`
--

LOCK TABLES `invitation_type` WRITE;
/*!40000 ALTER TABLE `invitation_type` DISABLE KEYS */;
INSERT INTO `invitation_type` VALUES (1,'INVITATION','Invitation','دعوة'),(2,'APPLICANT','Applicant','طالب وظيفة'),(3,'CLUB_CONTENT_CREATOR','Club Content Creator','صانع محتوي'),(4,'CLUB_ADMIN','Club Admin','أدمن النادى');
/*!40000 ALTER TABLE `invitation_type` ENABLE KEYS */;
UNLOCK TABLES;

--
-- Table structure for table `member_game_attr_values`
--

DROP TABLE IF EXISTS `member_game_attr_values`;
/*!40101 SET @saved_cs_client     = @@character_set_client */;
/*!50503 SET character_set_client = utf8mb4 */;
CREATE TABLE `member_game_attr_values` (
  `id` bigint NOT NULL AUTO_INCREMENT,
  `created_at` datetime(6) DEFAULT NULL,
  `created_by_system_id` varchar(255) DEFAULT NULL,
  `system_id` varchar(255) DEFAULT NULL,
  `updated_at` datetime(6) DEFAULT NULL,
  `updated_by_system_id` varchar(255) DEFAULT NULL,
  `game_attribute_value_id` int DEFAULT NULL,
  `member_game_id` bigint DEFAULT NULL,
  PRIMARY KEY (`id`),
  KEY `FKk6bersblc8pcsjexbgu3h8gxy` (`game_attribute_value_id`),
  KEY `FK1j024fm96gh737p71mm2gouam` (`member_game_id`),
  CONSTRAINT `FK1j024fm96gh737p71mm2gouam` FOREIGN KEY (`member_game_id`) REFERENCES `member_game_attributes` (`id`),
  CONSTRAINT `FKk6bersblc8pcsjexbgu3h8gxy` FOREIGN KEY (`game_attribute_value_id`) REFERENCES `game_attribute_values` (`id`)
) ENGINE=InnoDB AUTO_INCREMENT=482 DEFAULT CHARSET=utf8mb4 COLLATE=utf8mb4_0900_ai_ci;
/*!40101 SET character_set_client = @saved_cs_client */;

--
-- Dumping data for table `member_game_attr_values`
--

LOCK TABLES `member_game_attr_values` WRITE;
/*!40000 ALTER TABLE `member_game_attr_values` DISABLE KEYS */;
INSERT INTO `member_game_attr_values` VALUES (1,NULL,NULL,NULL,NULL,NULL,1324,2),(2,NULL,NULL,NULL,NULL,NULL,1323,2),(3,NULL,NULL,NULL,NULL,NULL,1324,4),(4,NULL,NULL,NULL,NULL,NULL,1323,4),(5,NULL,NULL,NULL,NULL,NULL,1324,6),(6,NULL,NULL,NULL,NULL,NULL,1323,6),(7,NULL,NULL,NULL,NULL,NULL,1324,8),(8,NULL,NULL,NULL,NULL,NULL,1323,8),(9,NULL,NULL,NULL,NULL,NULL,1324,10),(10,NULL,NULL,NULL,NULL,NULL,1323,10),(11,NULL,NULL,NULL,NULL,NULL,1324,12),(12,NULL,NULL,NULL,NULL,NULL,1323,12),(13,NULL,NULL,NULL,NULL,NULL,1358,14),(14,NULL,NULL,NULL,NULL,NULL,1357,14),(18,NULL,NULL,NULL,NULL,NULL,170,18),(19,NULL,NULL,NULL,NULL,NULL,1358,20),(20,NULL,NULL,NULL,NULL,NULL,1357,20),(24,NULL,NULL,NULL,NULL,NULL,170,24),(25,NULL,NULL,NULL,NULL,NULL,1358,26),(26,NULL,NULL,NULL,NULL,NULL,1357,26),(27,NULL,NULL,NULL,NULL,NULL,170,27),(28,NULL,NULL,NULL,NULL,NULL,1358,29),(29,NULL,NULL,NULL,NULL,NULL,1357,29),(57,NULL,NULL,NULL,NULL,NULL,170,56),(58,NULL,NULL,NULL,NULL,NULL,1358,58),(59,NULL,NULL,NULL,NULL,NULL,1357,58),(70,NULL,NULL,NULL,NULL,NULL,1394,72),(71,NULL,NULL,NULL,NULL,NULL,170,73),(72,NULL,NULL,NULL,NULL,NULL,1377,75),(73,NULL,NULL,NULL,NULL,NULL,1357,76),(80,NULL,NULL,NULL,NULL,NULL,1396,82),(81,NULL,NULL,NULL,NULL,NULL,170,83),(82,NULL,NULL,NULL,NULL,NULL,172,83),(83,NULL,NULL,NULL,NULL,NULL,171,83),(84,NULL,NULL,NULL,NULL,NULL,1380,85),(85,NULL,NULL,NULL,NULL,NULL,1358,86),(86,NULL,NULL,NULL,NULL,NULL,202,87),(88,NULL,NULL,NULL,NULL,NULL,193,90),(90,NULL,NULL,NULL,NULL,NULL,1396,93),(91,NULL,NULL,NULL,NULL,NULL,169,94),(92,NULL,NULL,NULL,NULL,NULL,1380,96),(93,NULL,NULL,NULL,NULL,NULL,1357,97),(94,NULL,NULL,NULL,NULL,NULL,1313,99),(103,NULL,NULL,NULL,NULL,NULL,1397,110),(104,NULL,NULL,NULL,NULL,NULL,170,111),(105,NULL,NULL,NULL,NULL,NULL,1379,113),(106,NULL,NULL,NULL,NULL,NULL,1358,114),(107,NULL,NULL,NULL,NULL,NULL,51,115),(108,NULL,NULL,NULL,NULL,NULL,1,116),(109,NULL,NULL,NULL,NULL,NULL,26,118),(110,NULL,NULL,NULL,NULL,NULL,21,119),(111,NULL,NULL,NULL,NULL,NULL,25,120),(116,NULL,NULL,NULL,NULL,NULL,1425,126),(117,NULL,NULL,NULL,NULL,NULL,205,127),(118,NULL,NULL,NULL,NULL,NULL,1416,129),(119,NULL,NULL,NULL,NULL,NULL,1309,130),(120,NULL,NULL,NULL,NULL,NULL,435,131),(121,NULL,NULL,NULL,NULL,NULL,1319,133),(123,NULL,NULL,NULL,NULL,NULL,1326,137),(124,NULL,NULL,NULL,NULL,NULL,1466,138),(125,NULL,NULL,NULL,NULL,NULL,319,139),(126,NULL,NULL,NULL,NULL,NULL,1434,141),(127,NULL,NULL,NULL,NULL,NULL,1310,142),(128,NULL,NULL,NULL,NULL,NULL,192,143),(130,NULL,NULL,NULL,NULL,NULL,1313,147),(131,NULL,NULL,NULL,NULL,NULL,1314,149),(132,NULL,NULL,NULL,NULL,NULL,1315,151),(133,NULL,NULL,NULL,NULL,NULL,435,152),(134,NULL,NULL,NULL,NULL,NULL,1319,154),(135,NULL,NULL,NULL,NULL,NULL,1515,155),(136,NULL,NULL,NULL,NULL,NULL,1497,157),(137,NULL,NULL,NULL,NULL,NULL,1318,158),(138,NULL,NULL,NULL,NULL,NULL,1557,159),(139,NULL,NULL,NULL,NULL,NULL,550,160),(140,NULL,NULL,NULL,NULL,NULL,1533,162),(141,NULL,NULL,NULL,NULL,NULL,1320,164),(142,NULL,NULL,NULL,NULL,NULL,2027,165),(143,NULL,NULL,NULL,NULL,NULL,2017,167),(144,NULL,NULL,NULL,NULL,NULL,1323,168),(145,NULL,NULL,NULL,NULL,NULL,1303,169),(146,NULL,NULL,NULL,NULL,NULL,1360,170),(147,NULL,NULL,NULL,NULL,NULL,594,171),(148,NULL,NULL,NULL,NULL,NULL,1332,173),(149,NULL,NULL,NULL,NULL,NULL,1608,174),(150,NULL,NULL,NULL,NULL,NULL,646,175),(151,NULL,NULL,NULL,NULL,NULL,1581,177),(152,NULL,NULL,NULL,NULL,NULL,1219,178),(153,NULL,NULL,NULL,NULL,NULL,1335,179),(154,NULL,NULL,NULL,NULL,NULL,1663,180),(155,NULL,NULL,NULL,NULL,NULL,808,181),(156,NULL,NULL,NULL,NULL,NULL,1635,183),(157,NULL,NULL,NULL,NULL,NULL,1225,184),(158,NULL,NULL,NULL,NULL,NULL,1719,185),(159,NULL,NULL,NULL,NULL,NULL,926,186),(160,NULL,NULL,NULL,NULL,NULL,1691,188),(161,NULL,NULL,NULL,NULL,NULL,1231,189),(162,NULL,NULL,NULL,NULL,NULL,1336,190),(163,NULL,NULL,NULL,NULL,NULL,1337,192),(164,NULL,NULL,NULL,NULL,NULL,1022,193),(166,NULL,NULL,NULL,NULL,NULL,1780,197),(167,NULL,NULL,NULL,NULL,NULL,112,198),(168,NULL,NULL,NULL,NULL,NULL,1747,200),(169,NULL,NULL,NULL,NULL,NULL,1341,201),(170,NULL,NULL,NULL,NULL,NULL,1344,203),(175,NULL,NULL,NULL,NULL,NULL,1931,209),(176,NULL,NULL,NULL,NULL,NULL,1909,211),(177,NULL,NULL,NULL,NULL,NULL,1345,212),(178,NULL,NULL,NULL,NULL,NULL,1873,213),(179,NULL,NULL,NULL,NULL,NULL,1837,215),(180,NULL,NULL,NULL,NULL,NULL,1237,216),(181,NULL,NULL,NULL,NULL,NULL,1238,216),(182,NULL,NULL,NULL,NULL,NULL,1270,217),(183,NULL,NULL,NULL,NULL,NULL,1271,217),(184,NULL,NULL,NULL,NULL,NULL,1973,218),(185,NULL,NULL,NULL,NULL,NULL,1039,219),(186,NULL,NULL,NULL,NULL,NULL,1953,221),(187,NULL,NULL,NULL,NULL,NULL,1348,222),(188,NULL,NULL,NULL,NULL,NULL,1084,224),(189,NULL,NULL,NULL,NULL,NULL,1351,227),(194,NULL,NULL,NULL,NULL,NULL,1396,233),(195,NULL,NULL,NULL,NULL,NULL,170,234),(196,NULL,NULL,NULL,NULL,NULL,1377,236),(197,NULL,NULL,NULL,NULL,NULL,1357,237),(204,NULL,NULL,NULL,NULL,NULL,1026,245),(205,NULL,NULL,NULL,NULL,NULL,1425,247),(206,NULL,NULL,NULL,NULL,NULL,207,248),(207,NULL,NULL,NULL,NULL,NULL,1416,250),(208,NULL,NULL,NULL,NULL,NULL,1309,251),(210,NULL,NULL,NULL,NULL,NULL,1394,254),(211,NULL,NULL,NULL,NULL,NULL,170,255),(212,NULL,NULL,NULL,NULL,NULL,171,255),(213,NULL,NULL,NULL,NULL,NULL,173,255),(214,NULL,NULL,NULL,NULL,NULL,1379,257),(215,NULL,NULL,NULL,NULL,NULL,1357,258),(228,NULL,NULL,NULL,NULL,NULL,1427,274),(229,NULL,NULL,NULL,NULL,NULL,205,275),(230,NULL,NULL,NULL,NULL,NULL,1415,277),(231,NULL,NULL,NULL,NULL,NULL,1309,278),(240,NULL,NULL,NULL,NULL,NULL,2027,289),(241,NULL,NULL,NULL,NULL,NULL,2018,291),(242,NULL,NULL,NULL,NULL,NULL,1325,292),(243,NULL,NULL,NULL,NULL,NULL,1303,293),(244,NULL,NULL,NULL,NULL,NULL,1360,294),(245,NULL,NULL,NULL,NULL,NULL,1465,295),(246,NULL,NULL,NULL,NULL,NULL,320,296),(247,NULL,NULL,NULL,NULL,NULL,1433,298),(248,NULL,NULL,NULL,NULL,NULL,1310,299),(249,NULL,NULL,NULL,NULL,NULL,1313,301),(250,NULL,NULL,NULL,NULL,NULL,1314,303),(257,NULL,NULL,NULL,NULL,NULL,1316,314),(258,NULL,NULL,NULL,NULL,NULL,1084,316),(259,NULL,NULL,NULL,NULL,NULL,1351,319),(260,NULL,NULL,NULL,NULL,NULL,1313,321),(261,NULL,NULL,NULL,NULL,NULL,1518,322),(262,NULL,NULL,NULL,NULL,NULL,1502,324),(263,NULL,NULL,NULL,NULL,NULL,1318,325),(264,NULL,NULL,NULL,NULL,NULL,1398,326),(265,NULL,NULL,NULL,NULL,NULL,171,327),(266,NULL,NULL,NULL,NULL,NULL,1377,329),(267,NULL,NULL,NULL,NULL,NULL,1358,330),(268,NULL,NULL,NULL,NULL,NULL,1398,331),(269,NULL,NULL,NULL,NULL,NULL,169,332),(270,NULL,NULL,NULL,NULL,NULL,1377,334),(271,NULL,NULL,NULL,NULL,NULL,1357,335),(272,NULL,NULL,NULL,NULL,NULL,1398,336),(273,NULL,NULL,NULL,NULL,NULL,173,337),(274,NULL,NULL,NULL,NULL,NULL,1379,339),(275,NULL,NULL,NULL,NULL,NULL,1357,340),(276,NULL,NULL,NULL,NULL,NULL,1397,341),(277,NULL,NULL,NULL,NULL,NULL,172,342),(278,NULL,NULL,NULL,NULL,NULL,1380,344),(279,NULL,NULL,NULL,NULL,NULL,1357,345),(300,NULL,NULL,NULL,NULL,NULL,1515,373),(301,NULL,NULL,NULL,NULL,NULL,1498,375),(302,NULL,NULL,NULL,NULL,NULL,1318,376),(305,NULL,NULL,NULL,NULL,NULL,1337,381),(306,NULL,NULL,NULL,NULL,NULL,1515,382),(307,NULL,NULL,NULL,NULL,NULL,1498,384),(308,NULL,NULL,NULL,NULL,NULL,1318,385),(309,NULL,NULL,NULL,NULL,NULL,437,386),(310,NULL,NULL,NULL,NULL,NULL,1319,388),(311,NULL,NULL,NULL,NULL,NULL,1558,389),(312,NULL,NULL,NULL,NULL,NULL,552,390),(313,NULL,NULL,NULL,NULL,NULL,1534,392),(314,NULL,NULL,NULL,NULL,NULL,2041,393),(320,NULL,NULL,NULL,NULL,NULL,1466,401),(321,NULL,NULL,NULL,NULL,NULL,320,402),(322,NULL,NULL,NULL,NULL,NULL,1434,404),(323,NULL,NULL,NULL,NULL,NULL,1311,405),(324,NULL,NULL,NULL,NULL,NULL,1395,406),(325,NULL,NULL,NULL,NULL,NULL,170,407),(326,NULL,NULL,NULL,NULL,NULL,1378,409),(327,NULL,NULL,NULL,NULL,NULL,1357,410),(328,NULL,NULL,NULL,NULL,NULL,1466,411),(329,NULL,NULL,NULL,NULL,NULL,319,412),(330,NULL,NULL,NULL,NULL,NULL,1433,414),(331,NULL,NULL,NULL,NULL,NULL,1311,415),(332,NULL,NULL,NULL,NULL,NULL,1313,417),(333,NULL,NULL,NULL,NULL,NULL,1314,419),(334,NULL,NULL,NULL,NULL,NULL,1321,421),(335,NULL,NULL,NULL,NULL,NULL,2027,422),(336,NULL,NULL,NULL,NULL,NULL,2017,424),(337,NULL,NULL,NULL,NULL,NULL,1323,425),(338,NULL,NULL,NULL,NULL,NULL,1304,426),(339,NULL,NULL,NULL,NULL,NULL,1361,427),(340,NULL,NULL,NULL,NULL,NULL,1327,429),(341,NULL,NULL,NULL,NULL,NULL,149,430),(342,NULL,NULL,NULL,NULL,NULL,1329,432),(343,NULL,NULL,NULL,NULL,NULL,595,433),(344,NULL,NULL,NULL,NULL,NULL,1332,435),(345,NULL,NULL,NULL,NULL,NULL,1609,436),(346,NULL,NULL,NULL,NULL,NULL,647,437),(347,NULL,NULL,NULL,NULL,NULL,1582,439),(348,NULL,NULL,NULL,NULL,NULL,1219,440),(349,NULL,NULL,NULL,NULL,NULL,1335,441),(350,NULL,NULL,NULL,NULL,NULL,1663,442),(351,NULL,NULL,NULL,NULL,NULL,808,443),(352,NULL,NULL,NULL,NULL,NULL,1635,445),(353,NULL,NULL,NULL,NULL,NULL,1225,446),(354,NULL,NULL,NULL,NULL,NULL,2111,447),(355,NULL,NULL,NULL,NULL,NULL,1719,448),(356,NULL,NULL,NULL,NULL,NULL,987,449),(357,NULL,NULL,NULL,NULL,NULL,1691,451),(358,NULL,NULL,NULL,NULL,NULL,1232,452),(359,NULL,NULL,NULL,NULL,NULL,1336,453),(360,NULL,NULL,NULL,NULL,NULL,1022,454),(361,NULL,NULL,NULL,NULL,NULL,2043,456),(362,NULL,NULL,NULL,NULL,NULL,1340,458),(363,NULL,NULL,NULL,NULL,NULL,1780,459),(364,NULL,NULL,NULL,NULL,NULL,112,460),(365,NULL,NULL,NULL,NULL,NULL,1747,462),(366,NULL,NULL,NULL,NULL,NULL,1341,463),(367,NULL,NULL,NULL,NULL,NULL,1344,465),(368,NULL,NULL,NULL,NULL,NULL,1873,466),(369,NULL,NULL,NULL,NULL,NULL,1837,468),(370,NULL,NULL,NULL,NULL,NULL,2037,469),(371,NULL,NULL,NULL,NULL,NULL,1237,470),(372,NULL,NULL,NULL,NULL,NULL,1270,471),(373,NULL,NULL,NULL,NULL,NULL,1931,472),(374,NULL,NULL,NULL,NULL,NULL,1909,474),(375,NULL,NULL,NULL,NULL,NULL,1345,475),(376,NULL,NULL,NULL,NULL,NULL,1973,476),(377,NULL,NULL,NULL,NULL,NULL,1039,477),(378,NULL,NULL,NULL,NULL,NULL,1953,479),(379,NULL,NULL,NULL,NULL,NULL,1348,480),(455,NULL,NULL,NULL,NULL,NULL,1089,576),(456,NULL,NULL,NULL,NULL,NULL,1351,579),(457,NULL,NULL,NULL,NULL,NULL,2010,580),(458,NULL,NULL,NULL,NULL,NULL,1173,581),(459,NULL,NULL,NULL,NULL,NULL,1998,583),(460,NULL,NULL,NULL,NULL,NULL,1354,584),(461,NULL,NULL,NULL,NULL,NULL,1394,585),(462,NULL,NULL,NULL,NULL,NULL,169,586),(463,NULL,NULL,NULL,NULL,NULL,1377,588),(464,NULL,NULL,NULL,NULL,NULL,1357,589),(465,NULL,NULL,NULL,NULL,NULL,192,590),(466,NULL,NULL,NULL,NULL,NULL,2119,592),(467,NULL,NULL,NULL,NULL,NULL,1397,593),(468,NULL,NULL,NULL,NULL,NULL,170,594),(469,NULL,NULL,NULL,NULL,NULL,1380,596),(470,NULL,NULL,NULL,NULL,NULL,1357,597),(471,NULL,NULL,NULL,NULL,NULL,1399,598),(472,NULL,NULL,NULL,NULL,NULL,169,599),(473,NULL,NULL,NULL,NULL,NULL,1378,601),(474,NULL,NULL,NULL,NULL,NULL,1358,602),(475,NULL,NULL,NULL,NULL,NULL,1316,604),(476,NULL,NULL,NULL,NULL,NULL,1314,606),(477,NULL,NULL,NULL,NULL,NULL,2101,607),(478,NULL,NULL,NULL,NULL,NULL,436,608),(479,NULL,NULL,NULL,NULL,NULL,2089,610),(480,NULL,NULL,NULL,NULL,NULL,2104,611),(481,NULL,NULL,NULL,NULL,NULL,1319,612);
/*!40000 ALTER TABLE `member_game_attr_values` ENABLE KEYS */;
UNLOCK TABLES;

--
-- Table structure for table `member_game_attributes`
--

DROP TABLE IF EXISTS `member_game_attributes`;
/*!40101 SET @saved_cs_client     = @@character_set_client */;
/*!50503 SET character_set_client = utf8mb4 */;
CREATE TABLE `member_game_attributes` (
  `id` bigint NOT NULL AUTO_INCREMENT,
  `created_at` datetime(6) DEFAULT NULL,
  `created_by_system_id` varchar(255) DEFAULT NULL,
  `system_id` varchar(255) DEFAULT NULL,
  `updated_at` datetime(6) DEFAULT NULL,
  `updated_by_system_id` varchar(255) DEFAULT NULL,
  `value` varchar(255) DEFAULT NULL,
  `game_attribute_id` bigint DEFAULT NULL,
  `game_attribute_value_id` int DEFAULT NULL,
  `member_game_id` bigint DEFAULT NULL,
  PRIMARY KEY (`id`),
  KEY `FK4lsjucc92lsb82py9xipuvxqg` (`game_attribute_id`),
  KEY `FK8vmbkiqw0y2ycj7k9r2lanau7` (`game_attribute_value_id`),
  KEY `FKodo5va44t17kuw8e39nmwpj2m` (`member_game_id`),
  CONSTRAINT `FK4lsjucc92lsb82py9xipuvxqg` FOREIGN KEY (`game_attribute_id`) REFERENCES `game_attributes` (`id`),
  CONSTRAINT `FK8vmbkiqw0y2ycj7k9r2lanau7` FOREIGN KEY (`game_attribute_value_id`) REFERENCES `game_attribute_values` (`id`),
  CONSTRAINT `FKodo5va44t17kuw8e39nmwpj2m` FOREIGN KEY (`member_game_id`) REFERENCES `member_games` (`id`)
) ENGINE=InnoDB AUTO_INCREMENT=613 DEFAULT CHARSET=utf8mb4 COLLATE=utf8mb4_0900_ai_ci;
/*!40101 SET character_set_client = @saved_cs_client */;

--
-- Dumping data for table `member_game_attributes`
--

LOCK TABLES `member_game_attributes` WRITE;
/*!40000 ALTER TABLE `member_game_attributes` DISABLE KEYS */;
INSERT INTO `member_game_attributes` VALUES (1,NULL,NULL,NULL,NULL,NULL,'test',20,NULL,1),(2,NULL,NULL,NULL,NULL,NULL,NULL,69,NULL,1),(3,NULL,NULL,NULL,NULL,NULL,'test',20,NULL,2),(4,NULL,NULL,NULL,NULL,NULL,NULL,69,NULL,2),(5,NULL,NULL,NULL,NULL,NULL,'test',20,NULL,3),(6,NULL,NULL,NULL,NULL,NULL,NULL,69,NULL,3),(7,NULL,NULL,NULL,NULL,NULL,'test',20,NULL,4),(8,NULL,NULL,NULL,NULL,NULL,NULL,69,NULL,4),(9,NULL,NULL,NULL,NULL,NULL,'test',20,NULL,5),(10,NULL,NULL,NULL,NULL,NULL,NULL,69,NULL,5),(11,NULL,NULL,NULL,NULL,NULL,'test',20,NULL,6),(12,NULL,NULL,NULL,NULL,NULL,NULL,69,NULL,6),(13,NULL,NULL,NULL,NULL,NULL,'test',9,NULL,7),(14,NULL,NULL,NULL,NULL,NULL,NULL,59,NULL,7),(18,NULL,NULL,NULL,NULL,NULL,NULL,37,NULL,9),(19,NULL,NULL,NULL,NULL,NULL,'test',9,NULL,9),(20,NULL,NULL,NULL,NULL,NULL,NULL,59,NULL,9),(24,NULL,NULL,NULL,NULL,NULL,NULL,37,NULL,11),(25,NULL,NULL,NULL,NULL,NULL,'test',9,NULL,11),(26,NULL,NULL,NULL,NULL,NULL,NULL,59,NULL,11),(27,NULL,NULL,NULL,NULL,NULL,NULL,37,NULL,12),(28,NULL,NULL,NULL,NULL,NULL,'test',9,NULL,12),(29,NULL,NULL,NULL,NULL,NULL,NULL,59,NULL,12),(56,NULL,NULL,NULL,NULL,NULL,NULL,37,NULL,24),(57,NULL,NULL,NULL,NULL,NULL,'test',9,NULL,24),(58,NULL,NULL,NULL,NULL,NULL,NULL,59,NULL,24),(72,NULL,NULL,NULL,NULL,NULL,NULL,97,NULL,28),(73,NULL,NULL,NULL,NULL,NULL,NULL,37,NULL,28),(74,NULL,NULL,NULL,NULL,NULL,'Test',9,NULL,28),(75,NULL,NULL,NULL,NULL,NULL,NULL,83,NULL,28),(76,NULL,NULL,NULL,NULL,NULL,NULL,59,NULL,28),(82,NULL,NULL,NULL,NULL,NULL,NULL,97,NULL,30),(83,NULL,NULL,NULL,NULL,NULL,NULL,37,NULL,30),(84,NULL,NULL,NULL,NULL,NULL,'eegguuu',9,NULL,30),(85,NULL,NULL,NULL,NULL,NULL,NULL,83,NULL,30),(86,NULL,NULL,NULL,NULL,NULL,NULL,59,NULL,30),(87,NULL,NULL,NULL,NULL,NULL,NULL,38,NULL,31),(88,NULL,NULL,NULL,NULL,NULL,'x',10,NULL,31),(89,NULL,NULL,NULL,NULL,NULL,NULL,60,NULL,31),(90,NULL,NULL,NULL,NULL,NULL,NULL,38,NULL,32),(91,NULL,NULL,NULL,NULL,NULL,'kjkjkjd',10,NULL,32),(92,NULL,NULL,NULL,NULL,NULL,NULL,60,NULL,32),(93,NULL,NULL,NULL,NULL,NULL,NULL,97,NULL,33),(94,NULL,NULL,NULL,NULL,NULL,NULL,37,NULL,33),(95,NULL,NULL,NULL,NULL,NULL,'OSSS9',9,NULL,33),(96,NULL,NULL,NULL,NULL,NULL,NULL,83,NULL,33),(97,NULL,NULL,NULL,NULL,NULL,NULL,59,NULL,33),(98,NULL,NULL,NULL,NULL,NULL,'0S0S',13,NULL,34),(99,NULL,NULL,NULL,NULL,NULL,NULL,63,NULL,34),(110,NULL,NULL,NULL,NULL,NULL,NULL,97,NULL,37),(111,NULL,NULL,NULL,NULL,NULL,NULL,37,NULL,37),(112,NULL,NULL,NULL,NULL,NULL,'test',9,NULL,37),(113,NULL,NULL,NULL,NULL,NULL,NULL,83,NULL,37),(114,NULL,NULL,NULL,NULL,NULL,NULL,59,NULL,37),(115,NULL,NULL,NULL,NULL,NULL,NULL,6,NULL,38),(116,NULL,NULL,NULL,NULL,NULL,NULL,2,NULL,38),(117,NULL,NULL,NULL,NULL,NULL,'Abaklsda',1,NULL,38),(118,NULL,NULL,NULL,NULL,NULL,NULL,5,NULL,38),(119,NULL,NULL,NULL,NULL,NULL,NULL,3,NULL,38),(120,NULL,NULL,NULL,NULL,NULL,NULL,4,NULL,38),(126,NULL,NULL,NULL,NULL,NULL,NULL,98,NULL,40),(127,NULL,NULL,NULL,NULL,NULL,NULL,39,NULL,40),(128,NULL,NULL,NULL,NULL,NULL,'fafas',11,NULL,40),(129,NULL,NULL,NULL,NULL,NULL,NULL,84,NULL,40),(130,NULL,NULL,NULL,NULL,NULL,NULL,61,NULL,40),(131,NULL,NULL,NULL,NULL,NULL,NULL,41,NULL,41),(132,NULL,NULL,NULL,NULL,NULL,'gdsgdsfads',17,NULL,41),(133,NULL,NULL,NULL,NULL,NULL,NULL,67,NULL,41),(136,NULL,NULL,NULL,NULL,NULL,'sdafds',21,NULL,43),(137,NULL,NULL,NULL,NULL,NULL,NULL,70,NULL,43),(138,NULL,NULL,NULL,NULL,NULL,NULL,99,NULL,44),(139,NULL,NULL,NULL,NULL,NULL,NULL,40,NULL,44),(140,NULL,NULL,NULL,NULL,NULL,'sadfasf',12,NULL,44),(141,NULL,NULL,NULL,NULL,NULL,NULL,85,NULL,44),(142,NULL,NULL,NULL,NULL,NULL,NULL,62,NULL,44),(143,NULL,NULL,NULL,NULL,NULL,NULL,38,NULL,45),(144,NULL,NULL,NULL,NULL,NULL,'fasdf',10,NULL,45),(145,NULL,NULL,NULL,NULL,NULL,NULL,60,NULL,45),(146,NULL,NULL,NULL,NULL,NULL,'asdfa',13,NULL,46),(147,NULL,NULL,NULL,NULL,NULL,NULL,63,NULL,46),(148,NULL,NULL,NULL,NULL,NULL,'asdfasf',14,NULL,47),(149,NULL,NULL,NULL,NULL,NULL,NULL,64,NULL,47),(150,NULL,NULL,NULL,NULL,NULL,'dsfasd',15,NULL,48),(151,NULL,NULL,NULL,NULL,NULL,NULL,65,NULL,48),(152,NULL,NULL,NULL,NULL,NULL,NULL,41,NULL,49),(153,NULL,NULL,NULL,NULL,NULL,'asdfsa',17,NULL,49),(154,NULL,NULL,NULL,NULL,NULL,NULL,67,NULL,49),(155,NULL,NULL,NULL,NULL,NULL,NULL,100,NULL,50),(156,NULL,NULL,NULL,NULL,NULL,'asdfasf',16,NULL,50),(157,NULL,NULL,NULL,NULL,NULL,NULL,86,NULL,50),(158,NULL,NULL,NULL,NULL,NULL,NULL,66,NULL,50),(159,NULL,NULL,NULL,NULL,NULL,NULL,101,NULL,51),(160,NULL,NULL,NULL,NULL,NULL,NULL,42,NULL,51),(161,NULL,NULL,NULL,NULL,NULL,'asdfaf',18,NULL,51),(162,NULL,NULL,NULL,NULL,NULL,NULL,87,NULL,51),(163,NULL,NULL,NULL,NULL,NULL,'asfd',19,NULL,52),(164,NULL,NULL,NULL,NULL,NULL,NULL,68,NULL,52),(165,NULL,NULL,NULL,NULL,NULL,NULL,112,NULL,53),(166,NULL,NULL,NULL,NULL,NULL,'asdfasdf',20,NULL,53),(167,NULL,NULL,NULL,NULL,NULL,NULL,111,NULL,53),(168,NULL,NULL,NULL,NULL,NULL,NULL,69,NULL,53),(169,NULL,NULL,NULL,NULL,NULL,NULL,58,NULL,53),(170,NULL,NULL,NULL,NULL,NULL,NULL,113,NULL,53),(171,NULL,NULL,NULL,NULL,NULL,NULL,44,NULL,54),(172,NULL,NULL,NULL,NULL,NULL,'sdfaasdf',23,NULL,54),(173,NULL,NULL,NULL,NULL,NULL,NULL,72,NULL,54),(174,NULL,NULL,NULL,NULL,NULL,NULL,102,NULL,55),(175,NULL,NULL,NULL,NULL,NULL,NULL,45,NULL,55),(176,NULL,NULL,NULL,NULL,NULL,'afdad',24,NULL,55),(177,NULL,NULL,NULL,NULL,NULL,NULL,88,NULL,55),(178,NULL,NULL,NULL,NULL,NULL,NULL,53,NULL,55),(179,NULL,NULL,NULL,NULL,NULL,NULL,73,NULL,55),(180,NULL,NULL,NULL,NULL,NULL,NULL,103,NULL,56),(181,NULL,NULL,NULL,NULL,NULL,NULL,46,NULL,56),(182,NULL,NULL,NULL,NULL,NULL,'dfsdf',25,NULL,56),(183,NULL,NULL,NULL,NULL,NULL,NULL,89,NULL,56),(184,NULL,NULL,NULL,NULL,NULL,NULL,54,NULL,56),(185,NULL,NULL,NULL,NULL,NULL,NULL,104,NULL,57),(186,NULL,NULL,NULL,NULL,NULL,NULL,47,NULL,57),(187,NULL,NULL,NULL,NULL,NULL,'dasfsdaf',26,NULL,57),(188,NULL,NULL,NULL,NULL,NULL,NULL,90,NULL,57),(189,NULL,NULL,NULL,NULL,NULL,NULL,55,NULL,57),(190,NULL,NULL,NULL,NULL,NULL,NULL,74,NULL,57),(191,NULL,NULL,NULL,NULL,NULL,'asdfa',27,NULL,58),(192,NULL,NULL,NULL,NULL,NULL,NULL,75,NULL,58),(193,NULL,NULL,NULL,NULL,NULL,NULL,48,NULL,59),(194,NULL,NULL,NULL,NULL,NULL,'adfasfa',28,NULL,59),(197,NULL,NULL,NULL,NULL,NULL,NULL,105,NULL,61),(198,NULL,NULL,NULL,NULL,NULL,NULL,49,NULL,61),(199,NULL,NULL,NULL,NULL,NULL,'asdfa',30,NULL,61),(200,NULL,NULL,NULL,NULL,NULL,NULL,91,NULL,61),(201,NULL,NULL,NULL,NULL,NULL,NULL,77,NULL,61),(202,NULL,NULL,NULL,NULL,NULL,'asdfa',31,NULL,62),(203,NULL,NULL,NULL,NULL,NULL,NULL,78,NULL,62),(209,NULL,NULL,NULL,NULL,NULL,NULL,107,NULL,64),(210,NULL,NULL,NULL,NULL,NULL,'asdfdasdf',33,NULL,64),(211,NULL,NULL,NULL,NULL,NULL,NULL,93,NULL,64),(212,NULL,NULL,NULL,NULL,NULL,NULL,79,NULL,64),(213,NULL,NULL,NULL,NULL,NULL,NULL,106,NULL,65),(214,NULL,NULL,NULL,NULL,NULL,'asdfasf',32,NULL,65),(215,NULL,NULL,NULL,NULL,NULL,NULL,92,NULL,65),(216,NULL,NULL,NULL,NULL,NULL,NULL,56,NULL,65),(217,NULL,NULL,NULL,NULL,NULL,NULL,57,NULL,65),(218,NULL,NULL,NULL,NULL,NULL,NULL,108,NULL,66),(219,NULL,NULL,NULL,NULL,NULL,NULL,50,NULL,66),(220,NULL,NULL,NULL,NULL,NULL,'asdfas',34,NULL,66),(221,NULL,NULL,NULL,NULL,NULL,NULL,94,NULL,66),(222,NULL,NULL,NULL,NULL,NULL,NULL,80,NULL,66),(223,NULL,NULL,NULL,NULL,NULL,'23',109,NULL,67),(224,NULL,NULL,NULL,NULL,NULL,NULL,51,NULL,67),(225,NULL,NULL,NULL,NULL,NULL,'asdfsaf',35,NULL,67),(226,NULL,NULL,NULL,NULL,NULL,'232',95,NULL,67),(227,NULL,NULL,NULL,NULL,NULL,NULL,81,NULL,67),(233,NULL,NULL,NULL,NULL,NULL,NULL,97,NULL,69),(234,NULL,NULL,NULL,NULL,NULL,NULL,37,NULL,69),(235,NULL,NULL,NULL,NULL,NULL,'dlskd',9,NULL,69),(236,NULL,NULL,NULL,NULL,NULL,NULL,83,NULL,69),(237,NULL,NULL,NULL,NULL,NULL,NULL,59,NULL,69),(245,NULL,NULL,NULL,NULL,NULL,NULL,48,NULL,72),(246,NULL,NULL,NULL,NULL,NULL,' dgdfsaaaaaaaaaaaaaaaaaadssdfdsfsdfdsfffffffffffffffffffffffffffffffffffffffffffffffffffffffffffffffffffffffffffffffffffffffffffffffffffffffffffff',28,NULL,72),(247,NULL,NULL,NULL,NULL,NULL,NULL,98,NULL,73),(248,NULL,NULL,NULL,NULL,NULL,NULL,39,NULL,73),(249,NULL,NULL,NULL,NULL,NULL,'ganee',11,NULL,73),(250,NULL,NULL,NULL,NULL,NULL,NULL,84,NULL,73),(251,NULL,NULL,NULL,NULL,NULL,NULL,61,NULL,73),(254,NULL,NULL,NULL,NULL,NULL,NULL,97,NULL,75),(255,NULL,NULL,NULL,NULL,NULL,NULL,37,NULL,75),(256,NULL,NULL,NULL,NULL,NULL,'dbvgref',9,NULL,75),(257,NULL,NULL,NULL,NULL,NULL,NULL,83,NULL,75),(258,NULL,NULL,NULL,NULL,NULL,NULL,59,NULL,75),(274,NULL,NULL,NULL,NULL,NULL,NULL,98,NULL,79),(275,NULL,NULL,NULL,NULL,NULL,NULL,39,NULL,79),(276,NULL,NULL,NULL,NULL,NULL,'dlskd',11,NULL,79),(277,NULL,NULL,NULL,NULL,NULL,NULL,84,NULL,79),(278,NULL,NULL,NULL,NULL,NULL,NULL,61,NULL,79),(289,NULL,NULL,NULL,NULL,NULL,NULL,112,NULL,82),(290,NULL,NULL,NULL,NULL,NULL,'afgasfsa',20,NULL,82),(291,NULL,NULL,NULL,NULL,NULL,NULL,111,NULL,82),(292,NULL,NULL,NULL,NULL,NULL,NULL,69,NULL,82),(293,NULL,NULL,NULL,NULL,NULL,NULL,58,NULL,82),(294,NULL,NULL,NULL,NULL,NULL,NULL,113,NULL,82),(295,NULL,NULL,NULL,NULL,NULL,NULL,99,NULL,83),(296,NULL,NULL,NULL,NULL,NULL,NULL,40,NULL,83),(297,NULL,NULL,NULL,NULL,NULL,'add game',12,NULL,83),(298,NULL,NULL,NULL,NULL,NULL,NULL,85,NULL,83),(299,NULL,NULL,NULL,NULL,NULL,NULL,62,NULL,83),(300,NULL,NULL,NULL,NULL,NULL,'sdsd',13,NULL,84),(301,NULL,NULL,NULL,NULL,NULL,NULL,63,NULL,84),(302,NULL,NULL,NULL,NULL,NULL,'sdsd',14,NULL,85),(303,NULL,NULL,NULL,NULL,NULL,NULL,64,NULL,85),(313,NULL,NULL,NULL,NULL,NULL,'dsdsa',15,NULL,89),(314,NULL,NULL,NULL,NULL,NULL,NULL,65,NULL,89),(315,NULL,NULL,NULL,NULL,NULL,'1',109,NULL,90),(316,NULL,NULL,NULL,NULL,NULL,NULL,51,NULL,90),(317,NULL,NULL,NULL,NULL,NULL,'fddfdfd     ',35,NULL,90),(318,NULL,NULL,NULL,NULL,NULL,'1',95,NULL,90),(319,NULL,NULL,NULL,NULL,NULL,NULL,81,NULL,90),(320,NULL,NULL,NULL,NULL,NULL,'test name',13,NULL,91),(321,NULL,NULL,NULL,NULL,NULL,NULL,63,NULL,91),(322,NULL,NULL,NULL,NULL,NULL,NULL,100,NULL,92),(323,NULL,NULL,NULL,NULL,NULL,'sdgsdg',16,NULL,92),(324,NULL,NULL,NULL,NULL,NULL,NULL,86,NULL,92),(325,NULL,NULL,NULL,NULL,NULL,NULL,66,NULL,92),(326,NULL,NULL,NULL,NULL,NULL,NULL,97,NULL,93),(327,NULL,NULL,NULL,NULL,NULL,NULL,37,NULL,93),(328,NULL,NULL,NULL,NULL,NULL,'hdhdhd',9,NULL,93),(329,NULL,NULL,NULL,NULL,NULL,NULL,83,NULL,93),(330,NULL,NULL,NULL,NULL,NULL,NULL,59,NULL,93),(331,NULL,NULL,NULL,NULL,NULL,NULL,97,NULL,94),(332,NULL,NULL,NULL,NULL,NULL,NULL,37,NULL,94),(333,NULL,NULL,NULL,NULL,NULL,'fgsdfgdf',9,NULL,94),(334,NULL,NULL,NULL,NULL,NULL,NULL,83,NULL,94),(335,NULL,NULL,NULL,NULL,NULL,NULL,59,NULL,94),(336,NULL,NULL,NULL,NULL,NULL,NULL,97,NULL,95),(337,NULL,NULL,NULL,NULL,NULL,NULL,37,NULL,95),(338,NULL,NULL,NULL,NULL,NULL,'test name',9,NULL,95),(339,NULL,NULL,NULL,NULL,NULL,NULL,83,NULL,95),(340,NULL,NULL,NULL,NULL,NULL,NULL,59,NULL,95),(341,NULL,NULL,NULL,NULL,NULL,NULL,97,NULL,96),(342,NULL,NULL,NULL,NULL,NULL,NULL,37,NULL,96),(343,NULL,NULL,NULL,NULL,NULL,'vsdsdf',9,NULL,96),(344,NULL,NULL,NULL,NULL,NULL,NULL,83,NULL,96),(345,NULL,NULL,NULL,NULL,NULL,NULL,59,NULL,96),(373,NULL,NULL,NULL,NULL,NULL,NULL,100,NULL,104),(374,NULL,NULL,NULL,NULL,NULL,'ZXCZ',16,NULL,104),(375,NULL,NULL,NULL,NULL,NULL,NULL,86,NULL,104),(376,NULL,NULL,NULL,NULL,NULL,NULL,66,NULL,104),(380,NULL,NULL,NULL,NULL,NULL,'zdgdsfg',27,NULL,106),(381,NULL,NULL,NULL,NULL,NULL,NULL,75,NULL,106),(382,NULL,NULL,NULL,NULL,NULL,NULL,100,NULL,107),(383,NULL,NULL,NULL,NULL,NULL,'sddf',16,NULL,107),(384,NULL,NULL,NULL,NULL,NULL,NULL,86,NULL,107),(385,NULL,NULL,NULL,NULL,NULL,NULL,66,NULL,107),(386,NULL,NULL,NULL,NULL,NULL,NULL,41,NULL,108),(387,NULL,NULL,NULL,NULL,NULL,'cvxv',17,NULL,108),(388,NULL,NULL,NULL,NULL,NULL,NULL,67,NULL,108),(389,NULL,NULL,NULL,NULL,NULL,NULL,101,NULL,109),(390,NULL,NULL,NULL,NULL,NULL,NULL,42,NULL,109),(391,NULL,NULL,NULL,NULL,NULL,'dragon',18,NULL,109),(392,NULL,NULL,NULL,NULL,NULL,NULL,87,NULL,109),(393,NULL,NULL,NULL,NULL,NULL,NULL,115,NULL,109),(401,NULL,NULL,NULL,NULL,NULL,NULL,99,NULL,112),(402,NULL,NULL,NULL,NULL,NULL,NULL,40,NULL,112),(403,NULL,NULL,NULL,NULL,NULL,'njkda',12,NULL,112),(404,NULL,NULL,NULL,NULL,NULL,NULL,85,NULL,112),(405,NULL,NULL,NULL,NULL,NULL,NULL,62,NULL,112),(406,NULL,NULL,NULL,NULL,NULL,NULL,97,NULL,113),(407,NULL,NULL,NULL,NULL,NULL,NULL,37,NULL,113),(408,NULL,NULL,NULL,NULL,NULL,'kenre',9,NULL,113),(409,NULL,NULL,NULL,NULL,NULL,NULL,83,NULL,113),(410,NULL,NULL,NULL,NULL,NULL,NULL,59,NULL,113),(411,NULL,NULL,NULL,NULL,NULL,NULL,99,NULL,114),(412,NULL,NULL,NULL,NULL,NULL,NULL,40,NULL,114),(413,NULL,NULL,NULL,NULL,NULL,'mamm',12,NULL,114),(414,NULL,NULL,NULL,NULL,NULL,NULL,85,NULL,114),(415,NULL,NULL,NULL,NULL,NULL,NULL,62,NULL,114),(416,NULL,NULL,NULL,NULL,NULL,'ass',13,NULL,115),(417,NULL,NULL,NULL,NULL,NULL,NULL,63,NULL,115),(418,NULL,NULL,NULL,NULL,NULL,'asdas',14,NULL,116),(419,NULL,NULL,NULL,NULL,NULL,NULL,64,NULL,116),(420,NULL,NULL,NULL,NULL,NULL,'asda',19,NULL,117),(421,NULL,NULL,NULL,NULL,NULL,NULL,68,NULL,117),(422,NULL,NULL,NULL,NULL,NULL,NULL,112,NULL,118),(423,NULL,NULL,NULL,NULL,NULL,'asd',20,NULL,118),(424,NULL,NULL,NULL,NULL,NULL,NULL,111,NULL,118),(425,NULL,NULL,NULL,NULL,NULL,NULL,69,NULL,118),(426,NULL,NULL,NULL,NULL,NULL,NULL,58,NULL,118),(427,NULL,NULL,NULL,NULL,NULL,NULL,113,NULL,118),(428,NULL,NULL,NULL,NULL,NULL,'saa',21,NULL,119),(429,NULL,NULL,NULL,NULL,NULL,NULL,70,NULL,119),(430,NULL,NULL,NULL,NULL,NULL,NULL,43,NULL,120),(431,NULL,NULL,NULL,NULL,NULL,'123',22,NULL,120),(432,NULL,NULL,NULL,NULL,NULL,NULL,71,NULL,120),(433,NULL,NULL,NULL,NULL,NULL,NULL,44,NULL,121),(434,NULL,NULL,NULL,NULL,NULL,'asdsa',23,NULL,121),(435,NULL,NULL,NULL,NULL,NULL,NULL,72,NULL,121),(436,NULL,NULL,NULL,NULL,NULL,NULL,102,NULL,122),(437,NULL,NULL,NULL,NULL,NULL,NULL,45,NULL,122),(438,NULL,NULL,NULL,NULL,NULL,'asdas',24,NULL,122),(439,NULL,NULL,NULL,NULL,NULL,NULL,88,NULL,122),(440,NULL,NULL,NULL,NULL,NULL,NULL,53,NULL,122),(441,NULL,NULL,NULL,NULL,NULL,NULL,73,NULL,122),(442,NULL,NULL,NULL,NULL,NULL,NULL,103,NULL,123),(443,NULL,NULL,NULL,NULL,NULL,NULL,46,NULL,123),(444,NULL,NULL,NULL,NULL,NULL,'sadas',25,NULL,123),(445,NULL,NULL,NULL,NULL,NULL,NULL,89,NULL,123),(446,NULL,NULL,NULL,NULL,NULL,NULL,54,NULL,123),(447,NULL,NULL,NULL,NULL,NULL,NULL,121,NULL,123),(448,NULL,NULL,NULL,NULL,NULL,NULL,104,NULL,124),(449,NULL,NULL,NULL,NULL,NULL,NULL,47,NULL,124),(450,NULL,NULL,NULL,NULL,NULL,'sadas',26,NULL,124),(451,NULL,NULL,NULL,NULL,NULL,NULL,90,NULL,124),(452,NULL,NULL,NULL,NULL,NULL,NULL,55,NULL,124),(453,NULL,NULL,NULL,NULL,NULL,NULL,74,NULL,124),(454,NULL,NULL,NULL,NULL,NULL,NULL,48,NULL,125),(455,NULL,NULL,NULL,NULL,NULL,'sadas',28,NULL,125),(456,NULL,NULL,NULL,NULL,NULL,NULL,116,NULL,125),(457,NULL,NULL,NULL,NULL,NULL,'asda',29,NULL,126),(458,NULL,NULL,NULL,NULL,NULL,NULL,76,NULL,126),(459,NULL,NULL,NULL,NULL,NULL,NULL,105,NULL,127),(460,NULL,NULL,NULL,NULL,NULL,NULL,49,NULL,127),(461,NULL,NULL,NULL,NULL,NULL,'sadsa',30,NULL,127),(462,NULL,NULL,NULL,NULL,NULL,NULL,91,NULL,127),(463,NULL,NULL,NULL,NULL,NULL,NULL,77,NULL,127),(464,NULL,NULL,NULL,NULL,NULL,'asdas',31,NULL,128),(465,NULL,NULL,NULL,NULL,NULL,NULL,78,NULL,128),(466,NULL,NULL,NULL,NULL,NULL,NULL,106,NULL,129),(467,NULL,NULL,NULL,NULL,NULL,'asdas',32,NULL,129),(468,NULL,NULL,NULL,NULL,NULL,NULL,92,NULL,129),(469,NULL,NULL,NULL,NULL,NULL,NULL,114,NULL,129),(470,NULL,NULL,NULL,NULL,NULL,NULL,56,NULL,129),(471,NULL,NULL,NULL,NULL,NULL,NULL,57,NULL,129),(472,NULL,NULL,NULL,NULL,NULL,NULL,107,NULL,130),(473,NULL,NULL,NULL,NULL,NULL,'asd',33,NULL,130),(474,NULL,NULL,NULL,NULL,NULL,NULL,93,NULL,130),(475,NULL,NULL,NULL,NULL,NULL,NULL,79,NULL,130),(476,NULL,NULL,NULL,NULL,NULL,NULL,108,NULL,131),(477,NULL,NULL,NULL,NULL,NULL,NULL,50,NULL,131),(478,NULL,NULL,NULL,NULL,NULL,'asd',34,NULL,131),(479,NULL,NULL,NULL,NULL,NULL,NULL,94,NULL,131),(480,NULL,NULL,NULL,NULL,NULL,NULL,80,NULL,131),(575,NULL,NULL,NULL,NULL,NULL,'1',109,NULL,149),(576,NULL,NULL,NULL,NULL,NULL,NULL,51,NULL,149),(577,NULL,NULL,NULL,NULL,NULL,'xZX',35,NULL,149),(578,NULL,NULL,NULL,NULL,NULL,'1',95,NULL,149),(579,NULL,NULL,NULL,NULL,NULL,NULL,81,NULL,149),(580,NULL,NULL,NULL,NULL,NULL,NULL,110,NULL,150),(581,NULL,NULL,NULL,NULL,NULL,NULL,52,NULL,150),(582,NULL,NULL,NULL,NULL,NULL,'asdas',36,NULL,150),(583,NULL,NULL,NULL,NULL,NULL,NULL,96,NULL,150),(584,NULL,NULL,NULL,NULL,NULL,NULL,82,NULL,150),(585,NULL,NULL,NULL,NULL,NULL,NULL,97,NULL,151),(586,NULL,NULL,NULL,NULL,NULL,NULL,37,NULL,151),(587,NULL,NULL,NULL,NULL,NULL,'mahmoud',9,NULL,151),(588,NULL,NULL,NULL,NULL,NULL,NULL,83,NULL,151),(589,NULL,NULL,NULL,NULL,NULL,NULL,59,NULL,151),(590,NULL,NULL,NULL,NULL,NULL,NULL,38,NULL,152),(591,NULL,NULL,NULL,NULL,NULL,'mmm',10,NULL,152),(592,NULL,NULL,NULL,NULL,NULL,NULL,60,NULL,152),(593,NULL,NULL,NULL,NULL,NULL,NULL,97,NULL,153),(594,NULL,NULL,NULL,NULL,NULL,NULL,37,NULL,153),(595,NULL,NULL,NULL,NULL,NULL,'sfasfasfasyfasyfgysagfysagf',9,NULL,153),(596,NULL,NULL,NULL,NULL,NULL,NULL,83,NULL,153),(597,NULL,NULL,NULL,NULL,NULL,NULL,59,NULL,153),(598,NULL,NULL,NULL,NULL,NULL,NULL,97,NULL,154),(599,NULL,NULL,NULL,NULL,NULL,NULL,37,NULL,154),(600,NULL,NULL,NULL,NULL,NULL,'Dhdjdj',9,NULL,154),(601,NULL,NULL,NULL,NULL,NULL,NULL,83,NULL,154),(602,NULL,NULL,NULL,NULL,NULL,NULL,59,NULL,154),(603,NULL,NULL,NULL,NULL,NULL,'COD: MWII',15,NULL,155),(604,NULL,NULL,NULL,NULL,NULL,NULL,65,NULL,155),(605,NULL,NULL,NULL,NULL,NULL,'COD: MWII',14,NULL,156),(606,NULL,NULL,NULL,NULL,NULL,NULL,64,NULL,156),(607,NULL,NULL,NULL,NULL,NULL,NULL,119,NULL,157),(608,NULL,NULL,NULL,NULL,NULL,NULL,41,NULL,157),(609,NULL,NULL,NULL,NULL,NULL,'COD: MWII',17,NULL,157),(610,NULL,NULL,NULL,NULL,NULL,NULL,118,NULL,157),(611,NULL,NULL,NULL,NULL,NULL,NULL,120,NULL,157),(612,NULL,NULL,NULL,NULL,NULL,NULL,67,NULL,157);
/*!40000 ALTER TABLE `member_game_attributes` ENABLE KEYS */;
UNLOCK TABLES;

--
-- Table structure for table `member_games`
--

DROP TABLE IF EXISTS `member_games`;
/*!40101 SET @saved_cs_client     = @@character_set_client */;
/*!50503 SET character_set_client = utf8mb4 */;
CREATE TABLE `member_games` (
  `id` bigint NOT NULL AUTO_INCREMENT,
  `created_at` datetime(6) DEFAULT NULL,
  `created_by_system_id` varchar(255) DEFAULT NULL,
  `system_id` varchar(255) DEFAULT NULL,
  `updated_at` datetime(6) DEFAULT NULL,
  `updated_by_system_id` varchar(255) DEFAULT NULL,
  `game_id` int DEFAULT NULL,
  `person_id` int DEFAULT NULL,
  `game_order` int DEFAULT NULL,
  PRIMARY KEY (`id`),
  KEY `FKhiu07sk296cpub6pqi9uvxf7q` (`game_id`),
  KEY `FK4i5gkp11sw67y5427fh7hlqfv` (`person_id`),
  CONSTRAINT `FK4i5gkp11sw67y5427fh7hlqfv` FOREIGN KEY (`person_id`) REFERENCES `person` (`id`),
  CONSTRAINT `FKhiu07sk296cpub6pqi9uvxf7q` FOREIGN KEY (`game_id`) REFERENCES `games` (`id`)
) ENGINE=InnoDB AUTO_INCREMENT=158 DEFAULT CHARSET=utf8mb4 COLLATE=utf8mb4_0900_ai_ci;
/*!40101 SET character_set_client = @saved_cs_client */;

--
-- Dumping data for table `member_games`
--

LOCK TABLES `member_games` WRITE;
/*!40000 ALTER TABLE `member_games` DISABLE KEYS */;
INSERT INTO `member_games` VALUES (1,'2023-03-18 15:11:28.578000','0f54f522-151c-4d27-866c-eae8e99a041b','61556d37-81f7-4fd6-af24-5782f5c297c2',NULL,NULL,12,1,1),(2,'2023-03-18 15:13:14.684000','0f54f522-151c-4d27-866c-eae8e99a041b','67d7442b-4068-48fc-b449-681fb008aa27',NULL,NULL,12,1,1),(3,'2023-03-18 15:14:32.504000','0f54f522-151c-4d27-866c-eae8e99a041b','cd227e64-5106-423e-8193-8857ca682e57',NULL,NULL,12,1,1),(4,'2023-03-18 15:18:13.990000','bbc8fc36-79e9-4cc8-926d-7fa1ff23168c','4018cef9-f77e-4efa-a6fa-653a277effc9',NULL,NULL,12,1,1),(5,'2023-03-18 15:18:59.146000','bbc8fc36-79e9-4cc8-926d-7fa1ff23168c','69a1daa6-d33b-4758-a4bc-ed8e0628c59d',NULL,NULL,12,1,1),(6,'2023-03-18 15:22:10.137000','bbc8fc36-79e9-4cc8-926d-7fa1ff23168c','402d9d3c-3254-4737-af39-46e21b0cbc39',NULL,NULL,12,100,2),(7,'2023-03-18 15:27:47.463000','bbc8fc36-79e9-4cc8-926d-7fa1ff23168c','3dbba57c-beed-4ddb-92e9-8599dda19da4',NULL,NULL,1,1,1),(9,'2023-03-18 15:37:01.864000','bbc8fc36-79e9-4cc8-926d-7fa1ff23168c','7786c843-d28c-4180-a700-810b1e2ca75d',NULL,NULL,1,100,1),(11,'2023-03-21 15:14:19.182000','bbc8fc36-79e9-4cc8-926d-7fa1ff23168c','e0109fff-550e-4144-b2eb-e3760abb2da3',NULL,NULL,2,103,1),(12,'2023-03-21 15:20:05.014000','bbc8fc36-79e9-4cc8-926d-7fa1ff23168c','cf414353-d291-44bb-81be-7ce1a4540e53',NULL,NULL,1,103,1),(24,'2023-03-21 23:58:04.272000','bbc8fc36-79e9-4cc8-926d-7fa1ff23168c','4317b5be-3fe2-4a9f-9663-d4422673f50a',NULL,NULL,1,NULL,1),(28,'2023-03-22 00:57:40.083000','c24a6bab-8ff3-4bc8-99cb-47be3016adbb','f4607424-3eb9-490e-a5a4-fbe1b0901245',NULL,NULL,1,20,1),(30,'2023-03-22 10:10:31.909000','8802fbb9-c46d-482e-93b6-c83ec3be61b8','129037c5-24a1-42e6-ab47-6f0e6bb75b94',NULL,NULL,1,24,27),(31,'2023-03-22 17:49:03.114000','8802fbb9-c46d-482e-93b6-c83ec3be61b8','d883ee7c-8ada-4da6-9683-70dbcc101df2',NULL,NULL,2,24,22),(32,'2023-03-28 13:56:52.733000','c24a6bab-8ff3-4bc8-99cb-47be3016adbb','88992abc-b79d-4c54-8860-e819c07d8993',NULL,NULL,2,20,1),(33,'2023-03-28 15:33:43.758000','04517f56-b984-423c-8bfb-ed44d6bfa67a','cd1f192d-e1cd-45c1-99d0-f10ec3795327',NULL,NULL,1,63,1),(34,'2023-03-28 15:34:08.929000','04517f56-b984-423c-8bfb-ed44d6bfa67a','e16cde60-88e9-4a76-be09-c117d0b4aedb',NULL,NULL,5,63,1),(37,'2023-03-29 12:33:43.435000','a0d668c5-3e54-4eca-af6f-e28e26d6e1f2','71a30f80-26f5-402d-9e89-70de1cee3227',NULL,NULL,1,45,1),(38,'2023-03-29 13:41:10.401000','bbc8fc36-79e9-4cc8-926d-7fa1ff23168c','d8d750fe-d902-468a-aa3d-b7afab02faee',NULL,NULL,29,43,27),(40,'2023-03-29 20:25:42.832000','cf465d7e-2823-4af0-82d0-56192034fa14','1ff484fe-be2a-4326-bd27-2d61bee101d3',NULL,NULL,3,48,1),(41,'2023-03-29 20:38:56.495000','cf465d7e-2823-4af0-82d0-56192034fa14','d4383275-9fc5-464b-b99b-7fd51a83847d',NULL,NULL,9,48,4),(43,'2023-03-30 16:19:09.148000','bbc8fc36-79e9-4cc8-926d-7fa1ff23168c','813bf116-0195-4ce8-93b4-e6b79ecb6e45',NULL,NULL,13,43,28),(44,'2023-03-30 16:19:27.349000','bbc8fc36-79e9-4cc8-926d-7fa1ff23168c','0e1b11c5-cf2d-4d14-b5e2-cd7dc9dab2b5',NULL,NULL,4,43,29),(45,'2023-03-30 16:32:43.861000','bbc8fc36-79e9-4cc8-926d-7fa1ff23168c','b3442ebc-0ec5-4d1d-8690-3f291b5e87e7',NULL,NULL,2,43,23),(46,'2023-03-30 16:32:50.407000','bbc8fc36-79e9-4cc8-926d-7fa1ff23168c','f1b2e4e3-0034-45c0-9a32-31c83506e33a',NULL,NULL,5,43,22),(47,'2023-03-30 16:32:57.213000','bbc8fc36-79e9-4cc8-926d-7fa1ff23168c','6345432c-ef95-43e1-bcc7-9c09287ee475',NULL,NULL,6,43,18),(48,'2023-03-30 16:33:02.812000','bbc8fc36-79e9-4cc8-926d-7fa1ff23168c','34c02b8e-7d53-455a-ad61-ac827b78853f',NULL,NULL,7,43,21),(49,'2023-03-30 16:33:09.226000','bbc8fc36-79e9-4cc8-926d-7fa1ff23168c','260f160d-b4dc-4c89-95c9-c6ea11e09830',NULL,NULL,9,43,20),(50,'2023-03-30 16:33:21.689000','bbc8fc36-79e9-4cc8-926d-7fa1ff23168c','ec74d411-7a08-4f76-8912-77a619525b26',NULL,NULL,8,43,19),(51,'2023-03-30 16:33:54.002000','bbc8fc36-79e9-4cc8-926d-7fa1ff23168c','ee0ab5d4-3576-45eb-b341-805a0c0aeab8',NULL,NULL,10,43,17),(52,'2023-03-30 16:33:58.449000','bbc8fc36-79e9-4cc8-926d-7fa1ff23168c','e1ff1270-4253-4cd8-8dde-40137ebdd265',NULL,NULL,11,43,16),(53,'2023-03-30 16:34:07.859000','bbc8fc36-79e9-4cc8-926d-7fa1ff23168c','014bb8ff-c9c7-4877-af4b-d7f4a713a123',NULL,NULL,12,43,15),(54,'2023-03-30 16:34:12.969000','bbc8fc36-79e9-4cc8-926d-7fa1ff23168c','39c227f3-1ae8-430d-8f7d-b933212f3600',NULL,NULL,15,43,14),(55,'2023-03-30 16:34:22.062000','bbc8fc36-79e9-4cc8-926d-7fa1ff23168c','2ff04da4-f96c-4d45-996e-bfb6b1f8dba6',NULL,NULL,16,43,13),(56,'2023-03-30 16:34:33.999000','bbc8fc36-79e9-4cc8-926d-7fa1ff23168c','7b13ef8d-a724-4c23-9a11-b83b485602dc',NULL,NULL,17,43,12),(57,'2023-03-30 16:34:42.290000','bbc8fc36-79e9-4cc8-926d-7fa1ff23168c','4bdbbccd-f478-46a0-8bd5-3fe9dcc3a414',NULL,NULL,18,43,11),(58,'2023-03-30 16:34:47.034000','bbc8fc36-79e9-4cc8-926d-7fa1ff23168c','169a6f4a-5034-468e-af94-a64176abdc84',NULL,NULL,19,43,10),(59,'2023-03-30 16:34:51.425000','bbc8fc36-79e9-4cc8-926d-7fa1ff23168c','e2aaf558-bf2b-48b2-a744-d5307e936b72',NULL,NULL,20,43,9),(61,'2023-03-30 16:35:05.644000','bbc8fc36-79e9-4cc8-926d-7fa1ff23168c','065c565e-f4fe-44a2-83b2-121d711c4b62',NULL,NULL,22,43,8),(62,'2023-03-30 16:35:10.166000','bbc8fc36-79e9-4cc8-926d-7fa1ff23168c','e36b12ea-8035-4adb-9333-a11cff70344a',NULL,NULL,23,43,7),(64,'2023-03-30 16:35:46.080000','bbc8fc36-79e9-4cc8-926d-7fa1ff23168c','284c2c0c-c62d-4d57-af30-a6b39531c1e5',NULL,NULL,25,43,6),(65,'2023-03-30 16:46:15.589000','bbc8fc36-79e9-4cc8-926d-7fa1ff23168c','1a4f9eb3-ada3-4f09-a886-989cc72f1942',NULL,NULL,24,43,5),(66,'2023-03-30 16:46:22.929000','bbc8fc36-79e9-4cc8-926d-7fa1ff23168c','5ffce19c-695d-45b0-ac88-ce0a4d3e6851',NULL,NULL,26,43,4),(67,'2023-03-30 16:46:36.488000','bbc8fc36-79e9-4cc8-926d-7fa1ff23168c','110acdac-060f-4e2d-8c94-8063fcbd3d75',NULL,NULL,27,43,3),(69,'2023-03-30 17:57:29.334000','0ae6de6a-53e0-46ef-ad77-e62ebb967f81','76d39eff-7ad0-4b9b-96f1-4ccbc3354d6e',NULL,NULL,1,74,4),(72,'2023-03-31 02:00:28.881000','cf465d7e-2823-4af0-82d0-56192034fa14','81651e56-e36b-421e-86c7-3c958bf723be',NULL,NULL,20,48,5),(73,'2023-03-31 03:40:44.777000','8802fbb9-c46d-482e-93b6-c83ec3be61b8','073713d5-414a-4f05-ba5c-ced905d98f17',NULL,NULL,3,24,21),(75,'2023-04-01 17:45:57.345000','cf465d7e-2823-4af0-82d0-56192034fa14','f34d4c14-d410-4d86-a22d-333ab1cecb3f',NULL,NULL,1,48,2),(79,'2023-04-02 18:05:50.497000','0ae6de6a-53e0-46ef-ad77-e62ebb967f81','23ca1e1f-774a-4893-a69f-daa5ac53bfdc',NULL,NULL,3,74,6),(82,'2023-04-04 11:25:36.814000','cf465d7e-2823-4af0-82d0-56192034fa14','995a116a-4f1b-4b0f-8e16-489a3878d534',NULL,NULL,12,48,3),(83,'2023-04-04 16:08:40.184000','0ae6de6a-53e0-46ef-ad77-e62ebb967f81','5fc1860a-f3c1-43a4-ae62-b4728788d905',NULL,NULL,4,74,3),(84,'2023-04-04 16:09:39.097000','0ae6de6a-53e0-46ef-ad77-e62ebb967f81','a70d1ef0-219d-4b88-bd3d-b9030a418bbf',NULL,NULL,5,74,1),(85,'2023-04-04 16:10:21.779000','0ae6de6a-53e0-46ef-ad77-e62ebb967f81','5bf3e054-f03e-4c6a-a304-5f404c38dd9f',NULL,NULL,6,74,2),(89,'2023-04-05 02:58:06.477000','8802fbb9-c46d-482e-93b6-c83ec3be61b8','90050397-daae-4622-9a8f-356106b40a95',NULL,NULL,7,24,23),(90,'2023-04-05 12:31:10.112000','0ae6de6a-53e0-46ef-ad77-e62ebb967f81','d1a3d7d8-c802-4748-adcf-13b44549486f',NULL,NULL,27,74,5),(91,'2023-04-05 17:33:27.907000','b54b3b83-6996-40f3-9c56-00f9f3c2d035','79ff9d0b-637a-4e4c-96a7-023bdc8ebc7e',NULL,NULL,5,NULL,-1680705207),(92,'2023-04-05 17:34:04.720000','b54b3b83-6996-40f3-9c56-00f9f3c2d035','90a500a3-3b1f-4367-b0aa-8b698ccddf43',NULL,NULL,8,NULL,-1680705244),(93,'2023-04-05 22:17:36.611000','b54b3b83-6996-40f3-9c56-00f9f3c2d035','8bb810fa-9694-4ffa-9597-804a23824a6d',NULL,NULL,1,NULL,-1680722256),(94,'2023-04-05 22:32:55.716000','b54b3b83-6996-40f3-9c56-00f9f3c2d035','9fa1aa66-95f1-4d55-9c90-4926f7e01411',NULL,NULL,1,NULL,-1680723175),(95,'2023-04-06 00:12:51.249000','b54b3b83-6996-40f3-9c56-00f9f3c2d035','221fee08-75bc-460a-bd0a-c8c65b8a6dc5',NULL,NULL,1,NULL,-1680729171),(96,'2023-04-06 00:16:53.933000','b54b3b83-6996-40f3-9c56-00f9f3c2d035','1cb580a5-ed9c-44a5-9c38-045f5125d56e',NULL,NULL,1,NULL,-1680729413),(104,'2023-04-06 01:23:17.038000','1d35d2f7-9006-4f09-9eaa-93a20282a050','22fa4dc8-d5cf-4d1e-962f-c54bf702932a',NULL,NULL,8,39,1),(106,'2023-04-06 01:34:23.422000','8802fbb9-c46d-482e-93b6-c83ec3be61b8','306b3596-ec62-46af-b41f-0d0d7744fd66',NULL,NULL,19,24,24),(107,'2023-04-07 19:32:39.989000','8802fbb9-c46d-482e-93b6-c83ec3be61b8','8e3b526b-d940-49b3-a07a-4ed1339889d2',NULL,NULL,8,24,25),(108,'2023-04-07 19:37:46.619000','8802fbb9-c46d-482e-93b6-c83ec3be61b8','2888a0b9-731d-4730-ad5a-cf875892a3e9',NULL,NULL,9,24,20),(109,'2023-04-07 19:57:12.532000','8802fbb9-c46d-482e-93b6-c83ec3be61b8','739b6c03-fca6-412b-971a-c75cd2e574cb',NULL,NULL,10,24,26),(112,'2023-04-08 03:03:24.623000','b54b3b83-6996-40f3-9c56-00f9f3c2d035','9bc1194d-8b93-4c04-be20-81e78239eef5',NULL,NULL,4,92,2),(113,'2023-04-08 03:04:43.546000','b54b3b83-6996-40f3-9c56-00f9f3c2d035','0d101372-7b08-4afc-9e19-6701695c7f65',NULL,NULL,1,92,1),(114,'2023-04-15 23:18:22.887000','8802fbb9-c46d-482e-93b6-c83ec3be61b8','e4e7a88c-781e-41e0-b1ac-74659119aec5',NULL,NULL,4,24,19),(115,'2023-04-16 11:43:32.857000','8802fbb9-c46d-482e-93b6-c83ec3be61b8','21c54e66-37d7-4618-855b-a41e218d9060',NULL,NULL,5,24,18),(116,'2023-04-16 11:43:45.892000','8802fbb9-c46d-482e-93b6-c83ec3be61b8','bf447a6c-bcba-496c-9df2-d0c772cb1e94',NULL,NULL,6,24,17),(117,'2023-04-16 11:43:53.428000','8802fbb9-c46d-482e-93b6-c83ec3be61b8','1b62dd11-a954-4f7a-9928-149b48d634f8',NULL,NULL,11,24,16),(118,'2023-04-16 11:44:06.093000','8802fbb9-c46d-482e-93b6-c83ec3be61b8','6feb6eba-2321-4d64-8542-c153f4aa99a1',NULL,NULL,12,24,15),(119,'2023-04-16 11:44:18.834000','8802fbb9-c46d-482e-93b6-c83ec3be61b8','ef303e85-c899-49f9-8713-dd66147aabed',NULL,NULL,13,24,14),(120,'2023-04-16 11:44:53.980000','8802fbb9-c46d-482e-93b6-c83ec3be61b8','2ccd3a7c-8dc9-4e44-ad42-d93f7650f3c8',NULL,NULL,14,24,13),(121,'2023-04-16 11:45:03.933000','8802fbb9-c46d-482e-93b6-c83ec3be61b8','d76012de-0f8a-476d-a56f-7edcb26ff460',NULL,NULL,15,24,12),(122,'2023-04-16 11:51:45.699000','8802fbb9-c46d-482e-93b6-c83ec3be61b8','6a274e84-51cd-4386-932c-de8cda01f4d6',NULL,NULL,16,24,11),(123,'2023-04-16 11:52:43.967000','8802fbb9-c46d-482e-93b6-c83ec3be61b8','877c6d72-01ad-4632-b156-3b99908ac799',NULL,NULL,17,24,10),(124,'2023-04-16 11:53:01.073000','8802fbb9-c46d-482e-93b6-c83ec3be61b8','a5678817-ada2-4d67-8617-b8a046187f61',NULL,NULL,18,24,9),(125,'2023-04-16 11:53:11.933000','8802fbb9-c46d-482e-93b6-c83ec3be61b8','b1a99266-1c00-4358-98ed-9efebbdb1139',NULL,NULL,20,24,8),(126,'2023-04-16 11:53:19.333000','8802fbb9-c46d-482e-93b6-c83ec3be61b8','42d65c2a-25f6-42e3-845c-042648822e20',NULL,NULL,21,24,7),(127,'2023-04-16 11:53:31.370000','8802fbb9-c46d-482e-93b6-c83ec3be61b8','b0c3cba9-cd1b-42fe-a2c9-932d909189a9',NULL,NULL,22,24,6),(128,'2023-04-16 11:53:42.951000','8802fbb9-c46d-482e-93b6-c83ec3be61b8','573bfbb9-4d5a-4453-9755-d74eddc97cad',NULL,NULL,23,24,5),(129,'2023-04-16 11:54:04.149000','8802fbb9-c46d-482e-93b6-c83ec3be61b8','184e66bd-5205-4e62-ba68-d4f0f77ab63e',NULL,NULL,24,24,4),(130,'2023-04-16 11:54:39.806000','8802fbb9-c46d-482e-93b6-c83ec3be61b8','c45d774e-6971-47cd-b498-3b6a4e5ba88d',NULL,NULL,25,24,3),(131,'2023-04-16 11:54:49.651000','8802fbb9-c46d-482e-93b6-c83ec3be61b8','7ad03168-60a8-4568-8ceb-700f6eeaae15',NULL,NULL,26,24,1),(149,'2023-04-16 13:41:19.867000','8802fbb9-c46d-482e-93b6-c83ec3be61b8','926c7979-c63b-4a61-a3a3-0d7a333c3469',NULL,NULL,27,24,2),(150,'2023-04-16 14:52:33.611000','8802fbb9-c46d-482e-93b6-c83ec3be61b8','10158a5d-d035-427e-939a-f4853eade0ad',NULL,NULL,28,24,-1681645953),(151,'2023-04-16 21:00:32.649000','3e7273e7-2f8c-47b7-a939-bdfef443cab3','9bb00763-a0d6-42af-8d5f-4d0e81fce603',NULL,NULL,1,109,-1681668032),(152,'2023-04-16 22:25:05.274000','3e7273e7-2f8c-47b7-a939-bdfef443cab3','4ac3ba48-d921-49c4-903a-bfd985f6a64a',NULL,NULL,2,109,-1681673105),(153,'2023-04-18 01:48:44.062000','5266af14-cf5c-4a59-ace4-9604a9baf538','34289e58-fc45-4fac-b738-9b4ec41b0812',NULL,NULL,1,46,-1681771724),(154,'2023-04-20 02:01:18.565000','04f729d5-f74f-4d3d-89a4-addebec9f63c','231ca6fc-dd99-4721-9c7a-852840f70fd4',NULL,NULL,1,108,-1681945278),(155,'2023-05-10 12:38:05.297000','1d35d2f7-9006-4f09-9eaa-93a20282a050','8cf0431f-79c7-4755-944c-4854b00b0ac8',NULL,NULL,7,39,-1683711485),(156,'2023-05-10 12:38:58.370000','1d35d2f7-9006-4f09-9eaa-93a20282a050','eee5b9a8-3cd7-408b-8334-7606aadb1b70',NULL,NULL,6,39,-1683711538),(157,'2023-05-10 12:40:48.191000','1d35d2f7-9006-4f09-9eaa-93a20282a050','f283230c-bd93-43a9-90ef-bdda9752dc45',NULL,NULL,9,39,-1683711648);
/*!40000 ALTER TABLE `member_games` ENABLE KEYS */;
UNLOCK TABLES;

--
-- Table structure for table `member_social_media`
--

DROP TABLE IF EXISTS `member_social_media`;
/*!40101 SET @saved_cs_client     = @@character_set_client */;
/*!50503 SET character_set_client = utf8mb4 */;
CREATE TABLE `member_social_media` (
  `id` bigint NOT NULL AUTO_INCREMENT,
  `created_at` datetime(6) DEFAULT NULL,
  `created_by_system_id` varchar(255) DEFAULT NULL,
  `system_id` varchar(255) DEFAULT NULL,
  `updated_at` datetime(6) DEFAULT NULL,
  `updated_by_system_id` varchar(255) DEFAULT NULL,
  `member_id` int DEFAULT NULL,
  `social_media_id` int DEFAULT NULL,
  `account_link` varchar(255) NOT NULL,
  PRIMARY KEY (`id`),
  UNIQUE KEY `unique_social_member_id` (`member_id`,`social_media_id`),
  KEY `social_media_id` (`social_media_id`),
  CONSTRAINT `member_social_media_ibfk_1` FOREIGN KEY (`social_media_id`) REFERENCES `social_media` (`id`),
  CONSTRAINT `member_social_media_ibfk_2` FOREIGN KEY (`member_id`) REFERENCES `person` (`id`)
) ENGINE=InnoDB AUTO_INCREMENT=27 DEFAULT CHARSET=utf8mb4 COLLATE=utf8mb4_0900_ai_ci;
/*!40101 SET character_set_client = @saved_cs_client */;

--
-- Dumping data for table `member_social_media`
--

LOCK TABLES `member_social_media` WRITE;
/*!40000 ALTER TABLE `member_social_media` DISABLE KEYS */;
INSERT INTO `member_social_media` VALUES (2,'2023-03-20 18:01:35.143000','143960ef-65f9-4eb8-9906-b12d3535f2e1','12aa6fe1-cd1e-4820-b63b-07e2bfac2dff','2023-03-20 18:01:35.143000','143960ef-65f9-4eb8-9906-b12d3535f2e1',22,1,'@mmm'),(6,'2023-03-28 15:34:27.079000','04517f56-b984-423c-8bfb-ed44d6bfa67a','aec0745b-e206-428e-b772-a648252284b2','2023-03-28 15:34:27.079000','04517f56-b984-423c-8bfb-ed44d6bfa67a',63,1,'mossama9'),(7,'2023-03-28 15:34:43.670000','04517f56-b984-423c-8bfb-ed44d6bfa67a','b07d30e9-12db-4e60-b075-6d123e35db6b','2023-03-28 15:34:43.670000','04517f56-b984-423c-8bfb-ed44d6bfa67a',63,2,'ossama9'),(12,'2023-04-02 22:57:44.190000','8802fbb9-c46d-482e-93b6-c83ec3be61b8','89a2165a-7e69-468b-9def-9d6cdb6f817d','2023-04-02 22:57:44.190000','8802fbb9-c46d-482e-93b6-c83ec3be61b8',24,3,'@kkakk'),(13,'2023-04-02 22:57:50.640000','8802fbb9-c46d-482e-93b6-c83ec3be61b8','3792d5aa-7513-4539-8890-a713b913c3b2','2023-04-02 22:57:50.640000','8802fbb9-c46d-482e-93b6-c83ec3be61b8',24,4,'@asdf'),(14,'2023-04-02 22:57:54.960000','8802fbb9-c46d-482e-93b6-c83ec3be61b8','0d634a5b-85bd-43f5-8fc8-de0798014ad3','2023-04-02 22:57:54.960000','8802fbb9-c46d-482e-93b6-c83ec3be61b8',24,5,'@asd'),(16,'2023-04-02 22:58:03.734000','8802fbb9-c46d-482e-93b6-c83ec3be61b8','8e5a9403-7cdd-4442-bbbf-537f7a0e673b','2023-04-02 22:58:03.734000','8802fbb9-c46d-482e-93b6-c83ec3be61b8',24,7,'@asfa'),(17,'2023-04-02 22:58:10.338000','8802fbb9-c46d-482e-93b6-c83ec3be61b8','7309f35e-8d4d-4dae-a3b1-ab4b0b0fd18c','2023-04-02 22:58:10.338000','8802fbb9-c46d-482e-93b6-c83ec3be61b8',24,8,'@asdas'),(18,'2023-04-03 19:32:31.540000','8802fbb9-c46d-482e-93b6-c83ec3be61b8','33c5596a-79a7-41b6-bf25-e643411d104b','2023-04-03 19:32:31.540000','8802fbb9-c46d-482e-93b6-c83ec3be61b8',24,6,'sddsaddsa'),(19,'2023-04-04 16:20:46.569000','8802fbb9-c46d-482e-93b6-c83ec3be61b8','2467495d-9455-42c8-b056-a7def96035ac','2023-04-04 16:20:46.569000','8802fbb9-c46d-482e-93b6-c83ec3be61b8',24,2,'gfdgfd'),(20,'2023-04-06 01:15:10.206000','b54b3b83-6996-40f3-9c56-00f9f3c2d035','da4b376f-f2d2-4611-b206-3e43b7400182','2023-04-06 01:15:10.206000','b54b3b83-6996-40f3-9c56-00f9f3c2d035',92,1,'some-account'),(24,'2023-04-07 19:37:10.072000','8802fbb9-c46d-482e-93b6-c83ec3be61b8','33b60d4a-16fc-4764-be77-9ba53d0f32ea','2023-04-07 19:37:10.072000','8802fbb9-c46d-482e-93b6-c83ec3be61b8',24,1,'czxcxc'),(26,'2023-04-08 21:49:36.434000','8802fbb9-c46d-482e-93b6-c83ec3be61b8','456a6400-7b87-4ea9-ab7b-b11619566edd','2023-04-08 21:49:36.434000','8802fbb9-c46d-482e-93b6-c83ec3be61b8',24,9,'ddsdsd');
/*!40000 ALTER TABLE `member_social_media` ENABLE KEYS */;
UNLOCK TABLES;

--
-- Table structure for table `person`
--

DROP TABLE IF EXISTS `person`;
/*!40101 SET @saved_cs_client     = @@character_set_client */;
/*!50503 SET character_set_client = utf8mb4 */;
CREATE TABLE `person` (
  `id` int NOT NULL AUTO_INCREMENT,
  `system_id` varchar(255) DEFAULT NULL,
  `user_system_id` varchar(255) DEFAULT NULL,
  `name` varchar(255) DEFAULT NULL,
  `gender` varchar(255) DEFAULT NULL,
  `mobile_number` varchar(255) DEFAULT NULL,
  `country_id` bigint DEFAULT NULL,
  `national_id` varchar(255) DEFAULT NULL,
  `national_id_file` varchar(255) DEFAULT NULL,
  `email` varchar(255) DEFAULT NULL,
  `birth_date` date DEFAULT NULL,
  `entity_type` varchar(255) NOT NULL,
  `created_at` timestamp NOT NULL,
  `updated_at` timestamp NULL DEFAULT NULL,
  `created_by_system_id` varchar(255) DEFAULT NULL,
  `updated_by_system_id` varchar(255) DEFAULT NULL,
  `country_code` varchar(255) DEFAULT NULL,
  `code` varchar(255) DEFAULT NULL,
  `cover_photo` varchar(255) DEFAULT NULL,
  `blocked_at` bigint DEFAULT NULL,
  `blocked_By` varchar(255) DEFAULT NULL,
  `is_blocked` tinyint(1) DEFAULT '0',
  `block_reason` text,
  PRIMARY KEY (`id`),
  UNIQUE KEY `system_id` (`system_id`),
  UNIQUE KEY `code` (`code`),
  KEY `fk_country_id_person` (`country_id`),
  KEY `idx_person_user_id` (`user_system_id`),
  CONSTRAINT `fk_country_id_person` FOREIGN KEY (`country_id`) REFERENCES `country` (`id`)
) ENGINE=InnoDB AUTO_INCREMENT=1001 DEFAULT CHARSET=utf8mb4 COLLATE=utf8mb4_0900_ai_ci;
/*!40101 SET character_set_client = @saved_cs_client */;

--
-- Dumping data for table `person`
--

LOCK TABLES `person` WRITE;
/*!40000 ALTER TABLE `person` DISABLE KEYS */;
INSERT INTO `person` VALUES (1,'123','208f9865-a20b-453b-8831-1b881ca95f98','Bassem',NULL,'23232',2,'1','1','dklsaflk@glkal.com','2023-03-29','CLUB_OWNER','2023-03-14 16:53:37','2023-03-17 16:53:29',NULL,NULL,NULL,'CBO_15052831',NULL,NULL,NULL,0,NULL),(3,'54be2162-54bc-4744-9d90-0ad492bf5472','894993d4-c4d8-4aa4-8abe-0739776005f3','Mohamed Ossama','MALE','556987412',168,'123596665478','esports/2c5b4bd1-9129-4be8-bcdf-64634daa6703__avatar.jpg','moossama@yandex.com',NULL,'CLUB_OWNER','2023-02-14 14:53:05','2023-02-14 14:53:05','b54b3b83-6996-40f3-9c56-00f9f3c2d035','b54b3b83-6996-40f3-9c56-00f9f3c2d035','+966','CBO_92036211',NULL,NULL,NULL,0,NULL),(6,'139db7a3-5686-4afe-8f2f-edd32f9947e8','00b2b870-6a88-4988-94bc-137d1ef0b3c2','dtcfyvguhbjhiug','MALE','565278833',8,'345654323','esports/be6a772a-f736-4fec-87b5-7083142b134b__jpg.jpg','wnwdco51cc@klovenode.com',NULL,'CLUB_OWNER','2023-02-14 22:07:09','2023-02-14 22:07:09','b54b3b83-6996-40f3-9c56-00f9f3c2d035','b54b3b83-6996-40f3-9c56-00f9f3c2d035','+966','CBO_45022567',NULL,NULL,NULL,0,NULL),(7,'66150959-6259-41cb-a788-ff810cb620f1','6a8b2ad3-5b17-464d-b743-9b7edb79e319','fghjijhb','MALE','577543445',203,'456876','esports/aeb70913-8b24-44bb-8608-9e4324124eb7__jpg.jpg','dtifg1lkqd@klovenode.com',NULL,'CLUB_OWNER','2023-02-14 21:00:50','2023-02-14 21:00:50','b54b3b83-6996-40f3-9c56-00f9f3c2d035','b54b3b83-6996-40f3-9c56-00f9f3c2d035','+966','CBO_29004202',NULL,NULL,NULL,0,NULL),(8,'29b3c2a5-7e29-4252-af29-2bbeceb23b4f','61272877-adbc-4a54-abf2-dcb5a9dba285','club license','MALE','543211233',168,'432324','esports/40620553-77ca-4270-9160-1f2c58b2ad71__avatar.jpg','disapot464@otanhome.com',NULL,'CLUB_OWNER','2023-02-19 18:32:59','2023-02-19 18:32:59','b54b3b83-6996-40f3-9c56-00f9f3c2d035','b54b3b83-6996-40f3-9c56-00f9f3c2d035','+966','CBO_89953316',NULL,NULL,NULL,0,NULL),(9,'5000946e-257a-4c11-b85f-fdb8b4b646ae','411848ba-f128-4961-9a9a-37aa4d88cba4','Mahmoud Aboelsoud','MALE','567876553',3,'34444','esports/bb5e2147-099e-4d42-9f2a-9e05933ae51e__jpg.jpg','mahmoud.aboelsoud.p@gmail.com',NULL,'CLUB_OWNER','2023-02-19 19:30:49','2023-02-19 19:30:49','b54b3b83-6996-40f3-9c56-00f9f3c2d035','b54b3b83-6996-40f3-9c56-00f9f3c2d035','+966','CBO_82753974',NULL,NULL,NULL,0,NULL),(11,'92e2ecd7-0ba4-4b91-a1d4-7dc5cfbc1582','6c3d7d80-9011-49db-b758-a5eec9f86bb3','Shousha','MALE','568997654',4,'2345676','esports/bf379221-ba84-4827-9e22-518598596726__jpg.jpg','mahmoudaboelsoud.p@gmail.com',NULL,'CLUB_OWNER','2023-02-20 12:13:41','2023-02-20 12:13:41','b54b3b83-6996-40f3-9c56-00f9f3c2d035','b54b3b83-6996-40f3-9c56-00f9f3c2d035','+966','CBO_43909928',NULL,NULL,NULL,0,NULL),(12,'e05eb8a0-1921-46bf-bcdd-40cca391c66e','6521c83d-4a55-4c27-8319-045b4b63811b','Club Owner License','MALE','565433445',168,'343243324','esports/28116a11-a63a-4a85-a375-404d61d35dd8__avatar.jpg','dsjfds@club.com',NULL,'CLUB_OWNER','2023-02-20 12:17:33','2023-02-20 12:17:33','b54b3b83-6996-40f3-9c56-00f9f3c2d035','b54b3b83-6996-40f3-9c56-00f9f3c2d035','+966','CBO_51287719',NULL,NULL,NULL,0,NULL),(13,'2508b2f4-3fe4-4b2e-9036-c4ef36a0cc4e','ca66a676-a8dd-49f8-b07f-72576e17c52a','GGG','MALE','563322222',4,'123432','esports/145a44ca-88a2-4c8c-973b-bd88fab58a66__jpg.jpg','mahmoud.abo.elsoud.p@gmail.com',NULL,'CLUB_OWNER','2023-02-20 16:11:04','2023-02-20 16:11:04','b54b3b83-6996-40f3-9c56-00f9f3c2d035','b54b3b83-6996-40f3-9c56-00f9f3c2d035','+966','CBO_24708816',NULL,NULL,NULL,0,NULL),(14,'6f22f3de-ff58-477e-9c56-66effca2ec8d','a434519d-75d1-401a-93c3-bcd7a7dfdf6e','Mahmoud','MALE','562222222',203,'12345543','esports/2f1dd9f4-f885-4e38-8905-3874bef4c92a__jpg.jpg','mahmoud.abo.e.lsoud.p@gmail.com',NULL,'CLUB_OWNER','2023-02-20 16:37:51','2023-02-20 16:37:51','b54b3b83-6996-40f3-9c56-00f9f3c2d035','b54b3b83-6996-40f3-9c56-00f9f3c2d035','+966','CBO_49680925',NULL,NULL,NULL,0,NULL),(15,'e291c4f7-8bcf-4a8a-9625-a8b5874c0e71','3ea9eb33-322e-4f99-9b83-e667e90f115b','ahmm','MALE','554755401',168,NULL,NULL,'ahmm@mailinator.com','2023-02-13','PLAYER','2023-02-22 16:29:35','2023-02-22 16:29:35',NULL,NULL,'+966','PLY_59595895',NULL,1681211528172,'ahmed',0,'mmmm'),(16,'a40cf382-69d8-446d-b751-d836fdbff4b0','f38cf71b-5274-4304-96d9-8602dd5414d8','waseem','MALE','1273499017',57,'1234567','esports/9385fb0e-e35b-4139-983e-df17c01580a1__icon_x512.png','waseem@test.tes',NULL,'CLUB_OWNER','2023-02-26 18:45:38','2023-02-26 18:45:38','b54b3b83-6996-40f3-9c56-00f9f3c2d035','b54b3b83-6996-40f3-9c56-00f9f3c2d035','+20','CBO_74278180',NULL,NULL,NULL,0,NULL),(17,'467b2cf9-e755-499c-9647-399205c92aa3','22c66b9d-14e2-404f-80d3-c3c38c57e1f6','riadh bel haj salah','MALE','534444521',195,'43243243443','esports/6d3d4a0d-607a-4ab4-93ac-f62ef77ca6a3__riadh-avatar2.png','riadh_bel_hadj2004@hotmail.com',NULL,'CLUB_OWNER','2023-02-26 16:31:31','2023-02-26 16:31:31','b54b3b83-6996-40f3-9c56-00f9f3c2d035','b54b3b83-6996-40f3-9c56-00f9f3c2d035','+966','CBO_32348130',NULL,NULL,NULL,0,NULL),(18,'66cdd73f-3040-47b1-884a-5d3b9500af08','e0b82c13-fc84-4715-ab6e-bd909e318ecc','fXAxnQdxdvseKCWBZUml','MALE','1019992512',58,'192060304','file00007244','LVRWJ@clubowner.com',NULL,'CLUB_OWNER','2023-02-22 10:25:15','2023-02-22 10:25:15','b54b3b83-6996-40f3-9c56-00f9f3c2d035','b54b3b83-6996-40f3-9c56-00f9f3c2d035','+20','CBO_18906114',NULL,NULL,NULL,0,NULL),(19,'aba9467b-c9a4-45a8-a69f-9207117d14e5','62d0795d-1065-4b3b-89ed-df92156d856d','djbhdhdnjdjn','MALE','562876553',4,'2345678','esports/4ff7bf40-5dee-481d-80f3-02c12b8213a4__jpg.jpg','djdhjds@djnsdudo.com',NULL,'CLUB_OWNER','2023-02-14 22:05:25','2023-02-14 22:05:25','b54b3b83-6996-40f3-9c56-00f9f3c2d035','b54b3b83-6996-40f3-9c56-00f9f3c2d035','+966','CBO_77486183',NULL,NULL,NULL,0,NULL),(20,'3c6bdfc2-3640-4d88-a37f-64a5885f02e7','c24a6bab-8ff3-4bc8-99cb-47be3016adbb','waseem','MALE','1234567890',57,NULL,NULL,'waseem@test.test','2023-03-16','PLAYER','2023-03-01 17:21:35','2023-03-01 17:21:35',NULL,NULL,'+20','PLY_19020914',NULL,NULL,NULL,0,NULL),(22,'6f9b9624-cb61-43e1-91d5-0c93da2ae8b1','143960ef-65f9-4eb8-9906-b12d3535f2e1','dsafsafasdff','MALE','359756488',2,'4241421423','esports/e77e4430-e984-418f-b4a7-3c0874a94fa3__Screeshot 2023-04-07 at 00.25.48.png','newclubows@mailinator.com',NULL,'CLUB_OWNER','2023-03-02 10:20:14','2023-03-02 10:20:14','31e22205-c789-4581-8e3c-5d013cbc07ae','31e22205-c789-4581-8e3c-5d013cbc07ae','+1684','CBO_50712576',NULL,NULL,NULL,0,NULL),(23,'2f9ac89b-aaeb-4ff8-848d-af8f0dc3db14','fff3d6d5-c649-4155-a52a-5db5c77b1a24','ahmdmah','MALE','554755602',168,'321312','esports/a7d60e05-486d-407f-8021-b12a4e389f25__Screenshot from 2023-01-01 10-31-02.png','ahmedfadel1595@gmail.com',NULL,'CLUB_OWNER','2023-03-06 00:57:32','2023-03-06 00:57:32','b54b3b83-6996-40f3-9c56-00f9f3c2d035','b54b3b83-6996-40f3-9c56-00f9f3c2d035','+966','CBO_11104333',NULL,NULL,NULL,0,NULL),(24,'479eeeb2-ecb3-4452-ac2c-4e573bbe81eb','8802fbb9-c46d-482e-93b6-c83ec3be61b8','riadh bel haj salah','MALE','532555555',2,NULL,NULL,'riadhplayer@riadh.com','2000-06-26','PLAYER','2023-03-06 13:52:53','2023-03-06 13:52:53',NULL,NULL,'+966','PLY_86316892',NULL,NULL,NULL,0,NULL),(25,'c3308229-e9a2-448f-8975-f2bc1bae3c57','560d2d90-16ce-4fa3-b9e3-ed8c0914bc5c','riadh','MALE','532773333',2,NULL,NULL,'riadhhost@riadh.com',NULL,'HOST','2023-03-06 14:00:46','2023-03-06 14:00:46',NULL,NULL,'+966','HST_29324202',NULL,NULL,NULL,0,NULL),(26,'e7108718-562a-490f-8cc3-6315bb5bfc51','47438aa2-1877-4545-bff8-8a108f23d804','Mohamed Elshaboury','MALE','1019992516',57,NULL,NULL,'mohamed.elshaboury@eg.fillflix.com','2023-03-07','PLAYER','2023-03-07 12:03:09','2023-03-07 12:03:09',NULL,NULL,'+20','PLY_94521719',NULL,NULL,NULL,0,NULL),(27,'12d134dc-6134-41ea-bd81-14a90ecb8cb9','a94d35b4-1045-471b-892e-63d999cc214a','Mohamed Elshaboury','MALE','1019992514',57,NULL,NULL,'mohamed.elshabour@eg.fillflix.com','2021-09-01','PLAYER','2023-03-07 12:06:25','2023-03-07 12:06:25',NULL,NULL,'+20','PLY_23657922',NULL,NULL,NULL,0,NULL),(28,'b53c6be4-9e07-41ba-9a4a-7c86b02902bf','07c2fb8b-531e-4f63-bde1-aad62d40f8b3','Mohamed Elshaboury','MALE','1019992515',203,NULL,NULL,'mohamed.3elshaboury@eg.fillflix.com',NULL,'PLAYER','2023-03-07 12:15:50','2023-03-07 12:15:50',NULL,NULL,'+20','PLY_94724456',NULL,1681211342252,'ahmed',0,'nnnnnnnnnnnnn'),(29,'e4a76fbd-c0a8-440a-8de5-fd02fd2e9c54','5d6fa381-06f3-41a6-b1fa-29196f0cb20a','Mohamed Elshaboury','MALE','1019992513',203,NULL,NULL,'mohamed.elshaboury3@eg.fillflix.com',NULL,'PLAYER','2023-03-07 16:33:45','2023-03-07 16:33:45',NULL,NULL,'+20','PLY_32648518',NULL,1681211374973,'ahmed',1,'nnnnnn'),(30,'ad2127d5-c85f-4744-9490-817265c2e909','769d3a5b-19a8-4c8a-8650-0f0effb8388f','Khalid','MALE','533951179',57,NULL,NULL,'khesayed@gmail.com','2023-03-01','PLAYER','2023-03-12 21:49:53','2023-03-12 21:49:53',NULL,NULL,'+966','PLY_49069225',NULL,NULL,NULL,0,NULL),(31,'c29f35f5-aff3-4adb-9ec7-7dd024c99bd9','8c7e5802-b8ad-43db-98c6-92b2084e283a','Sami','MALE','564444444',3,NULL,NULL,'mahmoud.aboelsou.d.p@gmail.com','2023-03-09','PLAYER','2023-03-12 22:20:56','2023-03-12 22:20:56',NULL,NULL,'+966','PLY_47400576',NULL,NULL,NULL,0,NULL),(32,'e62e1db9-a038-41fd-a00f-420678f897b4','e762e071-b59e-4f6b-9f8d-3f62c6e66615','Test Mailinator','MALE','577889632',57,NULL,NULL,'testossama12@mailinator.com','2023-03-01','PLAYER','2023-03-16 14:41:00','2023-03-16 14:41:00',NULL,NULL,'+966','PLY_79795207',NULL,1681211152468,'ahmed',0,'mmmmmmm'),(33,'d5a3a306-2365-4f38-b0b4-50633acdf6a9','c58814a1-27cb-4a3a-a1d7-f28ec4e3fe68','coach nour','MALE','1091691052',57,NULL,NULL,'coach_nour@mailinator.com','2023-03-01','COACH','2023-03-16 15:01:57','2023-03-16 15:01:57',NULL,NULL,'+20','COH_65705593',NULL,NULL,NULL,0,NULL),(34,'b467ff68-a3bc-404a-bac5-ea0a7839fe59','1a46c7ea-f7cb-43ec-adf7-fa7465495ce6','ahmedfadell','MALE','554755622',168,NULL,NULL,'ahmedfadell@mailinator.com','2023-03-06','COACH','2023-03-16 15:45:14','2023-03-16 15:45:14',NULL,NULL,'+966','COH_76370214',NULL,NULL,NULL,0,NULL),(35,'783e22ed-f6e1-48b5-8348-c78f9bde3565','088ea835-6d47-45da-baf4-79548e9ae3b2','nour coachh','MALE','1091685685',57,NULL,NULL,'nour_coachh@mailinator.com','2023-03-01','COACH','2023-03-16 15:52:23','2023-03-16 15:52:23',NULL,NULL,'+20','COH_84734297',NULL,NULL,NULL,0,NULL),(36,'1aba89df-fd75-436b-bb58-48ec47ad9c8e','2e7329cd-0e1c-42d7-ac3a-9a9033b50d15','kareem team','MALE','555555555',57,NULL,NULL,'kareemteam@gmail.com','1993-09-13','TEAM_MANAGER','2023-03-16 16:22:34','2023-03-16 16:22:34',NULL,NULL,'+966','TMM_28601348',NULL,NULL,NULL,0,NULL),(37,'ebc91dd4-cbee-4890-a478-f456e8233348','6fc89443-3bc5-4e03-9de5-e69e5394c90f','riadh','MALE','566666556',2,NULL,NULL,'riadhplayer2@riadh.com','2023-03-01','PLAYER','2023-03-16 17:53:55','2023-03-16 17:53:55',NULL,NULL,'+966','PLY_66774310',NULL,NULL,NULL,0,NULL),(38,'0d146462-3d31-4935-8fb2-eb8ceea2dac0','d9c76d9a-1fb3-46c6-9d1f-f2d00864825f','Player One','MALE','543433454',2,NULL,NULL,'player@player.com',NULL,'PLAYER','2023-03-16 18:01:02','2023-03-16 18:01:02',NULL,NULL,'+966','PLY_84485932',NULL,NULL,NULL,0,NULL),(39,'71a30907-1b7a-419d-8149-65539fe023f8','1d35d2f7-9006-4f09-9eaa-93a20282a050','CZj rEc','MALE','1019992519',2,NULL,NULL,'nIe@player.com',NULL,'PLAYER','2023-03-16 19:16:59','2023-03-16 19:16:59',NULL,NULL,'+20','PLY_32106734',NULL,NULL,NULL,0,NULL),(42,'a0cd7c5c-81f1-443e-ba14-a1544f674da8','995586bb-81d1-4490-a8ec-936555f6f3c4','ZEyFnXSAcNNSFMUzrdtk','MALE','1019992115',58,'197562697','file00007244','rSpED@mailinator.com',NULL,'CLUB_OWNER','2023-03-16 19:31:34','2023-03-16 19:31:34','b54b3b83-6996-40f3-9c56-00f9f3c2d035','b54b3b83-6996-40f3-9c56-00f9f3c2d035','+20','CBO_73383940',NULL,NULL,NULL,0,NULL),(43,'e2e5b85a-93b3-42b7-a681-91a8655282bc','bbc8fc36-79e9-4cc8-926d-7fa1ff23168c','player new','MALE','566652222',3,NULL,NULL,'player222@player.com','2023-03-14','PLAYER','2023-03-17 22:50:51','2023-03-17 22:50:51',NULL,NULL,'+966','PLY_77075876',NULL,NULL,NULL,0,NULL),(44,'aeb102f1-57e9-4653-9236-af9fa65e327f','142be2c6-39cf-44f6-a655-8762eb73da05','ayman','MALE','568586579',32,NULL,NULL,'m.ossama.ahmed@outlook.com','2023-03-18','PLAYER','2023-03-18 21:23:45','2023-03-18 21:23:45',NULL,NULL,'+966','PLY_99059184',NULL,NULL,NULL,0,NULL),(45,'de58e103-cd42-42af-babb-0d78fa7c3d0d','a0d668c5-3e54-4eca-af6f-e28e26d6e1f2','ayman test','MALE','568676876',203,NULL,NULL,'ayman@mailinator.com','2023-03-18','PLAYER','2023-03-18 21:30:21','2023-03-18 21:30:21',NULL,NULL,'+966','PLY_74068293',NULL,NULL,NULL,0,NULL),(46,'012fbad3-a67d-48c9-bc63-33412567a732','5266af14-cf5c-4a59-ace4-9604a9baf538','ayman ali','MALE','1115208469',57,NULL,NULL,'ayman2@mailinator.com','1992-05-01','PLAYER','2023-03-18 21:56:41','2023-03-18 21:56:41',NULL,NULL,'+20','PLY_63163918',NULL,NULL,NULL,0,NULL),(47,'a9e60162-211d-4876-ad6f-31a5630eb965','4b63dc66-1d45-4442-b37e-fc648418d113','ayman','MALE','567676784',203,NULL,NULL,'ayman.moh@fasfiasf.com','2023-03-18','PLAYER','2023-03-18 22:58:42','2023-03-18 22:58:42',NULL,NULL,'+966','PLY_83614712',NULL,NULL,NULL,0,NULL),(48,'84f52358-00d4-4836-bb20-ff61ea8102e4','cf465d7e-2823-4af0-82d0-56192034fa14','ayman','MALE','1115208468',4,NULL,NULL,'ayman3@mailinator.com','2023-03-16','PLAYER','2023-03-18 23:04:31','2023-03-18 23:04:31',NULL,NULL,'+20','PLY_38581809',NULL,NULL,NULL,0,NULL),(49,'fd3d65ee-1a02-47ae-bfdb-076133802f20','2c5109ff-12ba-411a-8fb7-077a9ddc5983','afaisjfiajsf','MALE','587248324',32,NULL,NULL,'ayman63@mailinator.com','2023-03-07','CONTENT_CREATOR','2023-03-18 23:39:38','2023-03-18 23:39:38',NULL,NULL,'+966','CTC_50816969',NULL,NULL,NULL,0,NULL),(50,'5aacf8de-2e0c-472f-b3c7-0495c5fb11ae','3d6f3253-d2a6-436d-ad8b-62f55ecd396a','jjjjjjjjhujj','MALE','564899435',4,'444448','esports/2a4da3f0-44c6-4499-9ad5-956dbcc88753__jpg.jpg','yyyyyyyyyyuuuuuuuuuuuuu@dsdsd.com',NULL,'CLUB_OWNER','2023-03-21 18:19:23','2023-03-21 18:19:23','b54b3b83-6996-40f3-9c56-00f9f3c2d035','b54b3b83-6996-40f3-9c56-00f9f3c2d035','+966','CBO_53606703',NULL,NULL,NULL,0,NULL),(51,'ef8c8e2c-36b4-4983-adaf-531cb09d43ed','de831dc7-c021-42a1-8852-50061a559a9a','MOHAMED Ossama','MALE','548312921',57,'324324','esports/5050f67c-7f81-42c9-9b15-62dd1214f1cd__Screenshot from 2023-03-16 01-59-27.png','mmmms@gmail.com',NULL,'CLUB_OWNER','2023-03-22 12:37:04','2023-03-22 12:37:04','b54b3b83-6996-40f3-9c56-00f9f3c2d035','b54b3b83-6996-40f3-9c56-00f9f3c2d035','+966','CBO_37881701',NULL,NULL,NULL,0,NULL),(52,'ee18df8b-7fa9-42a8-8622-0ba12e954267','da1e8260-340e-4188-803e-7fbc0c278941','Club owner','MALE','545454454',57,'4324324','esports/6a4c5c50-ac39-43f2-9ec1-7055a8ddbfc8__Screenshot from 2023-03-16 01-59-27.png','clubowner@gmail.com',NULL,'CLUB_OWNER','2023-03-22 13:23:11','2023-03-22 13:23:11','b54b3b83-6996-40f3-9c56-00f9f3c2d035','b54b3b83-6996-40f3-9c56-00f9f3c2d035','+966','CBO_18588397',NULL,NULL,NULL,0,NULL),(53,'7a64d9a7-fbf9-4540-8a0d-4fa6e1cba50a','ad2bd7f8-a9d2-4a62-9be9-484e7eb53283','osamaaa','MALE','554755999',168,'1232','esports/d043c657-104a-461d-8369-257cde6b895d__Screenshot from 2022-10-05 13-37-15.png','osamaaa@mailinator.com',NULL,'CLUB_OWNER','2023-03-22 14:08:17','2023-03-22 14:08:17','b54b3b83-6996-40f3-9c56-00f9f3c2d035','b54b3b83-6996-40f3-9c56-00f9f3c2d035','+966',NULL,NULL,NULL,NULL,0,NULL),(54,'1aee3385-64c8-48e7-b7e7-29cf206ae788','96b95bcc-5caa-44e1-ab76-d76e0082d872','mmm','MALE','534123121',2,'213','esports/f257bce0-1769-4b66-8043-7c0e0c89a168__pubg.png','mm@mm.com',NULL,'CLUB_OWNER','2023-03-28 02:49:08','2023-03-28 02:49:08','b54b3b83-6996-40f3-9c56-00f9f3c2d035','b54b3b83-6996-40f3-9c56-00f9f3c2d035','+966',NULL,NULL,NULL,NULL,0,NULL),(55,'fb3112c5-9f2c-42fd-9954-fb23625ea626','07602d67-18c3-4d28-96da-a6500be37ddc','Club owner test','MALE','546987519',168,'4324234','esports/57366935-d31f-4188-9583-65a35a55ee27__Screenshot from 2023-03-29 11-35-10.png','ossama1000@mailiantor.com',NULL,'CLUB_OWNER','2023-03-30 17:01:02','2023-03-30 17:01:02','b54b3b83-6996-40f3-9c56-00f9f3c2d035','b54b3b83-6996-40f3-9c56-00f9f3c2d035','+966',NULL,NULL,NULL,NULL,0,NULL),(56,'ecaffec8-0b66-4187-977e-f0c5af9bf227','060fd4ec-3583-4cc8-ada3-dfb8e39e3d41','Mohamed Osasama','MALE','543221234',2,NULL,NULL,'osss@mailinator.com',NULL,'PLAYER','2023-03-20 11:55:02','2023-03-20 11:55:02',NULL,NULL,'+966','PLY_79767411',NULL,NULL,NULL,0,NULL),(57,'d0b4a658-afe2-438f-b6ea-96feab06581f','16e6a48e-b8ce-47eb-aad7-8642a2b21b14','Mo Ossama','MALE','566632144',57,'13132145666','esports/93b866ea-e156-46c8-8d9c-1a472973e0c3__Screenshot from 2023-03-16 01-59-27.png','ossamamo@mailinator.com',NULL,'CLUB_OWNER','2023-03-30 17:23:45','2023-03-30 17:23:45','b54b3b83-6996-40f3-9c56-00f9f3c2d035','b54b3b83-6996-40f3-9c56-00f9f3c2d035','+966',NULL,NULL,NULL,NULL,0,NULL),(58,'f89a90e9-7114-4153-a8ab-5e71dcd9c6e4','258ba758-4ca9-494b-93d1-0e60a9a66fb2','Mohamed Ossama','MALE','545456377',168,'4324322','esports/2f88c42a-4d42-48ea-8bfa-6faa52fb834d__Screenshot from 2023-03-16 01-59-27.png','mossama3008@mailinator.com',NULL,'CLUB_OWNER','2023-03-30 23:17:15','2023-03-30 23:17:15','b54b3b83-6996-40f3-9c56-00f9f3c2d035','b54b3b83-6996-40f3-9c56-00f9f3c2d035','+966',NULL,NULL,NULL,NULL,0,NULL),(59,'becf2806-533e-4f5c-b9ed-cc870f874277','a9b9098e-dda9-4220-9624-aebf6efa9188','Ossama ahmed','MALE','544433322',168,'5435453433','esports/a69edff3-6dca-4fba-92f6-be29fc8f3197__Screenshot from 2023-03-16 01-59-27.png','ossama8@mailinator.com',NULL,'CLUB_OWNER','2023-03-31 01:14:00','2023-03-31 01:14:00','b54b3b83-6996-40f3-9c56-00f9f3c2d035','b54b3b83-6996-40f3-9c56-00f9f3c2d035','+966',NULL,NULL,NULL,NULL,0,NULL),(60,'1baad85f-4afd-48d3-84c5-2db31d09d771','caaf9f97-ff66-4ff9-b76a-fd2fe6a232a5','Ossama','MALE','554443322',168,'324322222','esports/cdf6bf5e-19ca-4058-bcfc-7ccfd3b53b13__Screenshot from 2023-03-16 01-59-27.png','ossama123@mailinator.com',NULL,'CLUB_OWNER','2023-03-31 01:36:37','2023-03-31 01:36:37','b54b3b83-6996-40f3-9c56-00f9f3c2d035','b54b3b83-6996-40f3-9c56-00f9f3c2d035','+966',NULL,NULL,NULL,NULL,0,NULL),(61,'ab5e2e99-626b-4ff1-94ad-aa5821454eee','4afac80d-7d3e-492b-ba93-afcb63b7a90b','Mohamed Ossama','MALE','554443332',168,'338882228','esports/2eb958f2-f13a-4551-b91f-bffaa0f73aa7__Screenshot from 2023-04-02 00-51-23.png','mossama_owner@mailinator.com',NULL,'CLUB_OWNER','2023-04-03 00:44:01','2023-04-03 00:44:01','b54b3b83-6996-40f3-9c56-00f9f3c2d035','b54b3b83-6996-40f3-9c56-00f9f3c2d035','+966',NULL,NULL,NULL,NULL,0,NULL),(62,'05a9ad43-a69f-489f-845d-babb043e947b','c9474f40-d340-4581-9738-dcd442e1a289','Mohamed Ossama','MALE','589744112',186,NULL,NULL,'m_osss5@mailinator.com','2022-12-22','PLAYER','2023-03-20 14:36:50','2023-03-20 14:36:50',NULL,NULL,'+966','PLY_77511507',NULL,NULL,NULL,0,NULL),(63,'ed3e2a60-ab80-4226-8a21-963fe9ee044d','04517f56-b984-423c-8bfb-ed44d6bfa67a','Ossama','MALE','578963214',2,NULL,NULL,'osss9@mailinator.com','1993-04-01','PLAYER','2023-03-20 14:55:24','2023-03-20 14:55:24',NULL,NULL,'+966','PLY_81877397',NULL,NULL,NULL,0,NULL),(64,'c7fd195b-d6c8-4651-a864-d5f3d856a5dc','68da8b6f-5f7d-457b-b583-20421bce6f56','Ossama','MALE','596332212',2,NULL,NULL,'osss7@mailinator.com',NULL,'PLAYER','2023-03-20 15:14:31','2023-03-20 15:14:31',NULL,NULL,'+966','PLY_76852466',NULL,NULL,NULL,0,NULL),(65,'7e238331-e582-4b17-bfd6-11bda0688670','6a943ea6-1053-46f9-99ee-8997c1e65e87','Mohamed Ossama','MALE','597314312',2,NULL,NULL,'osss8@mailinator.com',NULL,'PLAYER','2023-03-20 15:33:00','2023-03-20 15:33:00',NULL,NULL,'+966','PLY_38630142',NULL,NULL,NULL,0,NULL),(66,'1fa32f7d-c670-4267-a442-86d93270b228','c0c1702b-fe9e-4d84-b089-fb11d68ec4cd','Mohamed Ossama','MALE','596332114',2,NULL,NULL,'osss11@mailinator.com',NULL,'PLAYER','2023-03-20 15:51:20','2023-03-20 15:51:20',NULL,NULL,'+966','PLY_42593316',NULL,NULL,NULL,0,NULL),(67,'90a9fc80-ea31-48d8-b779-795869bcb8ef','7509d593-111a-439d-b1b0-2ba9a91ca11d','Ossama','MALE','503133321',2,NULL,NULL,'osss12@mailinator.com',NULL,'PLAYER','2023-03-20 16:08:42','2023-03-20 16:08:42',NULL,NULL,'+966','PLY_87076155',NULL,NULL,NULL,0,NULL),(68,'efcded4e-18e1-4d66-95ee-c96537daf5ce','e49a8b14-4788-4f03-a6ae-6b05547abebd','Coach Ossama','MALE','591918723',2,NULL,NULL,'ossama9999@mailinator.com',NULL,'COACH','2023-03-22 13:58:56','2023-03-22 13:58:56',NULL,NULL,'+966','COH_94560847',NULL,NULL,NULL,0,NULL),(69,'47e4b2ff-026c-4c69-b86e-6d63981130b6','5a4b27ec-b1c4-471c-b3d9-0c42e9aa0ef0','gggggg','MALE','564444488',203,NULL,NULL,'playerrr@mailinator.com','2023-03-08','PLAYER','2023-03-22 22:07:07','2023-03-22 22:07:07',NULL,NULL,'+966','PLY_27600831',NULL,NULL,NULL,0,NULL),(70,'efc237b7-1ef4-41f8-ac79-f045f74ef522','d161c237-d992-421c-8de9-80e40cf7c663','hhhh','MALE','564444489',3,NULL,NULL,'hhhhh@mailinator.com',NULL,'PLAYER','2023-03-22 22:10:40','2023-03-22 22:10:40',NULL,NULL,'+966','PLY_46775694',NULL,1681211424863,'ahmed',1,'aaaaaaaa'),(71,'b3f13474-f2a8-476a-b5fa-0d37f46f8249','dbb7997f-b9f7-43a9-81dd-4f9e4212a971','btmember','MALE','534366505',2,NULL,NULL,'bmember@mailinator.com','2023-03-20','PLAYER','2023-03-27 22:04:06','2023-03-27 22:04:06',NULL,NULL,'+966','PLY_51075982',NULL,NULL,NULL,0,NULL),(72,'a01ad8b0-1caf-4de1-be05-9dee26f3836d','821bfc7c-007c-491c-9b18-342a5601f92e','sdlfkalsdfka','MALE','534323232',2,NULL,NULL,'invtestm@mailinator.com','2023-03-06','PLAYER','2023-03-28 21:48:58','2023-03-28 21:48:58',NULL,NULL,'+966','PLY_69074460',NULL,NULL,NULL,0,NULL),(73,'4fb245ba-f245-43a3-90aa-1b51db67a5ec','e8075900-1b59-4427-b124-0ae139dc255b','Mohamed Ossama','MALE','544434332',2,NULL,NULL,'ossama100@mailinator.com',NULL,'PLAYER','2023-03-29 00:45:26','2023-03-29 00:45:26',NULL,NULL,'+966','PLY_11488618',NULL,NULL,NULL,0,NULL),(74,'152bbb7d-00af-4a67-966c-4bc41255a962','0ae6de6a-53e0-46ef-ad77-e62ebb967f81','test','MALE','1273489901',57,NULL,NULL,'test@test.test','2023-03-14','REFEREE','2023-03-29 16:03:41','2023-03-29 16:03:41',NULL,NULL,'+20','REF_26633500',NULL,NULL,NULL,0,NULL),(75,'4de7d2ee-cadb-450b-a546-2070d94f6dde','ee47bdba-55f5-480e-bdb6-6779b4fe616c','Mohamed Ossama Ahmed','MALE','544334443',2,NULL,NULL,'ossama200@mailinator.com',NULL,'PLAYER','2023-03-30 01:08:11','2023-03-30 01:08:11',NULL,NULL,'+966','PLY_81393864',NULL,NULL,NULL,0,NULL),(76,'728cc88b-ab6a-4524-9cf2-c600db3f6775','e310301d-42f9-48b6-819a-de3ff065cec6','ossama','MALE','544345433',2,NULL,NULL,'ossama222@mailinator.com',NULL,'PLAYER','2023-03-30 01:11:20','2023-03-30 01:11:20',NULL,NULL,'+966','PLY_79447549',NULL,NULL,NULL,0,NULL),(77,'ece0c68d-a243-4269-bf32-1cac8dbd0f87','dd240d9a-9653-486f-9799-52f3bcc5cb69','ayman','MALE','545545454',2,NULL,NULL,'ayman000@mailinator.com',NULL,'PLAYER','2023-03-30 01:19:05','2023-03-30 01:19:05',NULL,NULL,'+966','PLY_32323800',NULL,NULL,NULL,0,NULL),(78,'a4d73963-018a-4d28-9669-a6b53f348a81','1a5f0772-3275-4eca-b063-901b72d4d2c7','ayman','MALE','544333221',2,NULL,NULL,'ayman111@mailinator.com',NULL,'PLAYER','2023-03-30 01:20:56','2023-03-30 01:20:56',NULL,NULL,'+966','PLY_97711175',NULL,NULL,NULL,0,NULL),(79,'65a33f07-da91-4fdf-9da7-7b87ffc55b03','de14331d-4bb8-49d8-8e82-c6ff938d8aa5','bassem club','MALE','242434324',3,NULL,NULL,'bsclub@mailinator.com','2023-03-06','CLUB_ADMIN','2023-03-30 17:03:43','2023-03-30 17:03:43',NULL,NULL,'+213','CBA_51364566',NULL,NULL,NULL,0,NULL),(80,'87508705-e346-4b66-a16c-d1f1635772b8','e198ba86-ebfc-4288-8543-0840c2a6a5c7','Mahmoudddd','MALE','564444445',2,NULL,NULL,'mahmoudeeeeeeeee@wwa.com',NULL,'PLAYER','2023-04-02 14:03:01','2023-04-02 14:03:01',NULL,NULL,'+966','PLY_13386606',NULL,NULL,NULL,0,NULL),(83,'3c064205-05e7-46f1-934c-69f958cfd2f5','59aff161-99f5-473e-bf18-2211db82d4f0','mmmmmmm','MALE','564444439',2,NULL,NULL,'mahmoudgggggg@wwa.com',NULL,'PLAYER','2023-04-02 16:38:02','2023-04-02 16:38:02',NULL,NULL,'+966','PLY_85749833',NULL,NULL,NULL,0,NULL),(85,'8580735f-6e8e-43ad-833a-210f65cc6e15','0b52fb92-c99f-456d-83ed-0a006b53f74f','ccccccc','MALE','567383333',2,NULL,NULL,'ggggkkkk@ff.com',NULL,'PLAYER','2023-04-02 16:40:26','2023-04-02 16:40:26',NULL,NULL,'+966','PLY_12242774',NULL,NULL,NULL,0,NULL),(86,'5b1cfdd5-454b-40e5-80e1-896fcdfb9eac','2e4bc7e7-fc2d-4390-9d52-49ca52a55b9f','ayman',NULL,'556734567',2,NULL,NULL,'aymanayman@mailinator.com','2023-04-03','PLAYER','2023-04-03 12:53:52','2023-04-03 12:53:52',NULL,NULL,'+966','PLY_69419485',NULL,1681252413040,'Test admin',1,'dsdadsdasd'),(87,'30afaff3-20a1-428c-a35f-caecfc7b7a1d','682dbdff-03da-4083-9cd2-c896166792f5','mahmoud mco','MALE','567778954',203,'23456765','esports/c60cd9ef-4810-4219-baf2-bbb1aac8d4e5__jpg.jpg','mco@mco.com',NULL,'CLUB_OWNER','2023-04-04 18:28:29','2023-04-04 18:28:29','b54b3b83-6996-40f3-9c56-00f9f3c2d035','b54b3b83-6996-40f3-9c56-00f9f3c2d035','+966',NULL,NULL,NULL,NULL,0,NULL),(89,'67533449-e8ed-4184-b23a-b59a64dc342e','a4ec2190-738d-48fa-bed4-7ea82bec3757','PVbmasCBuJBGihmOnAFa','MALE','1029992512',58,'425211110','file00007244','kyuSN@mailinator.com',NULL,'CLUB_OWNER','2023-04-04 23:24:41','2023-04-04 23:24:41','b54b3b83-6996-40f3-9c56-00f9f3c2d035','b54b3b83-6996-40f3-9c56-00f9f3c2d035','+20',NULL,NULL,NULL,NULL,0,NULL),(90,'c8869139-f01d-47bf-8f16-7f8dc88b1cad','34063dc8-145a-4889-bfe6-5eff46496472','KgDBgXWuCpzLDOckftRH','MALE','1029992513',58,'881046043','file00007244','FoFOs@mailinator.com',NULL,'CLUB_OWNER','2023-04-04 23:27:18','2023-04-04 23:27:18','b54b3b83-6996-40f3-9c56-00f9f3c2d035','b54b3b83-6996-40f3-9c56-00f9f3c2d035','+20',NULL,NULL,NULL,NULL,0,NULL),(91,'5c061fe3-4bb4-43b1-a6eb-8d018ef659bf','4f02767a-594c-4e45-afaa-3f93816d5003','oVC xLq','MALE','1039992512',2,NULL,NULL,'NXE@player.com',NULL,'PLAYER','2023-04-05 00:01:07','2023-04-05 00:01:07',NULL,NULL,'+20','PLY_26744837',NULL,1681210332148,'ahmed',1,'mzagy keda'),(92,'9d58761e-b84f-4fbb-8006-b569b5acc22b','a0c4b46b-3b3c-465a-99fa-b272e4493331','hgf fxX','MALE','1039992513',2,NULL,NULL,'gCp@player.com',NULL,'PLAYER','2023-04-05 00:02:24','2023-04-05 00:02:24',NULL,NULL,'+20','PLY_65537491',NULL,1681644300790,'ahmed',0,'za'),(94,'f0de83bd-839a-40ff-84f8-436944ff2e24','0b727b5c-14a5-4148-9d24-97468ea4c2a2','asfasf','MALE','3494456455',2,'4234234','esports/aec278a4-271a-4920-b106-bf1e18f3715a__3.png','engbassedsmsalama@gmail.com',NULL,'CLUB_OWNER','2023-04-06 12:00:59','2023-04-06 12:00:59','b54b3b83-6996-40f3-9c56-00f9f3c2d035','b54b3b83-6996-40f3-9c56-00f9f3c2d035','+226',NULL,NULL,NULL,NULL,0,NULL),(97,'38f10d83-a210-4413-8a73-12f75f222435','90a53636-fbaf-4107-8e4b-f24a9cbb5390','content one','MALE','532323232',3,NULL,NULL,'clubcontent@mailinator.com','2023-04-03','CONTENT_CREATOR','2023-04-08 00:55:21','2023-04-08 00:55:21',NULL,NULL,'+966','CTC_76539249',NULL,NULL,NULL,0,NULL),(98,'b90e8523-6bd7-4990-ab23-64c478b8269f','0283849a-5a59-4bc6-a3ed-61ce69cade01','refrefad','MALE','554755543',168,NULL,NULL,'refrefad@mailinator.com','2000-01-10','REFEREE','2023-04-08 08:04:54','2023-04-08 08:04:54',NULL,NULL,'+966','REF_86487840',NULL,1681116579067,'Test admin',0,'cfsdsadfdsfdfdfd'),(99,'c86f524e-e70c-400d-af76-4ac8f91fddd4','5b4f4475-6828-455f-8520-91abff0db9e7','anafad','MALE','554755693',168,NULL,NULL,'anafad@mailinator.com','2001-05-14','ANALYST','2023-04-08 08:11:57','2023-04-08 08:11:57',NULL,NULL,'+966','ANL_15366620',NULL,1681209640577,'ahmed',0,'mmmmm'),(100,'1233333','ffc94653-8bfa-4cd4-91df-585678fe80e7','Bassem',NULL,'23232',2,'1','1','dklsaflk@glkal.com','2023-03-29','CLUB_OWNER','2023-03-14 16:53:37','2023-03-17 16:53:29',NULL,NULL,NULL,'CBO_59296888',NULL,NULL,NULL,0,NULL),(102,'659d2021-d85a-42a9-b194-932e35fe5e39','7be640d4-a3c3-4d24-87f3-ab404d08a75a','refreee','MALE','554755631',168,NULL,NULL,'refreee@mailinator.com','2023-04-03','REFEREE','2023-04-10 12:00:48','2023-04-10 12:00:48',NULL,NULL,'+966','REF_94434797',NULL,1681117983441,'Test admin',1,'cfsdsadfdsfdfdfd'),(103,'103','3215beac-d5f4-409c-982d-fe4a3e673958','test',NULL,'23232',2,'1','1','dklsaflk@glkal.com','2023-03-29','CLUB_OWNER','2023-03-14 16:53:37','2023-03-17 16:53:29',NULL,NULL,NULL,'CBO_50719251',NULL,NULL,NULL,0,NULL),(104,'9e0e54b9-c5dc-430d-b265-3adef29bdaa3','c20247ca-3ac9-4235-8198-54e0cf76d8e2','castt','MALE','553255602',168,NULL,NULL,'castt@mailinator.com','2023-04-12','CASTER','2023-04-12 07:19:40','2023-04-12 07:19:40',NULL,NULL,'+966','CST_09715645',NULL,NULL,NULL,0,NULL),(105,'002fe5fb-9300-4866-be2d-2cb63e1581ad','6ba47d2e-3133-4726-94ef-f2b4c535b8a9','ayman',NULL,'566473444',2,NULL,NULL,'ayman31@mailinator.com',NULL,'CONTENT_CREATOR','2023-04-12 14:20:12','2023-04-12 14:20:12',NULL,NULL,'+966','CTC_82569906',NULL,NULL,NULL,0,NULL),(106,'a0d8eafe-8ab5-445b-85a7-4d30d185b11b','3432f262-dbf5-4032-94a6-f2a4b6e70628','player','MALE','1234475834',57,NULL,NULL,'player@test.tes','2023-04-07','PLAYER','2023-04-12 22:50:05','2023-04-12 22:50:05',NULL,NULL,'+20','PLY_61473896',NULL,NULL,NULL,0,NULL),(107,'ec79606c-95ba-44a2-884b-15250765f15b','dd64c0d0-b97a-4b6f-b206-fcc9febd7e60','ladlkfasf','MALE','532323223',2,NULL,NULL,'invcrea@mailinator.com',NULL,'CONTENT_CREATOR','2023-04-13 20:11:12','2023-04-13 20:11:12',NULL,NULL,'+966','CTC_37416569',NULL,NULL,NULL,0,NULL),(108,'144b8ba8-ebd1-461d-8f1f-864439384533','04f729d5-f74f-4d3d-89a4-addebec9f63c','bassem',NULL,'545343457',2,NULL,NULL,NULL,'2023-04-12','CONTENT_CREATOR','2023-04-15 20:16:30','2023-04-15 20:16:30',NULL,NULL,'+966','CTC_20671241','/esports/758c8d2e-b604-45cb-a2ce-ef9942310a57__jpg.jpg',NULL,NULL,0,NULL),(109,'2986a1ed-7542-4866-9a85-ab0408a58e80','3e7273e7-2f8c-47b7-a939-bdfef443cab3','mahmoud referee',NULL,'1063306249',57,NULL,NULL,'referee@esports.com','2023-04-16','REFEREE','2023-04-16 20:56:04','2023-04-16 20:56:04',NULL,NULL,'+20','REF_92948044',NULL,NULL,NULL,0,NULL),(110,'83f49261-c2b6-4ff7-9d13-5f2f461059db','cfe5fe9a-8d98-420c-aa35-610ecb41dbd2','mahmoud developer','MALE','544233132',2,NULL,NULL,'game_deveolper@esports.com','2000-02-02','GAME_DEVELOPER','2023-04-16 21:42:47','2023-04-16 21:42:47',NULL,NULL,'+966','GMD_51172821',NULL,NULL,NULL,0,NULL),(111,'16d7d3f8-1dde-4ee7-a3ff-fa4d38fa3914','1e26e52f-7604-49ea-a5dd-3dbde438a646','tuThYOFyQBlaMbLdwuDb','MALE','1029992115',58,'456767492','file00007244','RyvNO@mailinator.com',NULL,'CLUB_OWNER','2023-04-04 23:23:09','2023-04-04 23:23:09','b54b3b83-6996-40f3-9c56-00f9f3c2d035','b54b3b83-6996-40f3-9c56-00f9f3c2d035','+20',NULL,NULL,NULL,NULL,0,NULL),(112,'20bbd593-64ac-4376-80b6-bd1247cd5d51','c7aad88b-4e17-4685-8b4d-894e55425ecf','tefaef','MALE','553454363',2,'34234','esports/899b0fef-03a7-4bc2-82aa-63800eb50730__image.png','ayman_owner@mailinator.com',NULL,'CLUB_OWNER','2023-04-04 13:01:33','2023-04-04 13:01:33','b54b3b83-6996-40f3-9c56-00f9f3c2d035','b54b3b83-6996-40f3-9c56-00f9f3c2d035','+966',NULL,NULL,NULL,NULL,0,NULL),(113,'ece26b4c-1124-4ccf-8b88-bc98935e6d54','47f36154-b6d4-42df-9d73-caafa1b1c060','asduashf','MALE','563465345',2,'123456789','esports/ad0fb184-df77-4669-9b57-092582bce944__image (1).png','aymansfas@mailinator.com',NULL,'CLUB_OWNER','2023-03-21 18:19:07','2023-03-21 18:19:07','b54b3b83-6996-40f3-9c56-00f9f3c2d035','b54b3b83-6996-40f3-9c56-00f9f3c2d035','+966',NULL,NULL,NULL,NULL,0,NULL),(114,'780d092c-c198-4838-8b2e-2e508fa2ec19','680b6d8b-c75c-4811-9989-e6d73d9a94d9','aslkdjfsalfja','MALE','532377303',2,NULL,NULL,'mailinators@mailinator.com','2023-04-17','CONTENT_CREATOR','2023-04-17 15:17:36','2023-04-17 15:17:36',NULL,NULL,'+966','CTC_47555408',NULL,NULL,NULL,0,NULL),(115,'79aa948b-7149-4d8c-8e14-78912e904b64','52513b88-aeea-4b2c-add1-07b9a54f7340','riadh club admin','MALE','532743333',2,NULL,NULL,'riadhclubadmin@riadh.com',NULL,'CLUB_ADMIN','2023-04-17 16:38:53','2023-04-17 16:38:53',NULL,NULL,'+966','CBA_27170007',NULL,NULL,NULL,0,NULL),(116,'fc2d2c52-b64e-44d8-80f3-649caddd93cc','b94e9192-861f-4d3d-afc8-1421528258cd','alskfsf','MALE','532323233',2,NULL,NULL,'contents@mailinator.com',NULL,'CONTENT_CREATOR','2023-04-18 16:22:47','2023-04-18 16:22:47',NULL,NULL,'+966','CTC_08379989',NULL,NULL,NULL,0,NULL),(117,'187277f6-bf84-49a6-8e2c-4a6841c1128a','a3d66901-9f1b-46b6-b9d0-f904e5bb8773','lksjdflaka','MALE','534343444',2,NULL,NULL,'clubownli@mailinator.com',NULL,'CONTENT_CREATOR','2023-04-19 00:46:46','2023-04-19 00:46:46',NULL,NULL,'+966','CTC_35070327','alksdfajlsf',NULL,NULL,0,NULL),(118,'43d04fca-3f2c-49b7-b713-8edd50b4f755','362f7010-3d77-4be9-8ab0-dd053e895b8c','ayman',NULL,'566546667',2,NULL,NULL,'aymancontent@mailinator.com','2023-04-06','CONTENT_CREATOR','2023-04-19 01:35:21','2023-04-19 01:35:21',NULL,NULL,'+966','CTC_56934275','esports/918c8465-4db8-4a71-b31f-e665a4c0c551__image (1).png',NULL,NULL,0,NULL),(119,'1582b3e2-338d-4e46-9cfb-9a4fbb8d2b20','1e4707fe-1f50-460d-a8a6-a5efd224a04b','ayman mohammed',NULL,'565456757',2,NULL,NULL,'ayman00@mailinator.com','2023-04-04','CONTENT_CREATOR','2023-04-19 03:08:07','2023-04-19 03:08:07',NULL,NULL,'+966','CTC_42673490',NULL,NULL,NULL,0,NULL),(120,'d310f8f4-265a-419d-ae6d-c1c9132d3d3f','f5d32276-0c0c-4791-a274-1b1cdce7c57c','new player','MALE','532377305',2,NULL,NULL,'playernew@mailinator.com','2023-04-18','PLAYER','2023-04-19 21:37:47','2023-04-19 21:37:47',NULL,NULL,'+966','PLY_39223772',NULL,NULL,NULL,0,NULL),(121,'3ce9523f-a71e-4f08-8425-a82b7579b3b0','2e5ec101-4096-4a23-98f0-8471045b5dfe','Mahmoud club admin','MALE','567677777',NULL,NULL,NULL,'club.admin@mahmoud.com',NULL,'CLUB_ADMIN','2023-04-26 13:50:29','2023-04-26 13:50:29',NULL,NULL,'+966','CBA_09442470',NULL,NULL,NULL,0,NULL),(122,'062f7a3b-339c-4a5f-9156-60b46938260a','fee82b19-0c9f-4e6f-863d-645922b16d3f','asfasf',NULL,'555732424',NULL,NULL,NULL,'ayman0123@mailinator.com',NULL,'CONTENT_CREATOR','2023-04-26 15:27:53','2023-04-26 15:27:53',NULL,NULL,'+966','CTC_12588371',NULL,NULL,NULL,0,NULL),(123,'88c98ff1-7fb3-4dea-8646-412c89d0ac1b','fdd7b309-36ee-48b2-92b5-23682568a992','new very con','MALE','532344373',NULL,NULL,NULL,'newconc@mailinator.com',NULL,'CONTENT_CREATOR','2023-04-26 18:08:38','2023-04-26 18:08:38',NULL,NULL,'+966','CTC_10073120',NULL,NULL,NULL,0,NULL),(124,'56257610-fe8e-4880-b73c-78f03a9fb8f7','95c23e08-a240-4758-b77e-92c36463cbac','Mohamed Ossama','MALE','566699663',NULL,NULL,NULL,'ossama.admin@mailinator.com',NULL,'CLUB_ADMIN','2023-04-26 18:54:37','2023-04-26 18:54:37',NULL,NULL,'+966','CBA_97367833',NULL,NULL,NULL,0,NULL),(125,'227972f4-4ef0-4874-bb80-e78bf26653dd','cd013488-cbee-4690-9b8e-c98337b04d38','ahmed',NULL,'555464664',NULL,NULL,NULL,'newceeee@mailtothis.com',NULL,'PLAYER','2023-04-27 18:42:32','2023-04-27 18:42:32',NULL,NULL,'+966','PLY_99976158',NULL,NULL,NULL,0,NULL),(126,'3faea644-c730-4652-aa84-2161ea0ea5b7','cd2e7507-38b5-43b1-8b76-f9fe8d1730f3','mclubadmin','MALE','534322858',NULL,NULL,NULL,'cad@mailinator.com',NULL,'CLUB_ADMIN','2023-04-29 23:00:36','2023-04-29 23:00:36',NULL,NULL,'+966','CBA_60654743',NULL,NULL,NULL,0,NULL),(127,'3cc8e324-5be1-4025-922a-2a745f423fd8','cb935816-d83b-4390-ba09-72bc73e68cd6','ahmed','MALE','543324246',168,NULL,NULL,'ahmed222@mailinator.com','2000-05-01','CONTENT_CREATOR','2023-05-03 11:42:12','2023-05-03 11:42:12',NULL,NULL,'+966','CTC_17960192',NULL,NULL,NULL,0,NULL),(128,'5d60fe7d-2bb7-4ae8-88c2-758c2a5ff886','589bb9a3-155a-4120-9d4b-3efb973d0bec','Mahmoud club admin','MALE','565553333',NULL,NULL,NULL,'club.admin2@mahmoud.com',NULL,'CLUB_ADMIN','2023-05-04 11:32:49','2023-05-04 11:32:49',NULL,NULL,'+966','CBA_99508347',NULL,NULL,NULL,0,NULL),(129,'80c59b47-d16f-40e1-8309-766c6786de49','d7c46d18-a8fd-472b-a581-40c593559957','cadm','MALE','534343434',NULL,NULL,NULL,'cadm@mailinator.com','2023-05-04','CLUB_ADMIN','2023-05-05 11:16:33','2023-05-05 11:16:33',NULL,NULL,'+966','CBA_37796328',NULL,NULL,NULL,0,NULL),(130,'08d7db07-2549-4917-8c2b-e011a1874901','1eb4d3c1-b2ae-4454-9618-70538d41a139','conent cre','MALE','543477404',NULL,NULL,NULL,'content_cre@mailinator.com',NULL,'CONTENT_CREATOR','2023-05-06 12:03:36','2023-05-06 12:03:36',NULL,NULL,'+966','CTC_67064402',NULL,NULL,NULL,0,NULL),(131,'e1c0b45f-d080-4560-825f-091f2cb1ac05','3c91f85d-cd9c-432b-baaa-1f665844e960','contt cre','MALE','543466484',NULL,NULL,NULL,'content_cre1@mailinator.com',NULL,'CONTENT_CREATOR','2023-05-06 12:05:02','2023-05-06 12:05:02',NULL,NULL,'+966','CTC_77563933',NULL,NULL,NULL,0,NULL),(132,'9461e811-d515-4d49-b6b4-bfbe804d832a','6e9f2eca-bb76-4f28-998f-c26fc9b99b96','IZbbiuDtLiKQkPJotmdk','MALE','181785379',58,'619624454','file00007244','gcuSd@clubowner.com',NULL,'CLUB_OWNER','2023-05-08 14:06:57','2023-05-08 14:06:57','b54b3b83-6996-40f3-9c56-00f9f3c2d035','b54b3b83-6996-40f3-9c56-00f9f3c2d035','+20',NULL,NULL,NULL,NULL,0,NULL),(133,'7442fe71-2aba-44f2-8bb7-1ec5a7b60b14','f71465d3-e7ce-4b7a-bb21-19f979dc6bf8','dGY pcZ','MALE','120404593',NULL,NULL,NULL,'JYA1@contentcreator.com',NULL,'CONTENT_CREATOR','2023-05-08 14:18:32','2023-05-08 14:18:32',NULL,NULL,'+20','CTC_21104825',NULL,NULL,NULL,0,NULL),(134,'bdf0063a-2362-4e67-88aa-f09b30f795d2','4863072d-482d-4732-8cd9-6f3bc9f4c4b6','Bassem pllayer','MALE','532377304',3,NULL,NULL,'bplayer@mailinator.com','2023-05-08','PLAYER','2023-05-08 14:45:51','2023-05-08 14:45:51',NULL,NULL,'+966','PLY_23295342',NULL,NULL,NULL,0,NULL),(135,'37e34433-05fa-4fe6-95e1-1a27d42af28c','dd4f70be-1e35-4b6f-ba04-f9d693705131','Mahmoud','MALE','564433333',203,'454343433232','esports/52cdbb61-5995-404c-b8fb-194ed58c0004__logo.PNG','mahmoud.abo.el.soud.p@gmail.com',NULL,'CLUB_OWNER','2023-03-06 11:38:45','2023-03-06 11:38:45','b54b3b83-6996-40f3-9c56-00f9f3c2d035','b54b3b83-6996-40f3-9c56-00f9f3c2d035','+966',NULL,NULL,NULL,NULL,0,NULL),(136,'3128d12e-83ec-4d64-b97d-0543460dc8ad','94de672a-edb9-4caa-bd87-ba3a4c1bec3c','mahmoud','MALE','1010101010',2,NULL,NULL,'mahmoud@mailinator.com','2023-05-04','CLUB_ADMIN','2023-05-11 19:20:40','2023-05-11 19:20:40',NULL,NULL,'+20','CBA_04971387',NULL,NULL,NULL,0,NULL);
/*!40000 ALTER TABLE `person` ENABLE KEYS */;
UNLOCK TABLES;

--
-- Table structure for table `person_id_seq`
--

DROP TABLE IF EXISTS `person_id_seq`;
/*!40101 SET @saved_cs_client     = @@character_set_client */;
/*!50503 SET character_set_client = utf8mb4 */;
CREATE TABLE `person_id_seq` (
  `my_row_id` bigint unsigned NOT NULL AUTO_INCREMENT /*!80023 INVISIBLE */,
  `next_val` bigint DEFAULT NULL,
  PRIMARY KEY (`my_row_id`)
) ENGINE=InnoDB AUTO_INCREMENT=2 DEFAULT CHARSET=utf8mb4 COLLATE=utf8mb4_0900_ai_ci;
/*!40101 SET character_set_client = @saved_cs_client */;

--
-- Dumping data for table `person_id_seq`
--

LOCK TABLES `person_id_seq` WRITE;
/*!40000 ALTER TABLE `person_id_seq` DISABLE KEYS */;
INSERT INTO `person_id_seq` (`my_row_id`, `next_val`) VALUES (1,137);
/*!40000 ALTER TABLE `person_id_seq` ENABLE KEYS */;
UNLOCK TABLES;

--
-- Table structure for table `remainders_assginment`
--

DROP TABLE IF EXISTS `remainders_assginment`;
/*!40101 SET @saved_cs_client     = @@character_set_client */;
/*!50503 SET character_set_client = utf8mb4 */;
CREATE TABLE `remainders_assginment` (
  `id` bigint NOT NULL,
  `created_by` varchar(255) DEFAULT NULL,
  `created_date` datetime(6) DEFAULT NULL,
  `last_modified_by` varchar(255) DEFAULT NULL,
  `last_modified_date` datetime(6) DEFAULT NULL,
  `deleted` bit(1) DEFAULT NULL,
  `remainder_type` varchar(255) DEFAULT NULL,
  `status` varchar(255) DEFAULT NULL,
  `system_id` varchar(255) NOT NULL,
  `user_id` varchar(255) DEFAULT NULL,
  PRIMARY KEY (`id`)
) ENGINE=InnoDB DEFAULT CHARSET=utf8mb4 COLLATE=utf8mb4_0900_ai_ci;
/*!40101 SET character_set_client = @saved_cs_client */;

--
-- Dumping data for table `remainders_assginment`
--

LOCK TABLES `remainders_assginment` WRITE;
/*!40000 ALTER TABLE `remainders_assginment` DISABLE KEYS */;
INSERT INTO `remainders_assginment` VALUES (240725064147225856,NULL,'2023-04-06 13:40:41.615000',NULL,'2023-04-06 13:40:41.615000',_binary '\0','CR_EXPIRY',NULL,'03573a2b-a107-4d00-be74-44768300c768','d311f5e7-fa01-4acd-9516-25f74f518277'),(2646810070428830575,NULL,'2023-04-06 13:40:41.615000',NULL,'2023-04-06 13:40:41.615000',_binary '\0','CR_EXPIRY',NULL,'a4bb5bbc-53d6-4b6f-86c7-33b365f3a4fc','aa4eab36-438d-4283-a3e9-bab7370e6fbb');
/*!40000 ALTER TABLE `remainders_assginment` ENABLE KEYS */;
UNLOCK TABLES;

--
-- Table structure for table `request_history`
--

DROP TABLE IF EXISTS `request_history`;
/*!40101 SET @saved_cs_client     = @@character_set_client */;
/*!50503 SET character_set_client = utf8mb4 */;
CREATE TABLE `request_history` (
  `id` int NOT NULL,
  `request_id` int DEFAULT NULL,
  `type` varchar(255) DEFAULT NULL,
  `reassign_to` varchar(255) DEFAULT NULL,
  `details` varchar(1000) DEFAULT NULL,
  `reason` varchar(1000) DEFAULT NULL,
  `at` bigint DEFAULT NULL,
  `by` varchar(255) DEFAULT NULL,
  PRIMARY KEY (`id`)
) ENGINE=InnoDB DEFAULT CHARSET=utf8mb4 COLLATE=utf8mb4_0900_ai_ci;
/*!40101 SET character_set_client = @saved_cs_client */;

--
-- Dumping data for table `request_history`
--

LOCK TABLES `request_history` WRITE;
/*!40000 ALTER TABLE `request_history` DISABLE KEYS */;
INSERT INTO `request_history` VALUES (1,1,'REASSIGN','b54b3b83-6996-40f3-9c56-00f9f3c2d035',NULL,NULL,1676370808613,'b54b3b83-6996-40f3-9c56-00f9f3c2d035'),(4,1,'APPROVED',NULL,NULL,NULL,1676371030396,'b54b3b83-6996-40f3-9c56-00f9f3c2d035'),(5,2,'REASSIGN','b54b3b83-6996-40f3-9c56-00f9f3c2d035',NULL,NULL,1676373489198,'b54b3b83-6996-40f3-9c56-00f9f3c2d035'),(8,2,'APPROVED',NULL,NULL,NULL,1676373607163,'b54b3b83-6996-40f3-9c56-00f9f3c2d035'),(9,3,'REASSIGN','b54b3b83-6996-40f3-9c56-00f9f3c2d035',NULL,NULL,1676375745501,'b54b3b83-6996-40f3-9c56-00f9f3c2d035'),(10,3,'APPROVED',NULL,NULL,NULL,1676375751738,'b54b3b83-6996-40f3-9c56-00f9f3c2d035'),(11,4,'REASSIGN','b54b3b83-6996-40f3-9c56-00f9f3c2d035',NULL,NULL,1676397678909,'b54b3b83-6996-40f3-9c56-00f9f3c2d035'),(12,4,'APPROVED',NULL,NULL,NULL,1676397684344,'b54b3b83-6996-40f3-9c56-00f9f3c2d035'),(13,6,'REASSIGN','b54b3b83-6996-40f3-9c56-00f9f3c2d035',NULL,NULL,1676401973250,'b54b3b83-6996-40f3-9c56-00f9f3c2d035'),(14,6,'APPROVED',NULL,NULL,NULL,1676402033827,'b54b3b83-6996-40f3-9c56-00f9f3c2d035'),(15,8,'REASSIGN','b54b3b83-6996-40f3-9c56-00f9f3c2d035',NULL,NULL,1676820855973,'b54b3b83-6996-40f3-9c56-00f9f3c2d035'),(16,8,'APPROVED',NULL,NULL,NULL,1676820860552,'b54b3b83-6996-40f3-9c56-00f9f3c2d035'),(17,9,'REASSIGN','b54b3b83-6996-40f3-9c56-00f9f3c2d035',NULL,NULL,1676824329041,'b54b3b83-6996-40f3-9c56-00f9f3c2d035'),(18,9,'APPROVED',NULL,NULL,NULL,1676824333473,'b54b3b83-6996-40f3-9c56-00f9f3c2d035'),(19,13,'REASSIGN','b54b3b83-6996-40f3-9c56-00f9f3c2d035',NULL,NULL,1676884851200,'b54b3b83-6996-40f3-9c56-00f9f3c2d035'),(21,13,'APPROVED',NULL,NULL,NULL,1676884951934,'b54b3b83-6996-40f3-9c56-00f9f3c2d035'),(22,15,'REASSIGN','b54b3b83-6996-40f3-9c56-00f9f3c2d035',NULL,NULL,1676898690448,'b54b3b83-6996-40f3-9c56-00f9f3c2d035'),(23,15,'APPROVED',NULL,NULL,NULL,1676898694400,'b54b3b83-6996-40f3-9c56-00f9f3c2d035'),(24,19,'REASSIGN','b54b3b83-6996-40f3-9c56-00f9f3c2d035',NULL,NULL,1676898735380,'b54b3b83-6996-40f3-9c56-00f9f3c2d035'),(25,19,'APPROVED',NULL,NULL,NULL,1676898739148,'b54b3b83-6996-40f3-9c56-00f9f3c2d035'),(26,20,'REASSIGN','b54b3b83-6996-40f3-9c56-00f9f3c2d035',NULL,NULL,1676900347071,'b54b3b83-6996-40f3-9c56-00f9f3c2d035'),(27,20,'APPROVED',NULL,NULL,NULL,1676900352755,'b54b3b83-6996-40f3-9c56-00f9f3c2d035'),(28,23,'REASSIGN','b54b3b83-6996-40f3-9c56-00f9f3c2d035',NULL,NULL,1677255435720,'b54b3b83-6996-40f3-9c56-00f9f3c2d035'),(29,23,'REJECTED',NULL,NULL,'asd',1677255628872,'b54b3b83-6996-40f3-9c56-00f9f3c2d035'),(30,24,'REASSIGN','b54b3b83-6996-40f3-9c56-00f9f3c2d035',NULL,NULL,1677256567298,'b54b3b83-6996-40f3-9c56-00f9f3c2d035'),(31,24,'REQUIRED_ACTION',NULL,'nationalId','Invalid',1677256588590,'b54b3b83-6996-40f3-9c56-00f9f3c2d035'),(32,25,'REASSIGN','b54b3b83-6996-40f3-9c56-00f9f3c2d035',NULL,NULL,1677279145810,'b54b3b83-6996-40f3-9c56-00f9f3c2d035'),(33,25,'REQUIRED_ACTION',NULL,'countryId','notte',1677279169728,'b54b3b83-6996-40f3-9c56-00f9f3c2d035'),(34,27,'REASSIGN','b54b3b83-6996-40f3-9c56-00f9f3c2d035',NULL,NULL,1677426747386,'b54b3b83-6996-40f3-9c56-00f9f3c2d035'),(35,27,'APPROVED',NULL,NULL,NULL,1677426752484,'b54b3b83-6996-40f3-9c56-00f9f3c2d035'),(36,26,'REASSIGN','b54b3b83-6996-40f3-9c56-00f9f3c2d035',NULL,NULL,1677486374905,'b54b3b83-6996-40f3-9c56-00f9f3c2d035'),(37,26,'APPROVED',NULL,NULL,NULL,1677486378517,'b54b3b83-6996-40f3-9c56-00f9f3c2d035'),(38,21,'REASSIGN','b54b3b83-6996-40f3-9c56-00f9f3c2d035',NULL,NULL,1677491395955,'b54b3b83-6996-40f3-9c56-00f9f3c2d035'),(39,21,'APPROVED',NULL,NULL,NULL,1677491403944,'b54b3b83-6996-40f3-9c56-00f9f3c2d035'),(40,28,'REASSIGN','b54b3b83-6996-40f3-9c56-00f9f3c2d035',NULL,NULL,1677598365952,'b54b3b83-6996-40f3-9c56-00f9f3c2d035'),(41,28,'REQUIRED_ACTION',NULL,'countryId','note',1677598408637,'b54b3b83-6996-40f3-9c56-00f9f3c2d035'),(42,5,'REASSIGN','b54b3b83-6996-40f3-9c56-00f9f3c2d035',NULL,NULL,1677599475055,'b54b3b83-6996-40f3-9c56-00f9f3c2d035'),(43,5,'APPROVED',NULL,NULL,NULL,1677599480893,'b54b3b83-6996-40f3-9c56-00f9f3c2d035'),(45,31,'APPROVED',NULL,NULL,NULL,1677741768537,'31e22205-c789-4581-8e3c-5d013cbc07ae'),(46,38,'REASSIGN','b54b3b83-6996-40f3-9c56-00f9f3c2d035',NULL,NULL,1678053586986,'b54b3b83-6996-40f3-9c56-00f9f3c2d035'),(47,38,'APPROVED',NULL,NULL,NULL,1678053597346,'b54b3b83-6996-40f3-9c56-00f9f3c2d035'),(48,37,'REASSIGN','b54b3b83-6996-40f3-9c56-00f9f3c2d035',NULL,NULL,1678053817473,'b54b3b83-6996-40f3-9c56-00f9f3c2d035'),(49,37,'REQUIRED_ACTION',NULL,'countryId','notee',1678053919462,'b54b3b83-6996-40f3-9c56-00f9f3c2d035'),(50,24,'REJECTED',NULL,NULL,'Auto reject by system, No Action happened',1678120589043,NULL),(51,25,'REJECTED',NULL,NULL,'Auto reject by system, No Action happened',1678143171385,NULL),(52,28,'REJECTED',NULL,NULL,'Auto reject by system, No Action happened',1678462408926,NULL),(53,37,'REJECTED',NULL,NULL,'Auto reject by system, No Action happened',1678917920575,NULL),(54,40,'REASSIGN','b54b3b83-6996-40f3-9c56-00f9f3c2d035',NULL,NULL,1678984782346,'b54b3b83-6996-40f3-9c56-00f9f3c2d035'),(57,40,'APPROVED',NULL,NULL,NULL,1678985194490,'b54b3b83-6996-40f3-9c56-00f9f3c2d035'),(58,33,'REASSIGN','b54b3b83-6996-40f3-9c56-00f9f3c2d035',NULL,NULL,1679247235932,'b54b3b83-6996-40f3-9c56-00f9f3c2d035'),(60,42,'REASSIGN','b54b3b83-6996-40f3-9c56-00f9f3c2d035',NULL,NULL,1679248812855,'b54b3b83-6996-40f3-9c56-00f9f3c2d035'),(62,50,'REASSIGN','31e22205-c789-4581-8e3c-5d013cbc07ae',NULL,NULL,1679412005571,'b54b3b83-6996-40f3-9c56-00f9f3c2d035'),(63,50,'REASSIGN','b54b3b83-6996-40f3-9c56-00f9f3c2d035',NULL,NULL,1679412024657,'b54b3b83-6996-40f3-9c56-00f9f3c2d035'),(64,50,'APPROVED',NULL,NULL,NULL,1679412038207,'b54b3b83-6996-40f3-9c56-00f9f3c2d035'),(65,51,'REASSIGN','b54b3b83-6996-40f3-9c56-00f9f3c2d035',NULL,NULL,1679477859353,'b54b3b83-6996-40f3-9c56-00f9f3c2d035'),(68,51,'APPROVED',NULL,NULL,NULL,1679478268506,'b54b3b83-6996-40f3-9c56-00f9f3c2d035'),(69,52,'REASSIGN','b54b3b83-6996-40f3-9c56-00f9f3c2d035',NULL,NULL,1679480614639,'b54b3b83-6996-40f3-9c56-00f9f3c2d035'),(70,52,'APPROVED',NULL,NULL,NULL,1679480622925,'b54b3b83-6996-40f3-9c56-00f9f3c2d035'),(71,54,'REASSIGN','b54b3b83-6996-40f3-9c56-00f9f3c2d035',NULL,NULL,1680093590266,'b54b3b83-6996-40f3-9c56-00f9f3c2d035'),(72,53,'REASSIGN','b54b3b83-6996-40f3-9c56-00f9f3c2d035',NULL,NULL,1680174805926,'b54b3b83-6996-40f3-9c56-00f9f3c2d035'),(73,55,'REASSIGN','b54b3b83-6996-40f3-9c56-00f9f3c2d035',NULL,NULL,1680184886410,'b54b3b83-6996-40f3-9c56-00f9f3c2d035'),(74,55,'APPROVED',NULL,NULL,NULL,1680184889065,'b54b3b83-6996-40f3-9c56-00f9f3c2d035'),(75,54,'APPROVED',NULL,NULL,NULL,1680185627582,'b54b3b83-6996-40f3-9c56-00f9f3c2d035'),(76,53,'APPROVED',NULL,NULL,NULL,1680185929103,'b54b3b83-6996-40f3-9c56-00f9f3c2d035'),(77,58,'REASSIGN','b54b3b83-6996-40f3-9c56-00f9f3c2d035',NULL,NULL,1680207456609,'b54b3b83-6996-40f3-9c56-00f9f3c2d035'),(81,58,'APPROVED',NULL,NULL,NULL,1680210316864,'b54b3b83-6996-40f3-9c56-00f9f3c2d035'),(82,57,'REASSIGN','b54b3b83-6996-40f3-9c56-00f9f3c2d035',NULL,NULL,1680211201789,'b54b3b83-6996-40f3-9c56-00f9f3c2d035'),(83,57,'APPROVED',NULL,NULL,NULL,1680211204806,'b54b3b83-6996-40f3-9c56-00f9f3c2d035'),(84,59,'REASSIGN','b54b3b83-6996-40f3-9c56-00f9f3c2d035',NULL,NULL,1680214547393,'b54b3b83-6996-40f3-9c56-00f9f3c2d035'),(85,59,'APPROVED',NULL,NULL,NULL,1680214549756,'b54b3b83-6996-40f3-9c56-00f9f3c2d035'),(86,60,'REASSIGN','b54b3b83-6996-40f3-9c56-00f9f3c2d035',NULL,NULL,1680215813816,'b54b3b83-6996-40f3-9c56-00f9f3c2d035'),(89,60,'APPROVED',NULL,NULL,NULL,1680216145674,'b54b3b83-6996-40f3-9c56-00f9f3c2d035'),(90,61,'REASSIGN','b54b3b83-6996-40f3-9c56-00f9f3c2d035',NULL,NULL,1680472026602,'b54b3b83-6996-40f3-9c56-00f9f3c2d035'),(92,61,'APPROVED',NULL,NULL,NULL,1680472124396,'b54b3b83-6996-40f3-9c56-00f9f3c2d035'),(93,39,'REASSIGN','b54b3b83-6996-40f3-9c56-00f9f3c2d035',NULL,NULL,1680550691448,'b54b3b83-6996-40f3-9c56-00f9f3c2d035'),(94,63,'REASSIGN','b54b3b83-6996-40f3-9c56-00f9f3c2d035',NULL,NULL,1680622399376,'b54b3b83-6996-40f3-9c56-00f9f3c2d035'),(95,63,'REQUIRED_ACTION',NULL,'nationalId','hhh',1680622411502,'b54b3b83-6996-40f3-9c56-00f9f3c2d035'),(96,63,'ACTION_TAKEN',NULL,NULL,NULL,1680622455591,'682dbdff-03da-4083-9cd2-c896166792f5'),(97,63,'APPROVED',NULL,NULL,NULL,1680622512431,'b54b3b83-6996-40f3-9c56-00f9f3c2d035'),(98,65,'REASSIGN','b54b3b83-6996-40f3-9c56-00f9f3c2d035',NULL,NULL,1680641081481,'b54b3b83-6996-40f3-9c56-00f9f3c2d035'),(100,65,'APPROVED',NULL,NULL,NULL,1680641271763,'b54b3b83-6996-40f3-9c56-00f9f3c2d035'),(101,66,'REASSIGN','b54b3b83-6996-40f3-9c56-00f9f3c2d035',NULL,NULL,1680641302903,'b54b3b83-6996-40f3-9c56-00f9f3c2d035'),(102,66,'APPROVED',NULL,NULL,NULL,1680641321014,'b54b3b83-6996-40f3-9c56-00f9f3c2d035'),(103,68,'REASSIGN','b54b3b83-6996-40f3-9c56-00f9f3c2d035',NULL,NULL,1680771834255,'b54b3b83-6996-40f3-9c56-00f9f3c2d035'),(105,68,'APPROVED',NULL,NULL,NULL,1680771989995,'b54b3b83-6996-40f3-9c56-00f9f3c2d035'),(106,69,'REASSIGN','6a82b9c7-6813-4ab8-aa59-0b3d8246b8c7',NULL,NULL,1680986379453,'6a82b9c7-6813-4ab8-aa59-0b3d8246b8c7'),(107,67,'REASSIGN','6a82b9c7-6813-4ab8-aa59-0b3d8246b8c7',NULL,NULL,1680986493647,'6a82b9c7-6813-4ab8-aa59-0b3d8246b8c7'),(109,67,'REJECTED',NULL,NULL,'saffa',1680992927388,'6a82b9c7-6813-4ab8-aa59-0b3d8246b8c7'),(110,69,'REQUIRED_ACTION',NULL,'nationalIdFile','need more deta',1680993906941,'6a82b9c7-6813-4ab8-aa59-0b3d8246b8c7'),(111,70,'REASSIGN','6a82b9c7-6813-4ab8-aa59-0b3d8246b8c7',NULL,NULL,1681037776989,'6a82b9c7-6813-4ab8-aa59-0b3d8246b8c7'),(112,74,'APPROVED',NULL,NULL,NULL,1681429798025,'6a82b9c7-6813-4ab8-aa59-0b3d8246b8c7'),(113,75,'APPROVED',NULL,NULL,NULL,1681431401493,'6a82b9c7-6813-4ab8-aa59-0b3d8246b8c7'),(114,76,'APPROVED',NULL,NULL,NULL,1681432084725,'6a82b9c7-6813-4ab8-aa59-0b3d8246b8c7'),(115,77,'APPROVED',NULL,NULL,NULL,1681432251593,'6a82b9c7-6813-4ab8-aa59-0b3d8246b8c7'),(116,78,'APPROVED',NULL,NULL,NULL,1681432344525,'6a82b9c7-6813-4ab8-aa59-0b3d8246b8c7'),(117,79,'APPROVED',NULL,NULL,NULL,1681432596035,'6a82b9c7-6813-4ab8-aa59-0b3d8246b8c7'),(118,73,'REASSIGN','b54b3b83-6996-40f3-9c56-00f9f3c2d035',NULL,NULL,1681505383169,'b54b3b83-6996-40f3-9c56-00f9f3c2d035'),(119,73,'APPROVED',NULL,NULL,NULL,1681505393608,'b54b3b83-6996-40f3-9c56-00f9f3c2d035'),(120,64,'REASSIGN','31e22205-c789-4581-8e3c-5d013cbc07ae',NULL,NULL,1681505691823,'b54b3b83-6996-40f3-9c56-00f9f3c2d035'),(121,64,'REASSIGN','b54b3b83-6996-40f3-9c56-00f9f3c2d035',NULL,NULL,1681505722003,'b54b3b83-6996-40f3-9c56-00f9f3c2d035'),(122,72,'REASSIGN','b54b3b83-6996-40f3-9c56-00f9f3c2d035',NULL,NULL,1681505975431,'b54b3b83-6996-40f3-9c56-00f9f3c2d035'),(123,72,'REASSIGN','208f9865-a20b-453b-8831-1b881ca95f98',NULL,NULL,1681506438711,'b54b3b83-6996-40f3-9c56-00f9f3c2d035'),(124,72,'REASSIGN','b54b3b83-6996-40f3-9c56-00f9f3c2d035',NULL,NULL,1681506449143,'b54b3b83-6996-40f3-9c56-00f9f3c2d035'),(127,72,'REQUIRED_ACTION',NULL,'countryId','Some Notes',1681506614033,'b54b3b83-6996-40f3-9c56-00f9f3c2d035'),(128,72,'REASSIGN','208f9865-a20b-453b-8831-1b881ca95f98',NULL,NULL,1681506806572,'b54b3b83-6996-40f3-9c56-00f9f3c2d035'),(129,72,'REASSIGN','b54b3b83-6996-40f3-9c56-00f9f3c2d035',NULL,NULL,1681506812012,'b54b3b83-6996-40f3-9c56-00f9f3c2d035'),(130,70,'REASSIGN','b54b3b83-6996-40f3-9c56-00f9f3c2d035',NULL,NULL,1681506826430,'b54b3b83-6996-40f3-9c56-00f9f3c2d035'),(134,70,'REJECTED',NULL,NULL,'Some Text here',1681509026039,'b54b3b83-6996-40f3-9c56-00f9f3c2d035'),(135,82,'REASSIGN','7bacc8b0-106b-425c-9811-8309eb0e7f40',NULL,NULL,1681648902833,'7bacc8b0-106b-425c-9811-8309eb0e7f40'),(136,82,'REQUIRED_ACTION',NULL,'countryId,nationalId','test plz chage',1681648935308,'7bacc8b0-106b-425c-9811-8309eb0e7f40'),(137,83,'REASSIGN','7bacc8b0-106b-425c-9811-8309eb0e7f40',NULL,NULL,1681669331519,'7bacc8b0-106b-425c-9811-8309eb0e7f40'),(138,83,'REASSIGN','208f9865-a20b-453b-8831-1b881ca95f98',NULL,NULL,1681669461013,'7bacc8b0-106b-425c-9811-8309eb0e7f40'),(139,83,'REASSIGN','7bacc8b0-106b-425c-9811-8309eb0e7f40',NULL,NULL,1681669546237,'7bacc8b0-106b-425c-9811-8309eb0e7f40'),(140,83,'REJECTED',NULL,NULL,'Some Text here reason',1681669971828,'7bacc8b0-106b-425c-9811-8309eb0e7f40'),(141,84,'APPROVED',NULL,NULL,NULL,1681670816887,'7bacc8b0-106b-425c-9811-8309eb0e7f40'),(142,81,'REASSIGN','b54b3b83-6996-40f3-9c56-00f9f3c2d035',NULL,NULL,1681677571722,'b54b3b83-6996-40f3-9c56-00f9f3c2d035'),(143,81,'APPROVED',NULL,NULL,NULL,1681677577719,'b54b3b83-6996-40f3-9c56-00f9f3c2d035'),(144,80,'REASSIGN','b54b3b83-6996-40f3-9c56-00f9f3c2d035',NULL,NULL,1681677651429,'b54b3b83-6996-40f3-9c56-00f9f3c2d035'),(145,80,'APPROVED',NULL,NULL,NULL,1681677659870,'b54b3b83-6996-40f3-9c56-00f9f3c2d035'),(146,64,'APPROVED',NULL,NULL,NULL,1681677782284,'b54b3b83-6996-40f3-9c56-00f9f3c2d035'),(147,62,'REASSIGN','b54b3b83-6996-40f3-9c56-00f9f3c2d035',NULL,NULL,1681678029347,'b54b3b83-6996-40f3-9c56-00f9f3c2d035'),(148,62,'APPROVED',NULL,NULL,NULL,1681678038733,'b54b3b83-6996-40f3-9c56-00f9f3c2d035'),(149,49,'REASSIGN','b54b3b83-6996-40f3-9c56-00f9f3c2d035',NULL,NULL,1681678140699,'b54b3b83-6996-40f3-9c56-00f9f3c2d035'),(150,49,'APPROVED',NULL,NULL,NULL,1681678169385,'b54b3b83-6996-40f3-9c56-00f9f3c2d035'),(151,87,'REASSIGN','7bacc8b0-106b-425c-9811-8309eb0e7f40',NULL,NULL,1681764861493,'7bacc8b0-106b-425c-9811-8309eb0e7f40'),(152,87,'REQUIRED_ACTION',NULL,'nationalId','please update the national id ',1681764971285,'7bacc8b0-106b-425c-9811-8309eb0e7f40'),(153,86,'REQUIRED_ACTION',NULL,'nationalId,clubLogo','please update logo & nation id ',1681765041914,'7bacc8b0-106b-425c-9811-8309eb0e7f40'),(154,85,'REQUIRED_ACTION',NULL,'clubIBANFile,crFile','test',1681768341035,'7bacc8b0-106b-425c-9811-8309eb0e7f40'),(155,85,'ACTION_TAKEN',NULL,NULL,NULL,1681826311265,'3d6f3253-d2a6-436d-ad8b-62f55ecd396a'),(156,85,'APPROVED',NULL,NULL,NULL,1681826989399,'7bacc8b0-106b-425c-9811-8309eb0e7f40'),(157,88,'REQUIRED_ACTION',NULL,'nationalId,crNumber','change national id cr number',1681827599535,'7bacc8b0-106b-425c-9811-8309eb0e7f40'),(158,88,'ACTION_TAKEN',NULL,NULL,NULL,1681827702385,'3d6f3253-d2a6-436d-ad8b-62f55ecd396a'),(159,88,'APPROVED',NULL,NULL,NULL,1681827733299,'7bacc8b0-106b-425c-9811-8309eb0e7f40'),(160,69,'REJECTED',NULL,NULL,'Auto reject by system, No Action happened',1681857907431,NULL),(161,89,'REQUIRED_ACTION',NULL,'countryId,nationalId,clubLogo,nationalIdFile,clubIBANFile,crFile,clubName,clubNameAr,crEndDate,crNumber,clubIBAN,ownerName,emailAddress,mobileNumber','change all',1681859844352,'7bacc8b0-106b-425c-9811-8309eb0e7f40'),(162,90,'REASSIGN','7bacc8b0-106b-425c-9811-8309eb0e7f40',NULL,NULL,1681864656240,'7bacc8b0-106b-425c-9811-8309eb0e7f40'),(163,90,'REQUIRED_ACTION',NULL,'countryId,nationalId,clubLogo,nationalIdFile,clubIBANFile,crFile,clubName,clubNameAr,crEndDate,crNumber,clubIBAN','hat el data',1681864702430,'7bacc8b0-106b-425c-9811-8309eb0e7f40'),(164,97,'REQUIRED_ACTION',NULL,'clubName','test',1681906882482,'7bacc8b0-106b-425c-9811-8309eb0e7f40'),(165,97,'ACTION_TAKEN',NULL,NULL,NULL,1681938210409,'3d6f3253-d2a6-436d-ad8b-62f55ecd396a'),(166,98,'REASSIGN','7bacc8b0-106b-425c-9811-8309eb0e7f40',NULL,NULL,1681939760237,'7bacc8b0-106b-425c-9811-8309eb0e7f40'),(167,98,'APPROVED',NULL,NULL,NULL,1681939777934,'7bacc8b0-106b-425c-9811-8309eb0e7f40'),(168,99,'REASSIGN','7bacc8b0-106b-425c-9811-8309eb0e7f40',NULL,NULL,1681939812966,'7bacc8b0-106b-425c-9811-8309eb0e7f40'),(169,99,'APPROVED',NULL,NULL,NULL,1681939816984,'7bacc8b0-106b-425c-9811-8309eb0e7f40'),(170,100,'REASSIGN','7bacc8b0-106b-425c-9811-8309eb0e7f40',NULL,NULL,1681939847538,'7bacc8b0-106b-425c-9811-8309eb0e7f40'),(171,100,'APPROVED',NULL,NULL,NULL,1681939869270,'7bacc8b0-106b-425c-9811-8309eb0e7f40'),(172,101,'REASSIGN','7bacc8b0-106b-425c-9811-8309eb0e7f40',NULL,NULL,1681940291683,'7bacc8b0-106b-425c-9811-8309eb0e7f40'),(173,101,'APPROVED',NULL,NULL,NULL,1681940294848,'7bacc8b0-106b-425c-9811-8309eb0e7f40'),(174,97,'REQUIRED_ACTION',NULL,'nationalId','test national',1681942844452,'7bacc8b0-106b-425c-9811-8309eb0e7f40'),(175,97,'ACTION_TAKEN',NULL,NULL,NULL,1681943170512,'3d6f3253-d2a6-436d-ad8b-62f55ecd396a'),(176,97,'REQUIRED_ACTION',NULL,'name','kareem uniq owner',1681943341018,'7bacc8b0-106b-425c-9811-8309eb0e7f40'),(177,97,'ACTION_TAKEN',NULL,NULL,NULL,1681943744675,'3d6f3253-d2a6-436d-ad8b-62f55ecd396a'),(178,102,'REASSIGN','7bacc8b0-106b-425c-9811-8309eb0e7f40',NULL,NULL,1681949825969,'7bacc8b0-106b-425c-9811-8309eb0e7f40'),(179,102,'APPROVED',NULL,NULL,NULL,1681949829817,'7bacc8b0-106b-425c-9811-8309eb0e7f40'),(180,86,'ACTION_TAKEN',NULL,NULL,NULL,1681952789920,'143960ef-65f9-4eb8-9906-b12d3535f2e1'),(181,86,'APPROVED',NULL,NULL,NULL,1681952822034,'7bacc8b0-106b-425c-9811-8309eb0e7f40'),(182,105,'REASSIGN','7bacc8b0-106b-425c-9811-8309eb0e7f40',NULL,NULL,1681952927625,'7bacc8b0-106b-425c-9811-8309eb0e7f40'),(183,105,'APPROVED',NULL,NULL,NULL,1681952929730,'7bacc8b0-106b-425c-9811-8309eb0e7f40'),(184,106,'REASSIGN','7bacc8b0-106b-425c-9811-8309eb0e7f40',NULL,NULL,1681953901195,'7bacc8b0-106b-425c-9811-8309eb0e7f40'),(185,106,'APPROVED',NULL,NULL,NULL,1681953904116,'7bacc8b0-106b-425c-9811-8309eb0e7f40'),(186,107,'REASSIGN','7bacc8b0-106b-425c-9811-8309eb0e7f40',NULL,NULL,1681954762364,'7bacc8b0-106b-425c-9811-8309eb0e7f40'),(187,107,'APPROVED',NULL,NULL,NULL,1681954766542,'7bacc8b0-106b-425c-9811-8309eb0e7f40'),(188,108,'REASSIGN','7bacc8b0-106b-425c-9811-8309eb0e7f40',NULL,NULL,1681955314709,'7bacc8b0-106b-425c-9811-8309eb0e7f40'),(189,108,'APPROVED',NULL,NULL,NULL,1681955469738,'7bacc8b0-106b-425c-9811-8309eb0e7f40'),(190,109,'REASSIGN','7bacc8b0-106b-425c-9811-8309eb0e7f40',NULL,NULL,1681956198112,'7bacc8b0-106b-425c-9811-8309eb0e7f40'),(191,109,'APPROVED',NULL,NULL,NULL,1681956201996,'7bacc8b0-106b-425c-9811-8309eb0e7f40'),(192,110,'REASSIGN','7bacc8b0-106b-425c-9811-8309eb0e7f40',NULL,NULL,1681956255684,'7bacc8b0-106b-425c-9811-8309eb0e7f40'),(193,110,'APPROVED',NULL,NULL,NULL,1681956260058,'7bacc8b0-106b-425c-9811-8309eb0e7f40'),(194,111,'REASSIGN','7bacc8b0-106b-425c-9811-8309eb0e7f40',NULL,NULL,1681956903502,'7bacc8b0-106b-425c-9811-8309eb0e7f40'),(195,111,'REJECTED',NULL,NULL,'rghjkl',1681956910937,'7bacc8b0-106b-425c-9811-8309eb0e7f40'),(196,114,'REASSIGN','7bacc8b0-106b-425c-9811-8309eb0e7f40',NULL,NULL,1682002699902,'7bacc8b0-106b-425c-9811-8309eb0e7f40'),(197,114,'REQUIRED_ACTION',NULL,'countryId,clubLogo','dsa',1682002717702,'7bacc8b0-106b-425c-9811-8309eb0e7f40'),(198,114,'REASSIGN','208f9865-a20b-453b-8831-1b881ca95f98',NULL,NULL,1682416665513,'7bacc8b0-106b-425c-9811-8309eb0e7f40'),(199,114,'REASSIGN','7bacc8b0-106b-425c-9811-8309eb0e7f40',NULL,NULL,1682416750635,'7bacc8b0-106b-425c-9811-8309eb0e7f40'),(200,115,'REASSIGN','7bacc8b0-106b-425c-9811-8309eb0e7f40',NULL,NULL,1682422698471,'7bacc8b0-106b-425c-9811-8309eb0e7f40'),(201,115,'REQUIRED_ACTION',NULL,'clubName','rrrr',1682422721168,'7bacc8b0-106b-425c-9811-8309eb0e7f40'),(202,115,'ACTION_TAKEN',NULL,NULL,NULL,1682422777457,'3d6f3253-d2a6-436d-ad8b-62f55ecd396a'),(203,115,'REQUIRED_ACTION',NULL,'crEndDate','sda',1682422828309,'7bacc8b0-106b-425c-9811-8309eb0e7f40'),(204,115,'ACTION_TAKEN',NULL,NULL,NULL,1682422875706,'3d6f3253-d2a6-436d-ad8b-62f55ecd396a'),(205,115,'REQUIRED_ACTION',NULL,'crEndDate,crNumber','dd',1682422908683,'7bacc8b0-106b-425c-9811-8309eb0e7f40'),(206,116,'REASSIGN','7bacc8b0-106b-425c-9811-8309eb0e7f40',NULL,NULL,1682423080630,'7bacc8b0-106b-425c-9811-8309eb0e7f40'),(207,116,'REQUIRED_ACTION',NULL,'clubNameAr','dsf',1682423104859,'7bacc8b0-106b-425c-9811-8309eb0e7f40'),(208,116,'ACTION_TAKEN',NULL,NULL,NULL,1682423287613,'3d6f3253-d2a6-436d-ad8b-62f55ecd396a'),(209,116,'REQUIRED_ACTION',NULL,'crEndDate,name','d',1682423318719,'7bacc8b0-106b-425c-9811-8309eb0e7f40'),(210,116,'ACTION_TAKEN',NULL,NULL,NULL,1682443877866,'3d6f3253-d2a6-436d-ad8b-62f55ecd396a'),(211,116,'REQUIRED_ACTION',NULL,'countryId,nationalId,clubLogo,nationalIdFile,clubIBANFile,crFile,clubName,clubNameAr,crEndDate,crNumber,clubIBAN,name,email,mobileNumber','test',1682444273570,'7bacc8b0-106b-425c-9811-8309eb0e7f40'),(212,117,'REASSIGN','7bacc8b0-106b-425c-9811-8309eb0e7f40',NULL,NULL,1682464143930,'7bacc8b0-106b-425c-9811-8309eb0e7f40'),(213,117,'REQUIRED_ACTION',NULL,'crNumber,mobileNumber','xss',1682464160035,'7bacc8b0-106b-425c-9811-8309eb0e7f40'),(214,119,'REASSIGN','7bacc8b0-106b-425c-9811-8309eb0e7f40',NULL,NULL,1682800152618,'7bacc8b0-106b-425c-9811-8309eb0e7f40'),(215,119,'REQUIRED_ACTION',NULL,'nationalId','need nation id ',1682800169832,'7bacc8b0-106b-425c-9811-8309eb0e7f40'),(216,119,'ACTION_TAKEN',NULL,NULL,NULL,1682800346119,'0b727b5c-14a5-4148-9d24-97468ea4c2a2'),(217,119,'REQUIRED_ACTION',NULL,'nationalId','ewwrwer',1682800402862,'7bacc8b0-106b-425c-9811-8309eb0e7f40'),(218,119,'ACTION_TAKEN',NULL,NULL,NULL,1682800929157,'0b727b5c-14a5-4148-9d24-97468ea4c2a2'),(219,119,'REQUIRED_ACTION',NULL,'clubNameAr','شيسبيسبسي',1682800976547,'7bacc8b0-106b-425c-9811-8309eb0e7f40'),(220,119,'ACTION_TAKEN',NULL,NULL,NULL,1682801060359,'0b727b5c-14a5-4148-9d24-97468ea4c2a2'),(221,119,'REJECTED',NULL,NULL,'ldkfjdaslkfdaksf',1682801088939,'7bacc8b0-106b-425c-9811-8309eb0e7f40'),(222,120,'REASSIGN','7bacc8b0-106b-425c-9811-8309eb0e7f40',NULL,NULL,1682801188995,'7bacc8b0-106b-425c-9811-8309eb0e7f40'),(223,120,'APPROVED',NULL,NULL,NULL,1682801193792,'7bacc8b0-106b-425c-9811-8309eb0e7f40'),(224,82,'ACTION_TAKEN',NULL,NULL,NULL,1682847778747,'c7e29356-2b75-4301-a333-32c483707f05'),(225,118,'REASSIGN','7bacc8b0-106b-425c-9811-8309eb0e7f40',NULL,NULL,1682848141786,'7bacc8b0-106b-425c-9811-8309eb0e7f40'),(226,118,'REQUIRED_ACTION',NULL,'clubName,crEndDate','test',1682848176437,'7bacc8b0-106b-425c-9811-8309eb0e7f40'),(227,121,'REASSIGN','7bacc8b0-106b-425c-9811-8309eb0e7f40',NULL,NULL,1682850115384,'7bacc8b0-106b-425c-9811-8309eb0e7f40'),(228,121,'REQUIRED_ACTION',NULL,'nationalId','daadfs',1682850122553,'7bacc8b0-106b-425c-9811-8309eb0e7f40'),(229,121,'ACTION_TAKEN',NULL,NULL,NULL,1682850144916,'0b727b5c-14a5-4148-9d24-97468ea4c2a2'),(230,121,'REQUIRED_ACTION',NULL,'nationalId','sdssdsa',1682850159824,'7bacc8b0-106b-425c-9811-8309eb0e7f40'),(231,121,'ACTION_TAKEN',NULL,NULL,NULL,1682850172557,'0b727b5c-14a5-4148-9d24-97468ea4c2a2'),(232,121,'REQUIRED_ACTION',NULL,'mobileNumber','asdfasfdas',1682850192956,'7bacc8b0-106b-425c-9811-8309eb0e7f40'),(233,121,'ACTION_TAKEN',NULL,NULL,NULL,1682850206525,'0b727b5c-14a5-4148-9d24-97468ea4c2a2'),(234,121,'REQUIRED_ACTION',NULL,'mobileNumber','dsfsadfas',1682850232360,'7bacc8b0-106b-425c-9811-8309eb0e7f40'),(235,121,'ACTION_TAKEN',NULL,NULL,NULL,1682850265930,'0b727b5c-14a5-4148-9d24-97468ea4c2a2'),(236,121,'REQUIRED_ACTION',NULL,'mobileNumber','dsadasd',1682850284674,'7bacc8b0-106b-425c-9811-8309eb0e7f40'),(237,121,'ACTION_TAKEN',NULL,NULL,NULL,1682850306585,'0b727b5c-14a5-4148-9d24-97468ea4c2a2'),(238,122,'REASSIGN','7bacc8b0-106b-425c-9811-8309eb0e7f40',NULL,NULL,1683037183736,'7bacc8b0-106b-425c-9811-8309eb0e7f40'),(239,122,'REQUIRED_ACTION',NULL,'nationalId','lkjldss',1683037190127,'7bacc8b0-106b-425c-9811-8309eb0e7f40'),(240,122,'REASSIGN','9aeeb062-76ff-4d3b-a432-6c3dfa20febe',NULL,NULL,1683038971812,'cd2e7507-38b5-43b1-8b76-f9fe8d1730f3'),(241,122,'ACTION_TAKEN',NULL,NULL,NULL,1683058822142,'cd2e7507-38b5-43b1-8b76-f9fe8d1730f3'),(242,122,'REASSIGN','7bacc8b0-106b-425c-9811-8309eb0e7f40',NULL,NULL,1683058837145,'cd2e7507-38b5-43b1-8b76-f9fe8d1730f3'),(243,122,'APPROVED',NULL,NULL,NULL,1683058869369,'7bacc8b0-106b-425c-9811-8309eb0e7f40'),(244,123,'REASSIGN','7bacc8b0-106b-425c-9811-8309eb0e7f40',NULL,NULL,1683089205970,'7bacc8b0-106b-425c-9811-8309eb0e7f40'),(245,123,'REQUIRED_ACTION',NULL,'nationalId','dfas',1683089211833,'7bacc8b0-106b-425c-9811-8309eb0e7f40'),(246,123,'ACTION_TAKEN',NULL,NULL,NULL,1683089249628,'0b727b5c-14a5-4148-9d24-97468ea4c2a2'),(247,123,'REQUIRED_ACTION',NULL,'nationalId','dsfas',1683090302895,'7bacc8b0-106b-425c-9811-8309eb0e7f40'),(248,123,'ACTION_TAKEN',NULL,NULL,NULL,1683090317998,'0b727b5c-14a5-4148-9d24-97468ea4c2a2'),(249,125,'REASSIGN','7bacc8b0-106b-425c-9811-8309eb0e7f40',NULL,NULL,1683112762082,'7bacc8b0-106b-425c-9811-8309eb0e7f40'),(250,125,'REJECTED',NULL,NULL,'dsada',1683112766798,'7bacc8b0-106b-425c-9811-8309eb0e7f40'),(251,126,'REASSIGN','7bacc8b0-106b-425c-9811-8309eb0e7f40',NULL,NULL,1683113413810,'7bacc8b0-106b-425c-9811-8309eb0e7f40'),(252,126,'REJECTED',NULL,NULL,'sdfs',1683113418867,'7bacc8b0-106b-425c-9811-8309eb0e7f40'),(253,127,'REASSIGN','7bacc8b0-106b-425c-9811-8309eb0e7f40',NULL,NULL,1683119967532,'7bacc8b0-106b-425c-9811-8309eb0e7f40'),(254,127,'APPROVED',NULL,NULL,NULL,1683119970344,'7bacc8b0-106b-425c-9811-8309eb0e7f40'),(255,134,'REASSIGN','7bacc8b0-106b-425c-9811-8309eb0e7f40',NULL,NULL,1683206089798,'7bacc8b0-106b-425c-9811-8309eb0e7f40'),(256,134,'APPROVED',NULL,NULL,NULL,1683206093572,'7bacc8b0-106b-425c-9811-8309eb0e7f40'),(257,135,'REASSIGN','7bacc8b0-106b-425c-9811-8309eb0e7f40',NULL,NULL,1683206117143,'7bacc8b0-106b-425c-9811-8309eb0e7f40'),(258,135,'APPROVED',NULL,NULL,NULL,1683206121788,'7bacc8b0-106b-425c-9811-8309eb0e7f40'),(259,136,'REASSIGN','7bacc8b0-106b-425c-9811-8309eb0e7f40',NULL,NULL,1683208315552,'7bacc8b0-106b-425c-9811-8309eb0e7f40'),(260,136,'APPROVED',NULL,NULL,NULL,1683208318552,'7bacc8b0-106b-425c-9811-8309eb0e7f40'),(261,137,'REASSIGN','b54b3b83-6996-40f3-9c56-00f9f3c2d035',NULL,NULL,1683544459497,'b54b3b83-6996-40f3-9c56-00f9f3c2d035'),(262,137,'APPROVED',NULL,NULL,NULL,1683544477915,'b54b3b83-6996-40f3-9c56-00f9f3c2d035'),(263,39,'APPROVED',NULL,NULL,NULL,1683714545087,'b54b3b83-6996-40f3-9c56-00f9f3c2d035');
/*!40000 ALTER TABLE `request_history` ENABLE KEYS */;
UNLOCK TABLES;

--
-- Table structure for table `request_history_SEQUENCE`
--

DROP TABLE IF EXISTS `request_history_SEQUENCE`;
/*!40101 SET @saved_cs_client     = @@character_set_client */;
/*!50503 SET character_set_client = utf8mb4 */;
CREATE TABLE `request_history_SEQUENCE` (
  `my_row_id` bigint unsigned NOT NULL AUTO_INCREMENT /*!80023 INVISIBLE */,
  `request_history_id_seq` int NOT NULL,
  PRIMARY KEY (`my_row_id`)
) ENGINE=InnoDB AUTO_INCREMENT=2 DEFAULT CHARSET=utf8mb4 COLLATE=utf8mb4_0900_ai_ci;
/*!40101 SET character_set_client = @saved_cs_client */;

--
-- Dumping data for table `request_history_SEQUENCE`
--

LOCK TABLES `request_history_SEQUENCE` WRITE;
/*!40000 ALTER TABLE `request_history_SEQUENCE` DISABLE KEYS */;
INSERT INTO `request_history_SEQUENCE` (`my_row_id`, `request_history_id_seq`) VALUES (1,1);
/*!40000 ALTER TABLE `request_history_SEQUENCE` ENABLE KEYS */;
UNLOCK TABLES;

--
-- Table structure for table `request_history_id_seq`
--

DROP TABLE IF EXISTS `request_history_id_seq`;
/*!40101 SET @saved_cs_client     = @@character_set_client */;
/*!50503 SET character_set_client = utf8mb4 */;
CREATE TABLE `request_history_id_seq` (
  `my_row_id` bigint unsigned NOT NULL AUTO_INCREMENT /*!80023 INVISIBLE */,
  `next_val` bigint DEFAULT NULL,
  PRIMARY KEY (`my_row_id`)
) ENGINE=InnoDB AUTO_INCREMENT=2 DEFAULT CHARSET=utf8mb4 COLLATE=utf8mb4_0900_ai_ci;
/*!40101 SET character_set_client = @saved_cs_client */;

--
-- Dumping data for table `request_history_id_seq`
--

LOCK TABLES `request_history_id_seq` WRITE;
/*!40000 ALTER TABLE `request_history_id_seq` DISABLE KEYS */;
INSERT INTO `request_history_id_seq` (`my_row_id`, `next_val`) VALUES (1,264);
/*!40000 ALTER TABLE `request_history_id_seq` ENABLE KEYS */;
UNLOCK TABLES;

--
-- Table structure for table `request_status`
--

DROP TABLE IF EXISTS `request_status`;
/*!40101 SET @saved_cs_client     = @@character_set_client */;
/*!50503 SET character_set_client = utf8mb4 */;
CREATE TABLE `request_status` (
  `id` int NOT NULL AUTO_INCREMENT,
  `name` varchar(255) NOT NULL,
  `name_ar` varchar(255) NOT NULL,
  `code` varchar(255) NOT NULL,
  PRIMARY KEY (`id`)
) ENGINE=InnoDB AUTO_INCREMENT=7 DEFAULT CHARSET=utf8mb4 COLLATE=utf8mb4_0900_ai_ci;
/*!40101 SET character_set_client = @saved_cs_client */;

--
-- Dumping data for table `request_status`
--

LOCK TABLES `request_status` WRITE;
/*!40000 ALTER TABLE `request_status` DISABLE KEYS */;
INSERT INTO `request_status` VALUES (1,'New','جديد','NEW'),(2,'Approved','تمت الموافقة','APPROVED'),(3,'Required action','يتطلب إجراء','REQUIRED_ACTION'),(4,'Action taken','تم اتخاذ إجراء','ACTION_TAKEN'),(5,'Rejected','تم الرفض','REJECTED'),(6,'Cancelled','تم الالغاء','CANCELLED');
/*!40000 ALTER TABLE `request_status` ENABLE KEYS */;
UNLOCK TABLES;

--
-- Table structure for table `request_status_id_seq`
--

DROP TABLE IF EXISTS `request_status_id_seq`;
/*!40101 SET @saved_cs_client     = @@character_set_client */;
/*!50503 SET character_set_client = utf8mb4 */;
CREATE TABLE `request_status_id_seq` (
  `my_row_id` bigint unsigned NOT NULL AUTO_INCREMENT /*!80023 INVISIBLE */,
  `next_val` bigint DEFAULT NULL,
  PRIMARY KEY (`my_row_id`)
) ENGINE=InnoDB AUTO_INCREMENT=2 DEFAULT CHARSET=utf8mb4 COLLATE=utf8mb4_0900_ai_ci;
/*!40101 SET character_set_client = @saved_cs_client */;

--
-- Dumping data for table `request_status_id_seq`
--

LOCK TABLES `request_status_id_seq` WRITE;
/*!40000 ALTER TABLE `request_status_id_seq` DISABLE KEYS */;
INSERT INTO `request_status_id_seq` (`my_row_id`, `next_val`) VALUES (1,1);
/*!40000 ALTER TABLE `request_status_id_seq` ENABLE KEYS */;
UNLOCK TABLES;

--
-- Table structure for table `request_type`
--

DROP TABLE IF EXISTS `request_type`;
/*!40101 SET @saved_cs_client     = @@character_set_client */;
/*!50503 SET character_set_client = utf8mb4 */;
CREATE TABLE `request_type` (
  `id` int NOT NULL AUTO_INCREMENT,
  `name` varchar(255) NOT NULL,
  `code` varchar(255) NOT NULL,
  `name_ar` varchar(255) DEFAULT NULL,
  PRIMARY KEY (`id`)
) ENGINE=InnoDB AUTO_INCREMENT=3 DEFAULT CHARSET=utf8mb4 COLLATE=utf8mb4_0900_ai_ci;
/*!40101 SET character_set_client = @saved_cs_client */;

--
-- Dumping data for table `request_type`
--

LOCK TABLES `request_type` WRITE;
/*!40000 ALTER TABLE `request_type` DISABLE KEYS */;
INSERT INTO `request_type` VALUES (1,'Club license','CLUB_LICENSE','طلب ترخيص نادي'),(2,'Update Club','CLUB_UPDATE','تحديث بيانات نادي');
/*!40000 ALTER TABLE `request_type` ENABLE KEYS */;
UNLOCK TABLES;

--
-- Table structure for table `request_type_id_seq`
--

DROP TABLE IF EXISTS `request_type_id_seq`;
/*!40101 SET @saved_cs_client     = @@character_set_client */;
/*!50503 SET character_set_client = utf8mb4 */;
CREATE TABLE `request_type_id_seq` (
  `my_row_id` bigint unsigned NOT NULL AUTO_INCREMENT /*!80023 INVISIBLE */,
  `next_val` bigint DEFAULT NULL,
  PRIMARY KEY (`my_row_id`)
) ENGINE=InnoDB AUTO_INCREMENT=2 DEFAULT CHARSET=utf8mb4 COLLATE=utf8mb4_0900_ai_ci;
/*!40101 SET character_set_client = @saved_cs_client */;

--
-- Dumping data for table `request_type_id_seq`
--

LOCK TABLES `request_type_id_seq` WRITE;
/*!40000 ALTER TABLE `request_type_id_seq` DISABLE KEYS */;
INSERT INTO `request_type_id_seq` (`my_row_id`, `next_val`) VALUES (1,1);
/*!40000 ALTER TABLE `request_type_id_seq` ENABLE KEYS */;
UNLOCK TABLES;

--
-- Table structure for table `settings`
--

DROP TABLE IF EXISTS `settings`;
/*!40101 SET @saved_cs_client     = @@character_set_client */;
/*!50503 SET character_set_client = utf8mb4 */;
CREATE TABLE `settings` (
  `id` bigint NOT NULL,
  `setting_id` varchar(255) DEFAULT NULL,
  `setting_value` varchar(255) DEFAULT NULL,
  PRIMARY KEY (`id`)
) ENGINE=InnoDB DEFAULT CHARSET=utf8mb4 COLLATE=utf8mb4_0900_ai_ci;
/*!40101 SET character_set_client = @saved_cs_client */;

--
-- Dumping data for table `settings`
--

LOCK TABLES `settings` WRITE;
/*!40000 ALTER TABLE `settings` DISABLE KEYS */;
INSERT INTO `settings` VALUES (1,'REMAINDER_NOTIFICATION_PERIOD','1209600000');
/*!40000 ALTER TABLE `settings` ENABLE KEYS */;
UNLOCK TABLES;

--
-- Table structure for table `social_media`
--

DROP TABLE IF EXISTS `social_media`;
/*!40101 SET @saved_cs_client     = @@character_set_client */;
/*!50503 SET character_set_client = utf8mb4 */;
CREATE TABLE `social_media` (
  `id` int NOT NULL AUTO_INCREMENT,
  `base_link` varchar(255) DEFAULT NULL,
  `code` varchar(255) DEFAULT NULL,
  `name` varchar(255) DEFAULT NULL,
  `name_ar` varchar(255) DEFAULT NULL,
  `regex` varchar(255) DEFAULT NULL,
  `sorting` int DEFAULT NULL,
  `support_types` varchar(255) DEFAULT NULL,
  PRIMARY KEY (`id`)
) ENGINE=InnoDB AUTO_INCREMENT=10 DEFAULT CHARSET=utf8mb4 COLLATE=utf8mb4_0900_ai_ci;
/*!40101 SET character_set_client = @saved_cs_client */;

--
-- Dumping data for table `social_media`
--

LOCK TABLES `social_media` WRITE;
/*!40000 ALTER TABLE `social_media` DISABLE KEYS */;
INSERT INTO `social_media` VALUES (1,'facebook.com/','FACEBOOK','Facebook','فيسبوك',NULL,1,'TEAM,CLUB_OWNER,PLAYER,COACH,REFEREE,TEAM_MANAGER,CLUB_ADMIN,ANALYST,CASTER,HOST,MEDIA_OUTLET,VIDEO_EDITOR,GRAPHIC_DESIGNER,STREAMER,CONTENT_CREATOR,GAME_DEVELOPER'),(2,'instagram.com/','INSTAGRAM','Instagram','إنستجرام',NULL,2,'TEAM,CLUB_OWNER,PLAYER,COACH,REFEREE,TEAM_MANAGER,CLUB_ADMIN,ANALYST,CASTER,HOST,MEDIA_OUTLET,VIDEO_EDITOR,GRAPHIC_DESIGNER,STREAMER,CONTENT_CREATOR,GAME_DEVELOPER'),(3,'tiktok.com/','TIKTOK','Tiktok','تيك توك',NULL,3,'TEAM,CLUB_OWNER,PLAYER,COACH,REFEREE,TEAM_MANAGER,CLUB_ADMIN,ANALYST,CASTER,HOST,MEDIA_OUTLET,VIDEO_EDITOR,GRAPHIC_DESIGNER,STREAMER,CONTENT_CREATOR,GAME_DEVELOPER'),(4,'twitch.tv/','TWITCH','Twitch','تويتش',NULL,4,'TEAM,CLUB_OWNER,PLAYER,COACH,REFEREE,TEAM_MANAGER,CLUB_ADMIN,ANALYST,CASTER,HOST,MEDIA_OUTLET,VIDEO_EDITOR,GRAPHIC_DESIGNER,STREAMER,CONTENT_CREATOR,GAME_DEVELOPER'),(5,'youtube.com/','YOUTUBE','Youtube','يوتيوب',NULL,5,'TEAM,CLUB_OWNER,PLAYER,COACH,REFEREE,TEAM_MANAGER,CLUB_ADMIN,ANALYST,CASTER,HOST,MEDIA_OUTLET,VIDEO_EDITOR,GRAPHIC_DESIGNER,STREAMER,CONTENT_CREATOR,GAME_DEVELOPER'),(6,'twitter.com/','TWITTER','Twitter','تويتر',NULL,6,'TEAM,CLUB_OWNER,PLAYER,COACH,REFEREE,TEAM_MANAGER,CLUB_ADMIN,ANALYST,CASTER,HOST,MEDIA_OUTLET,VIDEO_EDITOR,GRAPHIC_DESIGNER,STREAMER,CONTENT_CREATOR,GAME_DEVELOPER'),(7,'discord.com/users/','DISCORD','Discord','ديسكود',NULL,7,'TEAM,CLUB_OWNER,PLAYER,COACH,REFEREE,TEAM_MANAGER,CLUB_ADMIN,ANALYST,CASTER,HOST,MEDIA_OUTLET,VIDEO_EDITOR,GRAPHIC_DESIGNER,STREAMER,CONTENT_CREATOR,GAME_DEVELOPER'),(8,'snapchat.com/add/','SNAPCHAT','Snapchat','سناب شات',NULL,8,'TEAM,CLUB_OWNER,PLAYER,COACH,REFEREE,TEAM_MANAGER,CLUB_ADMIN,ANALYST,CASTER,HOST,MEDIA_OUTLET,VIDEO_EDITOR,GRAPHIC_DESIGNER,STREAMER,CONTENT_CREATOR,GAME_DEVELOPER'),(9,'tracker.gg/','TRACKER','Tracker',' تراكر',NULL,9,'PLAYER,COACH,REFEREE,TEAM_MANAGER,CLUB_ADMIN,ANALYST,CASTER,HOST,MEDIA_OUTLET,VIDEO_EDITOR,GRAPHIC_DESIGNER,STREAMER,CONTENT_CREATOR,GAME_DEVELOPER');
/*!40000 ALTER TABLE `social_media` ENABLE KEYS */;
UNLOCK TABLES;

--
-- Table structure for table `team`
--

DROP TABLE IF EXISTS `team`;
/*!40101 SET @saved_cs_client     = @@character_set_client */;
/*!50503 SET character_set_client = utf8mb4 */;
CREATE TABLE `team` (
  `id` bigint unsigned NOT NULL AUTO_INCREMENT,
  `system_id` varchar(255) NOT NULL,
  `name` varchar(250) NOT NULL,
  `name_ar` varchar(250) NOT NULL,
  `about` varchar(500) DEFAULT NULL,
  `logo` varchar(255) DEFAULT NULL,
  `public_profile` tinyint(1) NOT NULL,
  `game_id` int NOT NULL,
  `created_by_system_id` varchar(255) NOT NULL,
  `created_at` timestamp NOT NULL,
  `updated_by_system_id` varchar(255) DEFAULT NULL,
  `updated_at` timestamp NULL DEFAULT NULL,
  `type` varchar(255) NOT NULL,
  `club_id` int DEFAULT NULL,
  `team_code` varchar(255) NOT NULL,
  `is_archived` tinyint(1) DEFAULT '0',
  `arhieve_reason` varchar(1023) DEFAULT NULL,
  `archived_by` varchar(255) DEFAULT NULL,
  `team_owner` varchar(255) DEFAULT NULL,
  PRIMARY KEY (`id`),
  UNIQUE KEY `id` (`id`),
  UNIQUE KEY `system_id` (`system_id`),
  UNIQUE KEY `name` (`name`),
  UNIQUE KEY `name_ar` (`name_ar`)
) ENGINE=InnoDB AUTO_INCREMENT=185 DEFAULT CHARSET=utf8mb4 COLLATE=utf8mb4_0900_ai_ci;
/*!40101 SET character_set_client = @saved_cs_client */;

--
-- Dumping data for table `team`
--

LOCK TABLES `team` WRITE;
/*!40000 ALTER TABLE `team` DISABLE KEYS */;
INSERT INTO `team` VALUES (3,'ff3c3b76-4131-4c69-a070-de4c0ea8fc5d','Alnasr Teame','نادى النصرل','Good team ...','alnasr-team.png',1,6,'a434519d-75d1-401a-93c3-bcd7a7dfdf6e','2023-03-12 22:16:13','a434519d-75d1-401a-93c3-bcd7a7dfdf6e','2023-03-12 22:16:13','CLUB_TEAM',NULL,'TEM_74111781',0,NULL,NULL,'a434519d-75d1-401a-93c3-bcd7a7dfdf6e'),(4,'b7204b8f-ef00-43ea-aaa2-c4eef1711fce','Alnasr Teamee','نادى النصرلي','Good team ...','alnasr-team.png',1,6,'8c7e5802-b8ad-43db-98c6-92b2084e283a','2023-03-12 22:23:12','8c7e5802-b8ad-43db-98c6-92b2084e283a','2023-03-12 22:23:12','CLAN_TEAM',NULL,'TEM_13105097',0,NULL,NULL,'8c7e5802-b8ad-43db-98c6-92b2084e283a'),(8,'246443f5-f0b5-4748-a1ae-a16f3f814c35','Test','تيست','Test About Team','esports/d3b3ba44-042c-4a47-bc6b-64458d0ed34a__end date.png',1,2,'c24a6bab-8ff3-4bc8-99cb-47be3016adbb','2023-03-13 14:07:25','c24a6bab-8ff3-4bc8-99cb-47be3016adbb','2023-03-16 22:35:56','CLAN_TEAM',NULL,'TEM_43190147',0,NULL,NULL,'c24a6bab-8ff3-4bc8-99cb-47be3016adbb'),(9,'066f02f5-253a-4d20-95f4-2106d219eacc','Simple Team','تيست تيم','test edited','esports/84074a9a-76c2-47f7-a1e6-e462ad0c72ea__maskable_icon_x512 (4).png',0,3,'c24a6bab-8ff3-4bc8-99cb-47be3016adbb','2023-03-13 14:13:03','c24a6bab-8ff3-4bc8-99cb-47be3016adbb','2023-03-28 17:02:26','CLAN_TEAM',NULL,'TEM_76635447',0,NULL,NULL,'c24a6bab-8ff3-4bc8-99cb-47be3016adbb'),(10,'79c5d3c0-8be2-4c88-aaa6-50392bc9f434','Alnasr Teameeddd','نادى النصرليببببب','Good team ...','alnasr-team.png',1,6,'8c7e5802-b8ad-43db-98c6-92b2084e283a','2023-03-13 14:35:29','8c7e5802-b8ad-43db-98c6-92b2084e283a','2023-03-13 14:35:29','CLAN_TEAM',NULL,'TEM_53606796',0,NULL,NULL,'8c7e5802-b8ad-43db-98c6-92b2084e283a'),(11,'cd56acf7-e5ea-46e5-b75c-1c53bd0e4dec','gggggggggg','نننننننننننننن','Good team ...','alnasr-team.png',1,6,'8c7e5802-b8ad-43db-98c6-92b2084e283a','2023-03-13 14:39:34','8c7e5802-b8ad-43db-98c6-92b2084e283a','2023-03-13 14:39:34','CLAN_TEAM',NULL,'TEM_38127642',0,NULL,NULL,'8c7e5802-b8ad-43db-98c6-92b2084e283a'),(12,'b5cf9c68-c9e0-49b2-8c30-b5da5e74baf7','ggggggggggt','ننننننننننننن','Good team ...','alnasr-team.png',1,6,'8c7e5802-b8ad-43db-98c6-92b2084e283a','2023-03-13 15:36:55','8c7e5802-b8ad-43db-98c6-92b2084e283a','2023-03-13 15:36:55','CLAN_TEAM',NULL,'TEM_29817828',0,NULL,NULL,'8c7e5802-b8ad-43db-98c6-92b2084e283a'),(13,'119195f3-8c3e-4d64-ab0d-a806d6e334c8','ggggggggggdddt','نننننننننننن','Good team ...','alnasr-team.png',1,6,'ca66a676-a8dd-49f8-b07f-72576e17c52a','2023-03-13 15:47:38','ca66a676-a8dd-49f8-b07f-72576e17c52a','2023-03-13 15:47:38','CLUB_TEAM',24,'TEM_34706216',0,NULL,NULL,'ca66a676-a8dd-49f8-b07f-72576e17c52a'),(14,'a169348f-ed4e-49de-bb0b-3fdb0d346e5f','ggggggggggdddtdd','نننننننننن','Good team ...','alnasr-team.png',1,6,'ca66a676-a8dd-49f8-b07f-72576e17c52a','2023-03-13 17:10:29','ca66a676-a8dd-49f8-b07f-72576e17c52a','2023-03-13 17:10:29','CLUB_TEAM',24,'TEM_84077602',0,NULL,NULL,'ca66a676-a8dd-49f8-b07f-72576e17c52a'),(15,'240e6faf-2372-42e2-8cc5-89fed6e590ee','ggggggggggdddddtdd','ننننننننن','Good team ...','alnasr-team.png',1,6,'ca66a676-a8dd-49f8-b07f-72576e17c52a','2023-03-13 17:11:21','ca66a676-a8dd-49f8-b07f-72576e17c52a','2023-03-13 17:11:21','CLUB_TEAM',24,'TEM_16269365',0,NULL,NULL,'ca66a676-a8dd-49f8-b07f-72576e17c52a'),(16,'45bdd393-7ff5-41b6-a230-55277e5fabdc','ggggggggggdddddeeetdd','نننننيييييييينننن','Good team ...','alnasr-team.png',1,6,'ca66a676-a8dd-49f8-b07f-72576e17c52a','2023-03-13 17:16:52','ca66a676-a8dd-49f8-b07f-72576e17c52a','2023-03-13 17:16:52','CLUB_TEAM',24,'TEM_29114021',0,NULL,NULL,'ca66a676-a8dd-49f8-b07f-72576e17c52a'),(17,'9014661a-5863-4745-ac15-4b18ac14fb7e','ggggggggggddddeeetdd','نننننييييييينننن','Good team ...','alnasr-team.png',1,6,'ca66a676-a8dd-49f8-b07f-72576e17c52a','2023-03-13 17:17:37','ca66a676-a8dd-49f8-b07f-72576e17c52a','2023-03-13 17:17:37','CLUB_TEAM',24,'TEM_96762012',0,NULL,NULL,'ca66a676-a8dd-49f8-b07f-72576e17c52a'),(19,'4a918142-3567-4ff2-ab4f-2b733b2dd2d2','gggggxxgggggddddeeetdd','نننننيييييييسسسنننن','Good team ...','alnasr-team.png',1,6,'6c3d7d80-9011-49db-b758-a5eec9f86bb3','2023-03-14 17:27:36','6c3d7d80-9011-49db-b758-a5eec9f86bb3','2023-03-14 17:27:36','CLUB_TEAM',NULL,'TEM_96468003',0,NULL,NULL,'6c3d7d80-9011-49db-b758-a5eec9f86bb3'),(38,'06955614-3953-4769-9c02-4895db38ca10','test nour','تست نور','تست نور','esports/26e62a96-00b4-4715-a405-a89ea42c9ecd__united-kingdom.png',1,1,'8c7e5802-b8ad-43db-98c6-92b2084e283a','2023-03-16 14:14:09','8c7e5802-b8ad-43db-98c6-92b2084e283a','2023-03-16 14:14:09','CLAN_TEAM',NULL,'TEM_92053982',0,NULL,NULL,'8c7e5802-b8ad-43db-98c6-92b2084e283a'),(40,'87749912-a40e-470e-859e-a539e15b0113','teamnn','ليتلب','لسيالي','esports/f85bc3d6-2771-4b5d-ab66-cf44709bfb00__Screenshot from 2023-01-01 10-31-02.png',1,3,'8c7e5802-b8ad-43db-98c6-92b2084e283a','2023-03-16 15:07:48','8c7e5802-b8ad-43db-98c6-92b2084e283a','2023-03-16 15:07:48','CLAN_TEAM',NULL,'TEM_70865904',0,NULL,NULL,'8c7e5802-b8ad-43db-98c6-92b2084e283a'),(43,'bffeae29-8b07-46b4-9e8c-bc986195939a','enpi','انبى',NULL,NULL,1,4,'8c7e5802-b8ad-43db-98c6-92b2084e283a','2023-03-16 15:45:55','8c7e5802-b8ad-43db-98c6-92b2084e283a','2023-03-16 15:45:55','CLAN_TEAM',NULL,'TEM_78167577',0,NULL,NULL,'8c7e5802-b8ad-43db-98c6-92b2084e283a'),(44,'619fd0a7-4b5c-4068-ab8b-bbc36f7f6179','zamlek','زمالك','سشي',NULL,1,3,'8c7e5802-b8ad-43db-98c6-92b2084e283a','2023-03-16 15:58:47','8c7e5802-b8ad-43db-98c6-92b2084e283a','2023-03-16 15:58:47','CLAN_TEAM',NULL,'TEM_78240178',0,NULL,NULL,'8c7e5802-b8ad-43db-98c6-92b2084e283a'),(45,'a17978cc-38e4-4a02-8177-8b36fea8d438','ggxggeeetdd','ننينننن','Good team ...','alnasr-team.png',1,6,'8c7e5802-b8ad-43db-98c6-92b2084e283a','2023-03-16 18:32:58','8c7e5802-b8ad-43db-98c6-92b2084e283a','2023-03-16 18:32:58','CLAN_TEAM',NULL,'TEM_56698163',0,NULL,NULL,'8c7e5802-b8ad-43db-98c6-92b2084e283a'),(46,'ef8b9167-f5ba-4b15-a851-7bc8fe1e6665','gggeeetdd','ننننن','Good team ...','alnasr-team.png',1,6,'8c7e5802-b8ad-43db-98c6-92b2084e283a','2023-03-16 18:37:40','8c7e5802-b8ad-43db-98c6-92b2084e283a','2023-03-16 18:37:40','CLAN_TEAM',NULL,'TEM_48770283',0,NULL,NULL,'8c7e5802-b8ad-43db-98c6-92b2084e283a'),(47,'4d54e8e0-e853-4733-9100-933489859e0f','gggetdd','نننن','Good team ...','alnasr-team.png',1,6,'8c7e5802-b8ad-43db-98c6-92b2084e283a','2023-03-16 18:41:53','8c7e5802-b8ad-43db-98c6-92b2084e283a','2023-03-16 18:41:53','CLAN_TEAM',NULL,'TEM_73756932',0,NULL,NULL,'8c7e5802-b8ad-43db-98c6-92b2084e283a'),(48,'68e9900e-15e7-4321-bae6-6d1e93aa646b','TEam one','تيم وان',NULL,NULL,0,1,'d9c76d9a-1fb3-46c6-9d1f-f2d00864825f','2023-03-16 18:48:17','d9c76d9a-1fb3-46c6-9d1f-f2d00864825f','2023-03-16 18:48:17','CLAN_TEAM',NULL,'TEM_22473812',0,NULL,NULL,'d9c76d9a-1fb3-46c6-9d1f-f2d00864825f'),(49,'d376ae0f-74d8-4dca-aaee-4305c3f73c43','TEam two','تيم تو',NULL,NULL,0,1,'d9c76d9a-1fb3-46c6-9d1f-f2d00864825f','2023-03-16 18:49:23','d9c76d9a-1fb3-46c6-9d1f-f2d00864825f','2023-03-16 18:49:23','CLAN_TEAM',NULL,'TEM_91098270',0,NULL,NULL,'d9c76d9a-1fb3-46c6-9d1f-f2d00864825f'),(50,'fa782731-36f8-4828-a8ee-03a7607967d5','Team Three','تيم ظري',NULL,NULL,1,1,'d9c76d9a-1fb3-46c6-9d1f-f2d00864825f','2023-03-16 18:53:47','d9c76d9a-1fb3-46c6-9d1f-f2d00864825f','2023-03-16 18:53:47','CLAN_TEAM',NULL,'TEM_88069915',0,NULL,NULL,'d9c76d9a-1fb3-46c6-9d1f-f2d00864825f'),(51,'df457828-6f6a-459f-8f23-c409ce715487','Team four','تيم فور',NULL,NULL,1,1,'d9c76d9a-1fb3-46c6-9d1f-f2d00864825f','2023-03-16 18:54:51','d9c76d9a-1fb3-46c6-9d1f-f2d00864825f','2023-03-16 18:54:51','CLAN_TEAM',NULL,'TEM_67054770',0,NULL,NULL,'d9c76d9a-1fb3-46c6-9d1f-f2d00864825f'),(52,'5406cd1c-0c0f-4813-a110-dfc06553793d','Sample','تيستتيستتيست','test','esports/ae9191ed-1b2e-49d7-90c3-ee559284e812__2014-10-22+16.32.38.jpg',0,2,'143960ef-65f9-4eb8-9906-b12d3535f2e1','2023-03-16 19:14:40','143960ef-65f9-4eb8-9906-b12d3535f2e1','2023-03-16 22:34:39','CLUB_TEAM',31,'TEM_71064110',0,NULL,NULL,'143960ef-65f9-4eb8-9906-b12d3535f2e1'),(55,'436ece81-7dd9-4dc6-9097-3e1875586cba','Team Five','تيم فايف',NULL,NULL,1,1,'d9c76d9a-1fb3-46c6-9d1f-f2d00864825f','2023-03-16 19:26:59','d9c76d9a-1fb3-46c6-9d1f-f2d00864825f','2023-03-16 19:26:59','CLAN_TEAM',NULL,'TEM_54156242',0,NULL,NULL,'d9c76d9a-1fb3-46c6-9d1f-f2d00864825f'),(56,'8319da17-4fd1-4f30-a63c-fa6335e16cf1','getdd','ننن','Good team ...','alnasr-team.png',1,6,'8c7e5802-b8ad-43db-98c6-92b2084e283a','2023-03-16 19:38:02','8c7e5802-b8ad-43db-98c6-92b2084e283a','2023-03-16 19:38:02','CLAN_TEAM',NULL,'TEM_57588883',0,NULL,NULL,'8c7e5802-b8ad-43db-98c6-92b2084e283a'),(57,'2292ebaa-735a-4ae6-b864-29fb4f19a83f','Ossama Team','اسامه تيم',NULL,NULL,1,1,'d9c76d9a-1fb3-46c6-9d1f-f2d00864825f','2023-03-16 19:39:13','d9c76d9a-1fb3-46c6-9d1f-f2d00864825f','2023-03-16 19:39:13','CLAN_TEAM',NULL,'TEM_25475693',0,NULL,NULL,'d9c76d9a-1fb3-46c6-9d1f-f2d00864825f'),(58,'07261603-87bc-4f00-a676-25eb2f96a2ed','Team ossama','تيم اسامه',NULL,NULL,1,1,'d9c76d9a-1fb3-46c6-9d1f-f2d00864825f','2023-03-16 19:44:04','d9c76d9a-1fb3-46c6-9d1f-f2d00864825f','2023-03-16 19:44:04','CLAN_TEAM',NULL,'TEM_54611818',0,NULL,NULL,'d9c76d9a-1fb3-46c6-9d1f-f2d00864825f'),(59,'6b86cf23-2fb2-42d2-ba23-c37de8be847b','Team X','تيم اكس',NULL,NULL,1,1,'d9c76d9a-1fb3-46c6-9d1f-f2d00864825f','2023-03-16 19:47:41','d9c76d9a-1fb3-46c6-9d1f-f2d00864825f','2023-03-16 19:47:41','CLAN_TEAM',NULL,'TEM_96632015',0,NULL,NULL,'d9c76d9a-1fb3-46c6-9d1f-f2d00864825f'),(60,'ddf20a5c-e5ad-4f1f-8389-2d7355f0d378','EFClubTeam','ملتلتتلتتملت','BQjfu','gRj.png',1,1,'995586bb-81d1-4490-a8ec-936555f6f3c4','2023-03-16 19:59:47','995586bb-81d1-4490-a8ec-936555f6f3c4','2023-03-16 19:59:47','CLUB_TEAM',43,'TEM_19324624',0,NULL,NULL,'995586bb-81d1-4490-a8ec-936555f6f3c4'),(61,'b7a18beb-025a-45f2-be91-4a2a317f713f','gwClubTeam','ملتلتتلتملت','FIcMT','Una.png',1,1,'995586bb-81d1-4490-a8ec-936555f6f3c4','2023-03-16 20:09:09','995586bb-81d1-4490-a8ec-936555f6f3c4','2023-03-16 20:09:09','CLUB_TEAM',43,'TEM_67270796',0,NULL,NULL,'995586bb-81d1-4490-a8ec-936555f6f3c4'),(62,'9dce68f3-6d67-45ab-bd66-105ba54cb510','testttttttttttttt','ااااااااااااااااااااااا','','Ddd',1,2,'ca66a676-a8dd-49f8-b07f-72576e17c52a','2023-03-16 20:12:17','ca66a676-a8dd-49f8-b07f-72576e17c52a','2023-03-16 20:12:17','CLUB_TEAM',24,'TEM_75661528',0,NULL,NULL,'ca66a676-a8dd-49f8-b07f-72576e17c52a'),(63,'0beeb5a4-0a06-4860-af96-5e1b24b89dd1','team y','تيم وي','شبي',NULL,1,1,'d9c76d9a-1fb3-46c6-9d1f-f2d00864825f','2023-03-16 20:19:11','d9c76d9a-1fb3-46c6-9d1f-f2d00864825f','2023-03-16 20:19:11','CLAN_TEAM',NULL,'TEM_58126404',0,NULL,NULL,'d9c76d9a-1fb3-46c6-9d1f-f2d00864825f'),(64,'ef0d7075-ac8c-4bde-99e6-52d6a4c50efd','nhClubTeam','ملتلتلتملت','Anqyb','sbG.png',1,1,'995586bb-81d1-4490-a8ec-936555f6f3c4','2023-03-16 20:47:05','995586bb-81d1-4490-a8ec-936555f6f3c4','2023-03-16 20:47:05','CLUB_TEAM',43,'TEM_63647441',0,NULL,NULL,'995586bb-81d1-4490-a8ec-936555f6f3c4'),(65,'bf461eeb-fd8e-49c9-ae43-3b39499780aa','XHClubTeam','ملتلتلتلتلتملت','YgHoK','YDU.png',1,1,'995586bb-81d1-4490-a8ec-936555f6f3c4','2023-03-16 20:50:55','995586bb-81d1-4490-a8ec-936555f6f3c4','2023-03-16 20:50:55','CLUB_TEAM',43,'TEM_43857995',0,NULL,NULL,'995586bb-81d1-4490-a8ec-936555f6f3c4'),(66,'cfe7c951-4dd5-4751-b92f-3017f2a661a8','mCClubTeam','ملتلتلتلتلتملتملتلتلتلتلتملت','mSjMH','PGr.png',1,1,'995586bb-81d1-4490-a8ec-936555f6f3c4','2023-03-16 20:52:10','995586bb-81d1-4490-a8ec-936555f6f3c4','2023-03-16 20:52:10','CLUB_TEAM',43,'TEM_28347656',0,NULL,NULL,'995586bb-81d1-4490-a8ec-936555f6f3c4'),(67,'cda7e14b-0ff4-4ceb-b8f7-12b9c6d2e1fe','lkkk','ستيتيس',NULL,NULL,1,1,'d9c76d9a-1fb3-46c6-9d1f-f2d00864825f','2023-03-16 20:52:24','d9c76d9a-1fb3-46c6-9d1f-f2d00864825f','2023-03-16 20:52:24','CLAN_TEAM',NULL,'TEM_10164301',0,NULL,NULL,'d9c76d9a-1fb3-46c6-9d1f-f2d00864825f'),(68,'6915b51c-b6bd-4301-acee-aa1f83151f74','dsa','بيسش',NULL,NULL,1,1,'d9c76d9a-1fb3-46c6-9d1f-f2d00864825f','2023-03-16 21:10:37','d9c76d9a-1fb3-46c6-9d1f-f2d00864825f','2023-03-16 21:10:37','CLAN_TEAM',NULL,'TEM_65778538',0,NULL,NULL,'d9c76d9a-1fb3-46c6-9d1f-f2d00864825f'),(69,'a46f2c78-797f-4e3e-9562-aeac7a56a51d','team tt','تيم فف',NULL,NULL,1,1,'d9c76d9a-1fb3-46c6-9d1f-f2d00864825f','2023-03-16 21:33:06','d9c76d9a-1fb3-46c6-9d1f-f2d00864825f','2023-03-16 21:33:06','CLAN_TEAM',NULL,'TEM_98399791',0,NULL,NULL,'d9c76d9a-1fb3-46c6-9d1f-f2d00864825f'),(70,'d144a3af-7855-4228-8cbc-2fdfa6c19105','TEam tts','تيم ف',NULL,NULL,1,1,'d9c76d9a-1fb3-46c6-9d1f-f2d00864825f','2023-03-16 21:37:20','d9c76d9a-1fb3-46c6-9d1f-f2d00864825f','2023-03-16 21:37:20','CLAN_TEAM',NULL,'TEM_94663344',0,NULL,NULL,'d9c76d9a-1fb3-46c6-9d1f-f2d00864825f'),(71,'be116a0b-3630-4eed-8545-a85af2f8eaeb','TEam AVC','تيم ام في سي',NULL,NULL,1,1,'d9c76d9a-1fb3-46c6-9d1f-f2d00864825f','2023-03-17 17:14:04','d9c76d9a-1fb3-46c6-9d1f-f2d00864825f','2023-03-17 17:14:04','CLAN_TEAM',NULL,'TEM_78117351',0,NULL,NULL,'d9c76d9a-1fb3-46c6-9d1f-f2d00864825f'),(72,'05008b9d-21ae-4a24-a6b2-8715a10efd96','Mahmoud','ببلا',NULL,NULL,0,3,'bbc8fc36-79e9-4cc8-926d-7fa1ff23168c','2023-03-17 22:51:20','bbc8fc36-79e9-4cc8-926d-7fa1ff23168c','2023-03-29 00:17:07','CLAN_TEAM',NULL,'TEM_65967279',1,NULL,'bbc8fc36-79e9-4cc8-926d-7fa1ff23168c','bbc8fc36-79e9-4cc8-926d-7fa1ff23168c'),(73,'9ae41662-466e-45c2-a927-ff96c328013f','Bassem','شسيبشب',NULL,NULL,0,1,'bbc8fc36-79e9-4cc8-926d-7fa1ff23168c','2023-03-17 22:56:32','bbc8fc36-79e9-4cc8-926d-7fa1ff23168c','2023-03-27 22:00:03','CLAN_TEAM',NULL,'TEM_98631587',1,NULL,'bbc8fc36-79e9-4cc8-926d-7fa1ff23168c','bbc8fc36-79e9-4cc8-926d-7fa1ff23168c'),(74,'1afbd47e-7c34-4c29-ba1d-414ae0f8b130','ayman','ايمن',NULL,NULL,0,1,'a0d668c5-3e54-4eca-af6f-e28e26d6e1f2','2023-03-18 21:32:50','a0d668c5-3e54-4eca-af6f-e28e26d6e1f2','2023-03-18 21:32:50','CLAN_TEAM',NULL,'TEM_73367758',1,NULL,NULL,'a0d668c5-3e54-4eca-af6f-e28e26d6e1f2'),(75,'cfb43ac7-11cd-42ba-b6a5-9fd102cb9d16','test3','ليليسل',NULL,NULL,0,2,'a0d668c5-3e54-4eca-af6f-e28e26d6e1f2','2023-03-18 23:02:54','a0d668c5-3e54-4eca-af6f-e28e26d6e1f2','2023-03-18 23:02:54','CLAN_TEAM',NULL,'TEM_70944030',1,NULL,NULL,'a0d668c5-3e54-4eca-af6f-e28e26d6e1f2'),(76,'6d614f5d-69ad-4a7a-9b8e-c478f2b37090','riadh','رياض',NULL,'esports/770f8f26-5b7a-4524-adea-6a7a0e3eccfc__avatar-png-images-1-image-blank-avatar-image-pngavatar-png-free-transparent-png-images-pngaaacom.png',1,1,'6fc89443-3bc5-4e03-9de5-e69e5394c90f','2023-03-19 10:10:22','6fc89443-3bc5-4e03-9de5-e69e5394c90f','2023-03-19 10:10:22','CLAN_TEAM',NULL,'TEM_34616882',0,NULL,NULL,'6fc89443-3bc5-4e03-9de5-e69e5394c90f'),(77,'afb64308-1a3f-49a3-b941-7a0f36a0d0d1','riadh22','اثنين ياض',NULL,'esports/1f82e77a-685e-48cc-ba3b-95c1342cbf0f__avatar-png-images-1-image-blank-avatar-image-pngavatar-png-free-transparent-png-images-pngaaacom.png',0,6,'8802fbb9-c46d-482e-93b6-c83ec3be61b8','2023-03-19 11:25:03','8802fbb9-c46d-482e-93b6-c83ec3be61b8','2023-03-28 21:33:02','CLAN_TEAM',NULL,'TEM_60252325',1,NULL,'8802fbb9-c46d-482e-93b6-c83ec3be61b8','8802fbb9-c46d-482e-93b6-c83ec3be61b8'),(78,'28ae9803-55e7-466f-9329-31b771ffc64c','HHH','ههه',NULL,NULL,1,1,'a0d668c5-3e54-4eca-af6f-e28e26d6e1f2','2023-03-19 11:41:07','a0d668c5-3e54-4eca-af6f-e28e26d6e1f2','2023-03-19 11:41:07','CLAN_TEAM',NULL,'TEM_97410979',0,NULL,NULL,'a0d668c5-3e54-4eca-af6f-e28e26d6e1f2'),(79,'b3f0d786-b6e3-4c97-9ee1-26a37255b346','riadhhhhh','رياضضضض',NULL,'esports/7b9f1d03-20ae-44c5-9fa3-15d3bec77960__avatar-png-images-1-image-blank-avatar-image-pngavatar-png-free-transparent-png-images-pngaaacom.png',1,5,'995586bb-81d1-4490-a8ec-936555f6f3c4','2023-03-19 11:56:39','995586bb-81d1-4490-a8ec-936555f6f3c4','2023-04-17 12:39:41','CLUB_TEAM',43,'TEM_62979245',0,NULL,NULL,'995586bb-81d1-4490-a8ec-936555f6f3c4'),(80,'cdca5ecb-02a3-4aac-b3d6-1dea332c59af','afasfasf','شسبيشسي',NULL,NULL,1,1,'a0d668c5-3e54-4eca-af6f-e28e26d6e1f2','2023-03-19 17:15:09','a0d668c5-3e54-4eca-af6f-e28e26d6e1f2','2023-03-19 17:15:09','CLAN_TEAM',NULL,'TEM_39256687',0,NULL,NULL,'a0d668c5-3e54-4eca-af6f-e28e26d6e1f2'),(81,'7177af86-2382-4a4e-9082-d4f27390a4c5','riadh club','نادي رياض',NULL,'esports/e06bf777-8bd1-4b43-911d-dd9fcdec447f__pubg.png',1,1,'143960ef-65f9-4eb8-9906-b12d3535f2e1','2023-03-19 19:15:22','143960ef-65f9-4eb8-9906-b12d3535f2e1','2023-04-13 16:08:30','CLUB_TEAM',31,'TEM_77389669',0,NULL,NULL,'143960ef-65f9-4eb8-9906-b12d3535f2e1'),(82,'55d9482b-8069-46ec-ad04-e29f82900ca5','riadh clubbbb','نادي رياضضضض',NULL,NULL,1,1,'6fc89443-3bc5-4e03-9de5-e69e5394c90f','2023-03-19 19:17:33','6fc89443-3bc5-4e03-9de5-e69e5394c90f','2023-03-19 19:17:33','CLAN_TEAM',NULL,'TEM_69178285',0,NULL,NULL,'6fc89443-3bc5-4e03-9de5-e69e5394c90f'),(83,'d7d689a7-5cd5-448d-9ef9-19b184e5c13a','riadh cluuuub','نادي ريييياض',NULL,NULL,1,3,'6fc89443-3bc5-4e03-9de5-e69e5394c90f','2023-03-19 19:21:04','6fc89443-3bc5-4e03-9de5-e69e5394c90f','2023-03-19 19:21:04','CLAN_TEAM',NULL,'TEM_13722421',0,NULL,NULL,'6fc89443-3bc5-4e03-9de5-e69e5394c90f'),(84,'c3bf815c-67b2-4866-82ce-367be259a738','Team kafka','تيم كافكا',NULL,NULL,1,1,'d9c76d9a-1fb3-46c6-9d1f-f2d00864825f','2023-03-19 21:37:11','d9c76d9a-1fb3-46c6-9d1f-f2d00864825f','2023-03-19 21:37:11','CLAN_TEAM',NULL,'TEM_61077255',0,NULL,NULL,'d9c76d9a-1fb3-46c6-9d1f-f2d00864825f'),(85,'4399cfc4-4c0d-45ff-9e1c-326ae8aa76a9','Team cnn','تيم اس',NULL,NULL,1,1,'d9c76d9a-1fb3-46c6-9d1f-f2d00864825f','2023-03-19 22:15:31','d9c76d9a-1fb3-46c6-9d1f-f2d00864825f','2023-03-19 22:15:31','CLAN_TEAM',NULL,'TEM_64219015',0,NULL,NULL,'d9c76d9a-1fb3-46c6-9d1f-f2d00864825f'),(86,'0d72e5e2-757c-475b-b5e7-e6e0cc156032','team xy','زووتيم اكس',NULL,NULL,1,2,'d9c76d9a-1fb3-46c6-9d1f-f2d00864825f','2023-03-20 00:36:19','d9c76d9a-1fb3-46c6-9d1f-f2d00864825f','2023-03-20 00:36:19','CLAN_TEAM',NULL,'TEM_37863313',0,NULL,NULL,'d9c76d9a-1fb3-46c6-9d1f-f2d00864825f'),(87,'03fc9eea-2b3a-4721-8072-82047f575e40','test team','فريق','test team',NULL,1,5,'c24a6bab-8ff3-4bc8-99cb-47be3016adbb','2023-03-20 00:56:19','c24a6bab-8ff3-4bc8-99cb-47be3016adbb','2023-03-20 00:56:19','CLAN_TEAM',NULL,'TEM_96659526',0,NULL,NULL,'c24a6bab-8ff3-4bc8-99cb-47be3016adbb'),(88,'0f485c96-fd08-49eb-84ca-5382761b6e03','team o','تيم اوو',NULL,NULL,1,1,'d9c76d9a-1fb3-46c6-9d1f-f2d00864825f','2023-03-20 11:53:12','d9c76d9a-1fb3-46c6-9d1f-f2d00864825f','2023-03-20 11:53:12','CLAN_TEAM',NULL,'TEM_69707692',0,NULL,NULL,'d9c76d9a-1fb3-46c6-9d1f-f2d00864825f'),(89,'f02dc45f-a110-43ff-9491-a0d960811d0c','test124321321','تيستتتت',NULL,NULL,1,1,'a0d668c5-3e54-4eca-af6f-e28e26d6e1f2','2023-03-20 13:22:22','a0d668c5-3e54-4eca-af6f-e28e26d6e1f2','2023-03-20 13:22:22','CLAN_TEAM',NULL,'TEM_58559888',0,NULL,NULL,'a0d668c5-3e54-4eca-af6f-e28e26d6e1f2'),(90,'70d0f325-be96-48eb-8fb7-75189859b188','Team os','تيم اوس',NULL,NULL,1,1,'d9c76d9a-1fb3-46c6-9d1f-f2d00864825f','2023-03-20 14:09:21','d9c76d9a-1fb3-46c6-9d1f-f2d00864825f','2023-03-20 14:09:21','CLAN_TEAM',NULL,'TEM_83676368',0,NULL,NULL,'d9c76d9a-1fb3-46c6-9d1f-f2d00864825f'),(91,'cc59363f-3128-4341-b2cd-6188ff8ff454','riadhhhhh2023','رياض ثلاث ةعشرين',NULL,NULL,1,1,'6fc89443-3bc5-4e03-9de5-e69e5394c90f','2023-03-20 14:16:10','6fc89443-3bc5-4e03-9de5-e69e5394c90f','2023-03-20 14:16:10','CLAN_TEAM',NULL,'TEM_42702178',0,NULL,NULL,'6fc89443-3bc5-4e03-9de5-e69e5394c90f'),(92,'4c40a50f-2369-454c-9590-80ce57e8a0b7','team ttt','سااي',NULL,NULL,1,1,'2a6db681-faf8-45f4-a4cc-2d31d9f2dc06','2023-03-20 14:29:58','2a6db681-faf8-45f4-a4cc-2d31d9f2dc06','2023-03-20 14:29:58','CLAN_TEAM',NULL,'TEM_62481791',0,NULL,NULL,'2a6db681-faf8-45f4-a4cc-2d31d9f2dc06'),(93,'811aa950-adb7-4081-a77d-d387b9fbf6ec','Team sss','تيم سسس',NULL,NULL,1,1,'2a6db681-faf8-45f4-a4cc-2d31d9f2dc06','2023-03-20 14:47:28','2a6db681-faf8-45f4-a4cc-2d31d9f2dc06','2023-03-20 14:47:28','CLAN_TEAM',NULL,'TEM_84302425',0,NULL,NULL,'2a6db681-faf8-45f4-a4cc-2d31d9f2dc06'),(94,'01707f86-edce-4448-add1-9a58653275de','team c','تيم سي',NULL,NULL,1,1,'2a6db681-faf8-45f4-a4cc-2d31d9f2dc06','2023-03-20 15:49:20','2a6db681-faf8-45f4-a4cc-2d31d9f2dc06','2023-03-20 15:49:20','CLAN_TEAM',NULL,'TEM_34066753',0,NULL,NULL,'2a6db681-faf8-45f4-a4cc-2d31d9f2dc06'),(95,'c67c8db9-50bc-42f3-9093-a4bbc3b38de6','jXClubTeam','متمت','KwmTs','LcT.png',1,1,'5266af14-cf5c-4a59-ace4-9604a9baf538','2023-03-20 18:26:41','5266af14-cf5c-4a59-ace4-9604a9baf538','2023-03-20 18:26:41','CLAN_TEAM',NULL,'TEM_17426495',0,NULL,NULL,'5266af14-cf5c-4a59-ace4-9604a9baf538'),(96,'857e1c59-6b86-416f-9eac-6b50c57b8c89','tUClubTeam','متمتمتمت','NebaE','Vjt.png',1,1,'1d35d2f7-9006-4f09-9eaa-93a20282a050','2023-03-20 18:33:54','1d35d2f7-9006-4f09-9eaa-93a20282a050','2023-03-20 18:33:54','CLAN_TEAM',NULL,'TEM_84932218',1,NULL,NULL,'1d35d2f7-9006-4f09-9eaa-93a20282a050'),(97,'d2709af1-e3ef-4c64-9f61-3fde3faca2a3','xteam','برشلونه','يببيسب',NULL,0,2,'8802fbb9-c46d-482e-93b6-c83ec3be61b8','2023-03-20 20:01:04','8802fbb9-c46d-482e-93b6-c83ec3be61b8','2023-03-28 20:43:52','CLAN_TEAM',NULL,'TEM_72381611',1,NULL,'8802fbb9-c46d-482e-93b6-c83ec3be61b8','8802fbb9-c46d-482e-93b6-c83ec3be61b8'),(98,'3fa08a21-ed68-443a-8312-5621b5f64cef','ayman inv','هىر',NULL,NULL,1,1,'a0d668c5-3e54-4eca-af6f-e28e26d6e1f2','2023-03-21 15:34:31','a0d668c5-3e54-4eca-af6f-e28e26d6e1f2','2023-03-21 15:34:31','CLAN_TEAM',NULL,'TEM_71114061',0,NULL,NULL,'a0d668c5-3e54-4eca-af6f-e28e26d6e1f2'),(99,'b004eba1-702a-4cab-b3ce-d5e8f10c956d','tftftrf','غغغ',NULL,NULL,1,1,'a0d668c5-3e54-4eca-af6f-e28e26d6e1f2','2023-03-21 16:48:47','a0d668c5-3e54-4eca-af6f-e28e26d6e1f2','2023-03-21 16:48:47','CLAN_TEAM',NULL,'TEM_18412197',0,NULL,NULL,'a0d668c5-3e54-4eca-af6f-e28e26d6e1f2'),(100,'100e58c7-ec1b-42fc-8282-387f95fd28ea','qrqwrqwr','قضصثض',NULL,NULL,1,1,'a0d668c5-3e54-4eca-af6f-e28e26d6e1f2','2023-03-21 17:31:23','a0d668c5-3e54-4eca-af6f-e28e26d6e1f2','2023-03-21 17:31:23','CLAN_TEAM',NULL,'TEM_70726773',0,NULL,NULL,'a0d668c5-3e54-4eca-af6f-e28e26d6e1f2'),(101,'d9ce0c84-a59f-4a49-85cd-20b59734fa3d','asfasfafsaf','شبشسبش',NULL,NULL,1,4,'a0d668c5-3e54-4eca-af6f-e28e26d6e1f2','2023-03-21 17:35:47','a0d668c5-3e54-4eca-af6f-e28e26d6e1f2','2023-03-21 17:35:47','CLAN_TEAM',NULL,'TEM_98397279',0,NULL,NULL,'a0d668c5-3e54-4eca-af6f-e28e26d6e1f2'),(102,'17247b7d-1225-4695-a09b-5b48515c453b','osama','اوس اوس',NULL,NULL,1,1,'a0d668c5-3e54-4eca-af6f-e28e26d6e1f2','2023-03-21 17:58:07','a0d668c5-3e54-4eca-af6f-e28e26d6e1f2','2023-03-21 17:58:07','CLAN_TEAM',NULL,'TEM_79806077',0,NULL,NULL,'a0d668c5-3e54-4eca-af6f-e28e26d6e1f2'),(103,'c35b610b-c649-4cf6-af84-2ad9f36b0ff5','afsiujsaf','تبهث',NULL,NULL,1,3,'a0d668c5-3e54-4eca-af6f-e28e26d6e1f2','2023-03-21 18:26:58','a0d668c5-3e54-4eca-af6f-e28e26d6e1f2','2023-03-21 18:26:58','CLAN_TEAM',NULL,'TEM_38385526',0,NULL,NULL,'a0d668c5-3e54-4eca-af6f-e28e26d6e1f2'),(104,'7a3aacb3-3a95-4674-8f21-8c21fe6be84c','rtyu','بلا',NULL,NULL,1,1,'a0d668c5-3e54-4eca-af6f-e28e26d6e1f2','2023-03-21 20:18:11','a0d668c5-3e54-4eca-af6f-e28e26d6e1f2','2023-03-21 20:18:11','CLAN_TEAM',NULL,'TEM_79774533',0,NULL,NULL,'a0d668c5-3e54-4eca-af6f-e28e26d6e1f2'),(105,'6ec79ff9-606c-43cf-8afd-a7c142d66979','fojisajfias','تهلبشبه',NULL,NULL,1,1,'a0d668c5-3e54-4eca-af6f-e28e26d6e1f2','2023-03-21 22:49:54','a0d668c5-3e54-4eca-af6f-e28e26d6e1f2','2023-03-21 22:49:54','CLAN_TEAM',NULL,'TEM_87357014',0,NULL,NULL,'a0d668c5-3e54-4eca-af6f-e28e26d6e1f2'),(106,'3187c6cb-fde6-4ddb-83ad-bf3c2005528e','Team oo','تيم يتيت',NULL,NULL,1,1,'04517f56-b984-423c-8bfb-ed44d6bfa67a','2023-03-22 13:53:06','04517f56-b984-423c-8bfb-ed44d6bfa67a','2023-03-22 13:53:06','CLAN_TEAM',NULL,'TEM_97461473',0,NULL,NULL,'04517f56-b984-423c-8bfb-ed44d6bfa67a'),(107,'01ae589b-375b-4255-ab0b-6bbb8253d687','Team yxyxyx','تيم سيايسا',NULL,NULL,1,1,'04517f56-b984-423c-8bfb-ed44d6bfa67a','2023-03-22 13:54:38','04517f56-b984-423c-8bfb-ed44d6bfa67a','2023-03-30 01:09:57','CLAN_TEAM',NULL,'TEM_25236327',0,NULL,NULL,'04517f56-b984-423c-8bfb-ed44d6bfa67a'),(108,'1b3486c7-896d-458c-b510-6a8352dd475f','test teamm','فثسف تت',NULL,NULL,1,2,'c58814a1-27cb-4a3a-a1d7-f28ec4e3fe68','2023-03-22 18:14:47','c58814a1-27cb-4a3a-a1d7-f28ec4e3fe68','2023-03-22 18:14:47','CLAN_TEAM',NULL,'TEM_33797220',0,NULL,NULL,'c58814a1-27cb-4a3a-a1d7-f28ec4e3fe68'),(109,'61d9ac28-9534-45c9-912d-8efc43214a84','First teammmmmm','لاتنمنتتن',NULL,'esports/f570a0be-063b-4767-b726-61cdf8a26a6f__jpg.jpg',1,3,'3d6f3253-d2a6-436d-ad8b-62f55ecd396a','2023-03-22 21:58:00','3d6f3253-d2a6-436d-ad8b-62f55ecd396a','2023-03-22 22:04:44','CLUB_TEAM',48,'TEM_93277124',0,NULL,NULL,'3d6f3253-d2a6-436d-ad8b-62f55ecd396a'),(110,'f56b9137-5026-407e-848f-0734bb2bc340','player teamtt','يبلاتنتا',NULL,NULL,1,3,'5a4b27ec-b1c4-471c-b3d9-0c42e9aa0ef0','2023-03-22 22:09:02','5a4b27ec-b1c4-471c-b3d9-0c42e9aa0ef0','2023-03-22 22:09:22','CLAN_TEAM',NULL,'TEM_64993961',0,NULL,NULL,'5a4b27ec-b1c4-471c-b3d9-0c42e9aa0ef0'),(111,'6c108e0b-bc26-4f52-98ae-7cb743fc953d','Mahmoud Edit Team','تتيسنتسنيتنيست',',.<><>','esports/642d3ef4-c261-4124-9bc2-49d94bab3952__cropped.png',1,2,'143960ef-65f9-4eb8-9906-b12d3535f2e1','2023-03-23 16:38:34','143960ef-65f9-4eb8-9906-b12d3535f2e1','2023-04-12 21:15:19','CLUB_TEAM',31,'TEM_45138436',0,NULL,NULL,'143960ef-65f9-4eb8-9906-b12d3535f2e1'),(112,'0e29383b-31c8-4529-ba3f-fc48d9a485ca','tem333','الفريق 333',NULL,NULL,1,20,'1d35d2f7-9006-4f09-9eaa-93a20282a050','2023-03-28 14:39:40','1d35d2f7-9006-4f09-9eaa-93a20282a050','2023-03-28 14:39:40','CLAN_TEAM',NULL,'TEM_39372385',1,NULL,NULL,'1d35d2f7-9006-4f09-9eaa-93a20282a050'),(113,'34840a05-b647-4f0a-9228-38a981a8df2d','Team new ss','تيم يتيتس',NULL,NULL,1,1,'04517f56-b984-423c-8bfb-ed44d6bfa67a','2023-03-28 23:28:05','04517f56-b984-423c-8bfb-ed44d6bfa67a','2023-03-28 23:28:05','CLAN_TEAM',NULL,'TEM_82491661',1,NULL,NULL,'04517f56-b984-423c-8bfb-ed44d6bfa67a'),(114,'5635c6c7-dc8b-459e-9179-6cfb4c64e608','helllo','هالللو',NULL,NULL,0,1,'5266af14-cf5c-4a59-ace4-9604a9baf538','2023-03-29 00:47:58','5266af14-cf5c-4a59-ace4-9604a9baf538','2023-03-29 01:01:48','CLAN_TEAM',NULL,'TEM_24455080',1,'','31e22205-c789-4581-8e3c-5d013cbc07ae','5266af14-cf5c-4a59-ace4-9604a9baf538'),(115,'5bbe3ded-e90c-4a7f-a9e1-7cbeb1e8d49c','hehehehe','هىهىهىهىهىىه',NULL,NULL,1,1,'5266af14-cf5c-4a59-ace4-9604a9baf538','2023-03-29 01:28:26','5266af14-cf5c-4a59-ace4-9604a9baf538','2023-03-29 01:28:26','CLAN_TEAM',NULL,'TEM_73548580',0,NULL,NULL,'5266af14-cf5c-4a59-ace4-9604a9baf538'),(116,'0a7a9bff-9cbd-4737-8412-199ab06f8d82','yala','يالا',NULL,NULL,1,1,'5266af14-cf5c-4a59-ace4-9604a9baf538','2023-03-29 01:36:51','5266af14-cf5c-4a59-ace4-9604a9baf538','2023-03-29 01:36:51','CLAN_TEAM',NULL,'TEM_82677301',0,NULL,NULL,'5266af14-cf5c-4a59-ace4-9604a9baf538'),(117,'92eb8e2d-70f3-4d86-a3a5-91edef2c6124','aymasfimsa','تيهسشب',NULL,NULL,1,1,'5266af14-cf5c-4a59-ace4-9604a9baf538','2023-03-29 13:14:03','5266af14-cf5c-4a59-ace4-9604a9baf538','2023-03-29 13:14:03','CLAN_TEAM',NULL,'TEM_60599387',0,NULL,NULL,'5266af14-cf5c-4a59-ace4-9604a9baf538'),(118,'c047872e-64e7-4480-b588-22b9ad66c02b','aofkaosf','بخصبثخثصب',NULL,NULL,0,2,'cf465d7e-2823-4af0-82d0-56192034fa14','2023-03-29 14:04:50','cf465d7e-2823-4af0-82d0-56192034fa14','2023-03-29 14:04:50','CLAN_TEAM',NULL,'TEM_08977176',1,NULL,'cf465d7e-2823-4af0-82d0-56192034fa14','cf465d7e-2823-4af0-82d0-56192034fa14'),(119,'e0c1e0c1-6c61-4406-b5f8-11f4121e7ad3','testtt','اتسيسايت','سيستينستي',NULL,0,1,'0ae6de6a-53e0-46ef-ad77-e62ebb967f81','2023-03-29 16:18:04','0ae6de6a-53e0-46ef-ad77-e62ebb967f81','2023-04-27 19:01:43','CLAN_TEAM',NULL,'TEM_44889845',0,NULL,'0ae6de6a-53e0-46ef-ad77-e62ebb967f81','0ae6de6a-53e0-46ef-ad77-e62ebb967f81'),(120,'8ef19017-d633-41de-8d8c-e425c3048d2d','tvvvvcrcr','بقفبقبقب',NULL,NULL,0,3,'cf465d7e-2823-4af0-82d0-56192034fa14','2023-03-29 16:30:40','cf465d7e-2823-4af0-82d0-56192034fa14','2023-03-29 16:30:40','CLAN_TEAM',NULL,'TEM_06525783',1,NULL,'cf465d7e-2823-4af0-82d0-56192034fa14','cf465d7e-2823-4af0-82d0-56192034fa14'),(121,'dfd4fe34-18a7-45d8-9357-965605e8d40d','team','فريق جديد',NULL,NULL,0,28,'1d35d2f7-9006-4f09-9eaa-93a20282a050','2023-03-29 17:27:14','1d35d2f7-9006-4f09-9eaa-93a20282a050','2023-03-29 17:27:14','CLAN_TEAM',NULL,'TEM_45518319',1,NULL,NULL,'1d35d2f7-9006-4f09-9eaa-93a20282a050'),(122,'3b36ee87-8061-426b-93b2-8f1dcf77a33e','frsffrafe','بششسبيشش',NULL,NULL,0,1,'cf465d7e-2823-4af0-82d0-56192034fa14','2023-03-29 23:05:52','cf465d7e-2823-4af0-82d0-56192034fa14','2023-03-29 23:05:52','CLAN_TEAM',NULL,'TEM_81764722',1,'archive',NULL,'cf465d7e-2823-4af0-82d0-56192034fa14'),(123,'945f5f86-c376-41f8-83be-ffa3b661d4bb','fasfasfsaf','شسبشسيب',NULL,NULL,0,1,'cf465d7e-2823-4af0-82d0-56192034fa14','2023-03-30 00:47:16','cf465d7e-2823-4af0-82d0-56192034fa14','2023-03-30 00:47:16','CLAN_TEAM',NULL,'TEM_86398016',1,NULL,'cf465d7e-2823-4af0-82d0-56192034fa14','cf465d7e-2823-4af0-82d0-56192034fa14'),(124,'f38960b4-2500-4cd0-be9e-e457fd66b105','Team ss','ايمسسس',NULL,NULL,1,1,'04517f56-b984-423c-8bfb-ed44d6bfa67a','2023-03-30 01:01:50','04517f56-b984-423c-8bfb-ed44d6bfa67a','2023-03-30 01:20:02','CLAN_TEAM',NULL,'TEM_15187044',0,NULL,NULL,'04517f56-b984-423c-8bfb-ed44d6bfa67a'),(125,'cf699824-b2a3-429c-91a7-bd4ed82f513e','archive team','يشبسيش',NULL,NULL,0,1,'bbc8fc36-79e9-4cc8-926d-7fa1ff23168c','2023-03-30 12:37:20','bbc8fc36-79e9-4cc8-926d-7fa1ff23168c','2023-03-30 12:52:29','CLAN_TEAM',NULL,'TEM_67990663',1,NULL,NULL,'bbc8fc36-79e9-4cc8-926d-7fa1ff23168c'),(126,'56f9861f-4ec7-4494-b77b-a33b7ec5d471','team 36','فريق 36',NULL,NULL,0,5,'1d35d2f7-9006-4f09-9eaa-93a20282a050','2023-03-30 13:05:05','1d35d2f7-9006-4f09-9eaa-93a20282a050','2023-03-30 13:05:05','CLAN_TEAM',NULL,'TEM_09032394',1,NULL,NULL,'1d35d2f7-9006-4f09-9eaa-93a20282a050'),(127,'fc0da0c9-2b3b-4cdc-8968-c70f2b8f14cd','alahly','الاهلى',NULL,NULL,1,25,'1d35d2f7-9006-4f09-9eaa-93a20282a050','2023-03-30 13:07:26','1d35d2f7-9006-4f09-9eaa-93a20282a050','2023-04-12 03:12:58','CLAN_TEAM',NULL,'TEM_77797825',0,NULL,NULL,'1d35d2f7-9006-4f09-9eaa-93a20282a050'),(128,'dd7762f6-a2d5-4168-9b09-f5d163ef8b17','sadfsf','شسيبشسب',NULL,NULL,0,1,'8802fbb9-c46d-482e-93b6-c83ec3be61b8','2023-03-30 16:51:03','8802fbb9-c46d-482e-93b6-c83ec3be61b8','2023-03-30 16:51:03','CLAN_TEAM',NULL,'TEM_64221828',1,NULL,'8802fbb9-c46d-482e-93b6-c83ec3be61b8','8802fbb9-c46d-482e-93b6-c83ec3be61b8'),(129,'591bb390-6b18-4efa-892b-ce1dabf90ab5','xxx','سيسب سيس',NULL,NULL,0,3,'ee47bdba-55f5-480e-bdb6-6779b4fe616c','2023-03-30 18:18:27','ee47bdba-55f5-480e-bdb6-6779b4fe616c','2023-03-30 18:18:27','CLAN_TEAM',NULL,'TEM_58409706',1,NULL,'ee47bdba-55f5-480e-bdb6-6779b4fe616c','ee47bdba-55f5-480e-bdb6-6779b4fe616c'),(130,'70c48410-4b18-4fc5-aedf-6a7c7a807522','TEst Archieve','شيبشسيبش',NULL,NULL,0,1,'bbc8fc36-79e9-4cc8-926d-7fa1ff23168c','2023-03-30 22:54:52','bbc8fc36-79e9-4cc8-926d-7fa1ff23168c','2023-03-30 22:57:18','CLAN_TEAM',NULL,'TEM_10255376',1,'','31e22205-c789-4581-8e3c-5d013cbc07ae','bbc8fc36-79e9-4cc8-926d-7fa1ff23168c'),(131,'1b9a9363-a18d-4d25-b0ef-39de249370c2','askfoaksf','تشبهتسهشبشس',NULL,NULL,1,3,'cf465d7e-2823-4af0-82d0-56192034fa14','2023-04-02 15:46:35','cf465d7e-2823-4af0-82d0-56192034fa14','2023-04-05 13:28:34','CLAN_TEAM',NULL,'TEM_65306043',0,NULL,NULL,'cf465d7e-2823-4af0-82d0-56192034fa14'),(132,'396ea86c-0ff8-4bb9-9fd3-dd20100919ad','Team XXX','تيم ءءءءءء',NULL,NULL,1,1,'e8075900-1b59-4427-b124-0ae139dc255b','2023-04-03 12:38:29','e8075900-1b59-4427-b124-0ae139dc255b','2023-04-03 12:38:29','CLAN_TEAM',NULL,'TEM_09008775',0,NULL,NULL,'e8075900-1b59-4427-b124-0ae139dc255b'),(133,'76757d44-54c0-426f-b2d1-033833f3aa98','hello','تشهبشسبسش',NULL,NULL,0,1,'2e4bc7e7-fc2d-4390-9d52-49ca52a55b9f','2023-04-03 12:59:13','2e4bc7e7-fc2d-4390-9d52-49ca52a55b9f','2023-04-03 12:59:13','CLAN_TEAM',NULL,'TEM_60596106',1,'mmmm','31e22205-c789-4581-8e3c-5d013cbc07ae','2e4bc7e7-fc2d-4390-9d52-49ca52a55b9f'),(134,'3d83a96e-1175-4a77-b93e-3aa48c2fa5b4','teas','بليب',NULL,NULL,0,1,'ee47bdba-55f5-480e-bdb6-6779b4fe616c','2023-04-05 13:13:42','ee47bdba-55f5-480e-bdb6-6779b4fe616c','2023-04-05 13:15:13','CLAN_TEAM',NULL,'TEM_60096759',1,NULL,'ee47bdba-55f5-480e-bdb6-6779b4fe616c','ee47bdba-55f5-480e-bdb6-6779b4fe616c'),(135,'28bc4d02-6134-4318-a13d-33692bb73b51','team four s','تيم 4',NULL,NULL,0,1,'ee47bdba-55f5-480e-bdb6-6779b4fe616c','2023-04-05 13:14:09','ee47bdba-55f5-480e-bdb6-6779b4fe616c','2023-04-05 13:14:09','CLAN_TEAM',NULL,'TEM_64769811',1,NULL,'ee47bdba-55f5-480e-bdb6-6779b4fe616c','ee47bdba-55f5-480e-bdb6-6779b4fe616c'),(136,'461bf560-6c13-41df-8350-14d8bd4e8f36','testjaijfasf','شسبيسشبشسب',NULL,'esports/55a010a0-d0e6-4e46-8932-6fbd7b022b80__image (1).png',0,1,'3d6f3253-d2a6-436d-ad8b-62f55ecd396a','2023-04-05 13:40:36','3d6f3253-d2a6-436d-ad8b-62f55ecd396a','2023-04-05 13:40:36','CLUB_TEAM',48,'TEM_42147103',1,NULL,'3d6f3253-d2a6-436d-ad8b-62f55ecd396a','3d6f3253-d2a6-436d-ad8b-62f55ecd396a'),(137,'9932de24-a15a-470c-93d4-952723c1ed7a','hhhhhhhhh','سيبلاتن',NULL,'esports/b20b6378-f7b9-40d9-bf86-06a247f7b807__jjj.jpg',0,3,'3d6f3253-d2a6-436d-ad8b-62f55ecd396a','2023-04-05 16:04:30','3d6f3253-d2a6-436d-ad8b-62f55ecd396a','2023-04-05 16:04:30','CLUB_TEAM',48,'TEM_87551142',1,NULL,'3d6f3253-d2a6-436d-ad8b-62f55ecd396a','3d6f3253-d2a6-436d-ad8b-62f55ecd396a'),(138,'0e17ac34-308b-42d5-b5d2-21060c1e4b38','drftgyhuj','سيبفلغاعتهن',NULL,'esports/94a27647-d29a-4347-acf4-e869d82295e5__jjj.jpg',1,3,'3d6f3253-d2a6-436d-ad8b-62f55ecd396a','2023-04-05 16:05:33','3d6f3253-d2a6-436d-ad8b-62f55ecd396a','2023-04-05 16:05:33','CLUB_TEAM',48,'TEM_02207478',0,NULL,NULL,'3d6f3253-d2a6-436d-ad8b-62f55ecd396a'),(139,'8116a5f1-1cf4-4d86-ba21-a69df91c8a78','sasa','سسشي',NULL,NULL,0,1,'8802fbb9-c46d-482e-93b6-c83ec3be61b8','2023-04-05 16:35:13','8802fbb9-c46d-482e-93b6-c83ec3be61b8','2023-04-05 16:35:13','CLAN_TEAM',NULL,'TEM_15515629',1,NULL,'8802fbb9-c46d-482e-93b6-c83ec3be61b8','8802fbb9-c46d-482e-93b6-c83ec3be61b8'),(140,'d03a9d30-6bb1-4994-954f-193f85d1fccc','ffffff','يبلاتن',NULL,'esports/1b758f90-b9cb-4ccf-9836-77eabac69835__jpg.jpg',1,4,'682dbdff-03da-4083-9cd2-c896166792f5','2023-04-05 20:42:24','682dbdff-03da-4083-9cd2-c896166792f5','2023-04-05 20:42:24','CLUB_TEAM',79,'TEM_06763568',0,NULL,NULL,'682dbdff-03da-4083-9cd2-c896166792f5'),(141,'17c6855f-011f-48eb-96ac-c7bd42e2079c','testadsad','شبيشث',NULL,NULL,1,1,'5266af14-cf5c-4a59-ace4-9604a9baf538','2023-04-05 22:24:49','5266af14-cf5c-4a59-ace4-9604a9baf538','2023-04-05 22:24:49','CLAN_TEAM',NULL,'TEM_28188650',0,NULL,NULL,'5266af14-cf5c-4a59-ace4-9604a9baf538'),(142,'6f99b9c3-e145-4a23-91c7-0f3b677cdb68','asifjiasf','تشهبستسشب',NULL,NULL,1,1,'cf465d7e-2823-4af0-82d0-56192034fa14','2023-04-05 22:59:22','cf465d7e-2823-4af0-82d0-56192034fa14','2023-04-05 22:59:22','CLAN_TEAM',NULL,'TEM_46599980',0,NULL,NULL,'cf465d7e-2823-4af0-82d0-56192034fa14'),(144,'43a5936c-f8a7-4b84-a8d4-6498514ba30a','asdfa','يشسبسشب','fdfdsmf,dfm',NULL,0,1,'8802fbb9-c46d-482e-93b6-c83ec3be61b8','2023-04-07 22:13:31','8802fbb9-c46d-482e-93b6-c83ec3be61b8','2023-04-08 08:15:10','CLAN_TEAM',NULL,'TEM_39267515',1,'Team creator is blocked','b54b3b83-6996-40f3-9c56-00f9f3c2d035','8802fbb9-c46d-482e-93b6-c83ec3be61b8'),(145,'a0a67b47-1fa1-43bd-bbbe-b7bf95fc7872','refreee','ؤسي',NULL,NULL,0,2,'5b4f4475-6828-455f-8520-91abff0db9e7','2023-04-08 23:19:59','5b4f4475-6828-455f-8520-91abff0db9e7','2023-04-08 23:19:59','CLAN_TEAM',NULL,'TEM_89315189',1,'Team creator is blocked','b54b3b83-6996-40f3-9c56-00f9f3c2d035','5b4f4475-6828-455f-8520-91abff0db9e7'),(146,'1f40fba1-4cbe-4072-b773-4978ee504496','ghgh','ناناان',NULL,NULL,0,3,'5b4f4475-6828-455f-8520-91abff0db9e7','2023-04-08 23:33:52','5b4f4475-6828-455f-8520-91abff0db9e7','2023-04-08 23:33:52','CLAN_TEAM',NULL,'TEM_39618193',1,NULL,'5b4f4475-6828-455f-8520-91abff0db9e7','5b4f4475-6828-455f-8520-91abff0db9e7'),(147,'0ac34fb7-2ba2-4dd8-a89a-ee5290203558','fdsf','بيبيسب',NULL,NULL,0,3,'5b4f4475-6828-455f-8520-91abff0db9e7','2023-04-08 23:36:47','5b4f4475-6828-455f-8520-91abff0db9e7','2023-04-08 23:36:47','CLAN_TEAM',NULL,'TEM_54369146',1,'Team creator is blocked','b54b3b83-6996-40f3-9c56-00f9f3c2d035','5b4f4475-6828-455f-8520-91abff0db9e7'),(148,'fd70443c-edc4-4308-a7f3-fa35cb0d2fe2','xvcv','رءؤرؤ',NULL,NULL,0,5,'5b4f4475-6828-455f-8520-91abff0db9e7','2023-04-09 00:09:48','5b4f4475-6828-455f-8520-91abff0db9e7','2023-04-09 00:10:36','CLAN_TEAM',NULL,'TEM_88569777',1,NULL,'5b4f4475-6828-455f-8520-91abff0db9e7','5b4f4475-6828-455f-8520-91abff0db9e7'),(149,'4d90fe73-1d00-439c-87a9-51dfd1dda92f','ccxz','ؤءؤؤءئؤ',NULL,NULL,0,3,'7be640d4-a3c3-4d24-87f3-ab404d08a75a','2023-04-10 12:01:22','7be640d4-a3c3-4d24-87f3-ab404d08a75a','2023-04-10 12:11:13','CLAN_TEAM',NULL,'TEM_73337614',1,'Team creator is blocked','b54b3b83-6996-40f3-9c56-00f9f3c2d035','7be640d4-a3c3-4d24-87f3-ab404d08a75a'),(150,'3e54b52c-5d97-42d2-a944-1591d25103ce','Mohamed TEam','محمد سيشي',NULL,'esports/9f747e74-7b22-40d8-be33-45a64e1a0d32__images.jpeg',1,1,'a9b9098e-dda9-4220-9624-aebf6efa9188','2023-04-10 14:20:39','a9b9098e-dda9-4220-9624-aebf6efa9188','2023-04-10 14:20:39','CLUB_TEAM',69,'TEM_13186684',0,NULL,NULL,'a9b9098e-dda9-4220-9624-aebf6efa9188'),(151,'44947902-fdeb-4208-bc66-3dda73c9dd04','Mohamed team x','محمد تيميسيس',NULL,NULL,1,2,'ee47bdba-55f5-480e-bdb6-6779b4fe616c','2023-04-10 14:21:28','ee47bdba-55f5-480e-bdb6-6779b4fe616c','2023-04-15 18:27:22','CLAN_TEAM',NULL,'TEM_48964719',0,NULL,'ee47bdba-55f5-480e-bdb6-6779b4fe616c','7509d593-111a-439d-b1b0-2ba9a91ca11d'),(152,'2f2c912b-53d6-4465-8646-30cb8b93899a','aHMED','احنجيس يس',NULL,'esports/91fc41ce-7bdc-45ce-8006-2c186735c3b8__images.jpeg',1,6,'a9b9098e-dda9-4220-9624-aebf6efa9188','2023-04-10 15:12:38','a9b9098e-dda9-4220-9624-aebf6efa9188','2023-04-17 12:39:22','CLUB_TEAM',69,'TEM_47218341',0,NULL,NULL,'a9b9098e-dda9-4220-9624-aebf6efa9188'),(153,'f54d7289-4ad7-4269-a8ec-8633dfc60dce','mmm','سشي','',NULL,0,1,'8802fbb9-c46d-482e-93b6-c83ec3be61b8','2023-04-11 00:55:34','8802fbb9-c46d-482e-93b6-c83ec3be61b8','2023-04-11 00:55:34','CLAN_TEAM',NULL,'TEM_72857090',1,NULL,'8802fbb9-c46d-482e-93b6-c83ec3be61b8','8802fbb9-c46d-482e-93b6-c83ec3be61b8'),(154,'1841a0db-9f8d-485f-ae4f-c0092c1b1349','new Team','يشس',NULL,'esports/526843c1-6332-466b-a3f7-230cbc1bb95f__Screenshot 2023-04-04 at 16.45.47.png',1,1,'0b727b5c-14a5-4148-9d24-97468ea4c2a2','2023-04-11 13:22:56','0b727b5c-14a5-4148-9d24-97468ea4c2a2','2023-04-19 21:47:22','CLUB_TEAM',89,'TEM_74731666',0,NULL,NULL,'0b727b5c-14a5-4148-9d24-97468ea4c2a2'),(155,'19b698b6-dbf2-4df8-93da-355ba8e094a3','Mahmoud Team q','محم تي',NULL,NULL,0,1,'ee47bdba-55f5-480e-bdb6-6779b4fe616c','2023-04-11 22:36:38','ee47bdba-55f5-480e-bdb6-6779b4fe616c','2023-04-12 02:06:56','CLAN_TEAM',NULL,'TEM_64398705',1,NULL,'ee47bdba-55f5-480e-bdb6-6779b4fe616c','ee47bdba-55f5-480e-bdb6-6779b4fe616c'),(156,'06811606-0508-4a93-9478-f418e3f185ad','ARCHIVED','اركيفد',NULL,'esports/19d5be1b-6ecc-4f07-8b04-e6bd43f0eab0__images.jpeg',0,1,'a9b9098e-dda9-4220-9624-aebf6efa9188','2023-04-12 03:06:58','a9b9098e-dda9-4220-9624-aebf6efa9188','2023-04-12 03:06:58','CLUB_TEAM',69,'TEM_62440993',1,'sdfafdsfdsaadsf dsafafdsfdsafdsa dsafadsffdsa','b54b3b83-6996-40f3-9c56-00f9f3c2d035','a9b9098e-dda9-4220-9624-aebf6efa9188'),(157,'b3ef44c0-6238-47cb-8858-2ffe35f79c6a','sadsad','يسيسي',NULL,NULL,0,4,'8802fbb9-c46d-482e-93b6-c83ec3be61b8','2023-04-12 03:24:52','8802fbb9-c46d-482e-93b6-c83ec3be61b8','2023-04-12 07:25:21','CLAN_TEAM',NULL,'TEM_88997515',1,NULL,'8802fbb9-c46d-482e-93b6-c83ec3be61b8','8802fbb9-c46d-482e-93b6-c83ec3be61b8'),(158,'68d92510-2b7a-4d01-83b5-2c88c22bdd3f','ahlly','اهلللى',NULL,NULL,1,2,'0283849a-5a59-4bc6-a3ed-61ce69cade01','2023-04-12 10:30:32','8802fbb9-c46d-482e-93b6-c83ec3be61b8','2023-04-12 11:33:04','CLAN_TEAM',NULL,'TEM_29914925',0,NULL,NULL,'0283849a-5a59-4bc6-a3ed-61ce69cade01'),(159,'98373274-70a6-4b6a-8edd-0e412516eb07','team2','يسبشيببش',NULL,'esports/3c78b91d-9674-495a-b774-4455dc9ba0fe__Screenshot 2023-04-07 at 00.25.48.png',1,1,'143960ef-65f9-4eb8-9906-b12d3535f2e1','2023-04-14 16:05:44','143960ef-65f9-4eb8-9906-b12d3535f2e1','2023-04-14 16:05:44','CLUB_TEAM',31,'TEM_07797604',0,NULL,NULL,'143960ef-65f9-4eb8-9906-b12d3535f2e1'),(160,'6414d47c-9cc8-458d-954a-634ba8441cd7','team fix ix','شسيب','مسنشيبنمشس','esports/8975869d-2826-4299-91ef-4e32b3aa337a__Screenshot 2023-04-14 at 03.39.19.png',1,1,'143960ef-65f9-4eb8-9906-b12d3535f2e1','2023-04-14 16:56:38','143960ef-65f9-4eb8-9906-b12d3535f2e1','2023-04-19 21:45:30','CLUB_TEAM',31,'TEM_64333256',0,NULL,NULL,'143960ef-65f9-4eb8-9906-b12d3535f2e1'),(161,'a3e0afd4-8a47-487b-a79a-944134f32e1b','ldjfla','يبشسبيش','شسيبسش','esports/5aca9628-b3d0-419a-b005-0e03a80728c4__Screenshot 2023-04-14 at 03.39.19.png',1,1,'143960ef-65f9-4eb8-9906-b12d3535f2e1','2023-04-14 18:04:52','143960ef-65f9-4eb8-9906-b12d3535f2e1','2023-04-19 21:39:19','CLUB_TEAM',31,'TEM_95177245',0,NULL,NULL,'143960ef-65f9-4eb8-9906-b12d3535f2e1'),(162,'fe52a4f7-ac78-4272-964f-c029fc0cdc6f','archi','شيبش',NULL,'esports/f2497603-4a8e-40e7-86da-31c58fa49638__Screenshot 2023-04-14 at 03.39.19.png',1,1,'143960ef-65f9-4eb8-9906-b12d3535f2e1','2023-04-17 12:51:44','143960ef-65f9-4eb8-9906-b12d3535f2e1','2023-04-19 21:38:39','CLUB_TEAM',31,'TEM_45052224',0,NULL,NULL,'143960ef-65f9-4eb8-9906-b12d3535f2e1'),(163,'cf09ca8e-f4e3-4bbc-9256-dddc8fc16a57','asdfsa','سشيبسبسشيب',NULL,'esports/efa39989-3972-46b5-88f0-f8035a754529__Screenshot 2023-04-14 at 16.51.39.png',1,1,'143960ef-65f9-4eb8-9906-b12d3535f2e1','2023-04-17 12:52:15','143960ef-65f9-4eb8-9906-b12d3535f2e1','2023-04-19 21:35:42','CLUB_TEAM',31,'TEM_73588436',0,NULL,NULL,'143960ef-65f9-4eb8-9906-b12d3535f2e1'),(164,'644d3740-f94f-42cb-9fbe-99fbc6e67c6c','jjj','اغاااغا',NULL,'esports/2a17657c-a11f-46b4-87de-e89d4a16745e__jjj.jpg',1,3,'682dbdff-03da-4083-9cd2-c896166792f5','2023-04-17 18:59:23','682dbdff-03da-4083-9cd2-c896166792f5','2023-05-02 20:18:01','CLUB_TEAM',79,'TEM_45947029',0,NULL,NULL,'682dbdff-03da-4083-9cd2-c896166792f5'),(165,'c32a467b-99ac-415f-8e37-480f9c0f5533','ldj','سيبس','شسيب',NULL,1,1,'f5d32276-0c0c-4791-a274-1b1cdce7c57c','2023-04-19 21:43:30','f5d32276-0c0c-4791-a274-1b1cdce7c57c','2023-04-27 16:06:44','CLAN_TEAM',NULL,'TEM_89410601',0,NULL,NULL,'f5d32276-0c0c-4791-a274-1b1cdce7c57c'),(166,'21da0038-6b28-4f07-a1f7-a013ec21bcb0','test oWn','تست اونر',NULL,'esports/b670ac46-7fcf-4d5d-b484-201961405416__Screenshot from 2023-04-26 16-35-04.png',1,1,'995586bb-81d1-4490-a8ec-936555f6f3c4','2023-04-27 14:16:57','995586bb-81d1-4490-a8ec-936555f6f3c4','2023-04-27 17:33:57','CLUB_TEAM',43,'TEM_26507421',0,NULL,NULL,'995586bb-81d1-4490-a8ec-936555f6f3c4'),(167,'70cfbfc5-72b2-4358-851a-4834ff38fe37','waseem team','تتتتتيتيتيتيت',NULL,'esports/1b9ccf81-bbff-4b4a-a323-c6903ba64526__user.png',1,1,'f38cf71b-5274-4304-96d9-8602dd5414d8','2023-04-27 18:12:53','f38cf71b-5274-4304-96d9-8602dd5414d8','2023-04-27 18:15:01','CLUB_TEAM',27,'TEM_76910105',0,NULL,NULL,'f38cf71b-5274-4304-96d9-8602dd5414d8'),(168,'9a74eef0-e8f3-4f55-8a53-db84a753fb6e','asdfsasadf','شسيبشس',NULL,'esports/2f3a71ad-c7e3-4f74-8d52-f683fa4b7ece__Screenshot 2023-03-30 at 17.49.02.png',1,1,'411848ba-f128-4961-9a9a-37aa4d88cba4','2023-05-05 19:36:14','411848ba-f128-4961-9a9a-37aa4d88cba4','2023-05-05 19:36:14','CLUB_TEAM',16,'TEM_75517831',0,NULL,NULL,'411848ba-f128-4961-9a9a-37aa4d88cba4'),(169,'252ab2d7-e0f2-4028-9b8c-aeb8d253fd1b','team3','تيييم',NULL,'esports/0ab8a328-1f25-48c8-942a-4c1aaaff1000__download.jpg',1,1,'3d6f3253-d2a6-436d-ad8b-62f55ecd396a','2023-05-09 13:12:10','3d6f3253-d2a6-436d-ad8b-62f55ecd396a','2023-05-09 13:12:10','CLUB_TEAM',48,'TEM_60511389',0,NULL,'3d6f3253-d2a6-436d-ad8b-62f55ecd396a','3d6f3253-d2a6-436d-ad8b-62f55ecd396a'),(170,'6d6a0f7a-683f-4b54-accc-dbfb1bad4b93','the team','الفريق',NULL,'esports/f13bd28c-57d1-4226-8350-fb89586de65b__download.jpg',1,1,'3d6f3253-d2a6-436d-ad8b-62f55ecd396a','2023-05-09 13:13:03','3d6f3253-d2a6-436d-ad8b-62f55ecd396a','2023-05-09 13:13:03','CLUB_TEAM',48,'TEM_65474662',0,NULL,'3d6f3253-d2a6-436d-ad8b-62f55ecd396a','3d6f3253-d2a6-436d-ad8b-62f55ecd396a'),(171,'ddb6b767-7143-4934-a905-7479faf6d946','teaaaaaaaaam','الفرييييييييييق',NULL,'esports/756a9024-c870-4112-9110-d557c1b594be__download.jpg',1,1,'3d6f3253-d2a6-436d-ad8b-62f55ecd396a','2023-05-09 13:13:34','3d6f3253-d2a6-436d-ad8b-62f55ecd396a','2023-05-09 13:13:34','CLUB_TEAM',48,'TEM_15009031',0,NULL,'3d6f3253-d2a6-436d-ad8b-62f55ecd396a','3d6f3253-d2a6-436d-ad8b-62f55ecd396a'),(172,'8b8807cc-5c9c-419d-ba7c-7077ea284dc0','mmm2','ممممممم',NULL,'esports/79b67820-2d3f-46e3-b3c1-bc164e0140c9__download.jpg',1,4,'3d6f3253-d2a6-436d-ad8b-62f55ecd396a','2023-05-09 13:23:39','3d6f3253-d2a6-436d-ad8b-62f55ecd396a','2023-05-09 13:23:39','CLUB_TEAM',48,'TEM_47261305',0,NULL,'3d6f3253-d2a6-436d-ad8b-62f55ecd396a','3d6f3253-d2a6-436d-ad8b-62f55ecd396a'),(173,'42a92200-0607-440c-92d2-28909363caa2','mnnnnnnnnnn','ةةةةةةةةةةةةةةة',NULL,'esports/3f7b82e1-b9d6-4b9a-aa66-da0c7230a031__download.jpg',1,6,'3d6f3253-d2a6-436d-ad8b-62f55ecd396a','2023-05-09 13:24:07','3d6f3253-d2a6-436d-ad8b-62f55ecd396a','2023-05-09 13:24:07','CLUB_TEAM',48,'TEM_75588116',0,NULL,'3d6f3253-d2a6-436d-ad8b-62f55ecd396a','3d6f3253-d2a6-436d-ad8b-62f55ecd396a'),(174,'f0cfd997-626a-4923-9f88-e3effa8a3e6c','qqqqq','سسسس',NULL,'esports/aeeec242-0112-4cad-9c57-7841070d6fae__download.jpg',1,5,'3d6f3253-d2a6-436d-ad8b-62f55ecd396a','2023-05-09 13:24:30','3d6f3253-d2a6-436d-ad8b-62f55ecd396a','2023-05-09 13:24:30','CLUB_TEAM',48,'TEM_10340984',0,NULL,'3d6f3253-d2a6-436d-ad8b-62f55ecd396a','3d6f3253-d2a6-436d-ad8b-62f55ecd396a'),(175,'6bc84304-18e4-412d-928e-d494f9b231a4','bbbbbbb','مممممممم',NULL,'esports/414f9968-efc0-4820-bf8c-4a2daff54eba__download.jpg',1,4,'3d6f3253-d2a6-436d-ad8b-62f55ecd396a','2023-05-09 13:24:57','3d6f3253-d2a6-436d-ad8b-62f55ecd396a','2023-05-09 13:24:57','CLUB_TEAM',48,'TEM_69447566',0,NULL,'3d6f3253-d2a6-436d-ad8b-62f55ecd396a','3d6f3253-d2a6-436d-ad8b-62f55ecd396a'),(176,'069a0c6d-a200-4708-86dc-f55d994e320c','aaaaaaa','شششش',NULL,'esports/3851cde3-f87b-4a0e-9ee4-c553eb745e3c__download.jpg',1,26,'3d6f3253-d2a6-436d-ad8b-62f55ecd396a','2023-05-09 13:25:20','3d6f3253-d2a6-436d-ad8b-62f55ecd396a','2023-05-09 13:25:20','CLUB_TEAM',48,'TEM_32842752',0,NULL,'3d6f3253-d2a6-436d-ad8b-62f55ecd396a','3d6f3253-d2a6-436d-ad8b-62f55ecd396a'),(177,'5217fb1b-c0a2-4b9c-9a59-d8a63605a6fa','cccccc','ىىىىىىىىىىىى',NULL,'esports/b5e23149-5cb2-4521-ac6a-af154b5c70bf__download.jpg',1,6,'3d6f3253-d2a6-436d-ad8b-62f55ecd396a','2023-05-09 13:25:45','3d6f3253-d2a6-436d-ad8b-62f55ecd396a','2023-05-09 13:25:45','CLUB_TEAM',48,'TEM_74025031',0,NULL,'3d6f3253-d2a6-436d-ad8b-62f55ecd396a','3d6f3253-d2a6-436d-ad8b-62f55ecd396a'),(178,'5c73e384-6c65-48ac-bd14-dfca0b312ab6','wwwwwwww','صصص',NULL,'esports/8c04a4f6-a226-4801-8730-95759cb9bb32__download.jpg',1,5,'3d6f3253-d2a6-436d-ad8b-62f55ecd396a','2023-05-09 13:26:59','3d6f3253-d2a6-436d-ad8b-62f55ecd396a','2023-05-09 13:26:59','CLUB_TEAM',48,'TEM_32460078',0,NULL,'3d6f3253-d2a6-436d-ad8b-62f55ecd396a','3d6f3253-d2a6-436d-ad8b-62f55ecd396a'),(179,'0e9fa031-36e0-40c4-b935-a3a7e934f202','mmmmmm33','الفريييييييق',NULL,'esports/9b8f9d04-78a2-4a2b-9d4b-55c8f9014d4a__download.jpg',1,27,'3d6f3253-d2a6-436d-ad8b-62f55ecd396a','2023-05-09 13:27:31','3d6f3253-d2a6-436d-ad8b-62f55ecd396a','2023-05-09 13:27:31','CLUB_TEAM',48,'TEM_74218180',0,NULL,'3d6f3253-d2a6-436d-ad8b-62f55ecd396a','3d6f3253-d2a6-436d-ad8b-62f55ecd396a'),(180,'1b8b84e0-f6e3-4ab5-9a8b-737255496b67','mnbbb','الفريييييق',NULL,'esports/15a9b5b9-5828-4f53-b005-feab72f38612__download.jpg',1,22,'3d6f3253-d2a6-436d-ad8b-62f55ecd396a','2023-05-09 13:28:03','3d6f3253-d2a6-436d-ad8b-62f55ecd396a','2023-05-09 13:28:03','CLUB_TEAM',48,'TEM_41389866',0,NULL,'3d6f3253-d2a6-436d-ad8b-62f55ecd396a','3d6f3253-d2a6-436d-ad8b-62f55ecd396a'),(181,'47a35a62-289d-47d3-8807-f37ec3977af8','uiiii','هههههههه',NULL,'esports/433736e5-f7dc-4807-a821-de0b792e07ef__download.jpg',1,6,'3d6f3253-d2a6-436d-ad8b-62f55ecd396a','2023-05-09 13:29:46','3d6f3253-d2a6-436d-ad8b-62f55ecd396a','2023-05-09 13:29:46','CLUB_TEAM',48,'TEM_49702520',0,NULL,'3d6f3253-d2a6-436d-ad8b-62f55ecd396a','3d6f3253-d2a6-436d-ad8b-62f55ecd396a'),(182,'d1869357-f375-492b-b17d-2f171f69f311','zzzzz','هههه',NULL,'esports/68c8ee4b-e123-4edc-a5bd-7e6697c009c7__download.jpg',1,25,'3d6f3253-d2a6-436d-ad8b-62f55ecd396a','2023-05-09 13:30:12','3d6f3253-d2a6-436d-ad8b-62f55ecd396a','2023-05-09 13:30:12','CLUB_TEAM',48,'TEM_04670177',0,NULL,'3d6f3253-d2a6-436d-ad8b-62f55ecd396a','3d6f3253-d2a6-436d-ad8b-62f55ecd396a'),(183,'a167ee3e-35bc-49df-b1ef-0403cff526ef','hhhhhhh','ههههه',NULL,'esports/0dbc8e47-b12e-4376-8fc1-d56910e46db3__download.jpg',1,22,'3d6f3253-d2a6-436d-ad8b-62f55ecd396a','2023-05-09 13:30:43','3d6f3253-d2a6-436d-ad8b-62f55ecd396a','2023-05-09 13:30:43','CLUB_TEAM',48,'TEM_33493926',0,NULL,'3d6f3253-d2a6-436d-ad8b-62f55ecd396a','3d6f3253-d2a6-436d-ad8b-62f55ecd396a'),(184,'95199f1c-b438-4a2c-9637-eeb675d16c75','mmmm','هههههه',NULL,'esports/331c4ee8-cca4-496b-b58a-029515594afb__download.jpg',1,8,'3d6f3253-d2a6-436d-ad8b-62f55ecd396a','2023-05-09 13:57:40','3d6f3253-d2a6-436d-ad8b-62f55ecd396a','2023-05-09 13:57:40','CLUB_TEAM',48,'TEM_10971829',0,NULL,NULL,'3d6f3253-d2a6-436d-ad8b-62f55ecd396a');
/*!40000 ALTER TABLE `team` ENABLE KEYS */;
UNLOCK TABLES;

--
-- Table structure for table `team_member`
--

DROP TABLE IF EXISTS `team_member`;
/*!40101 SET @saved_cs_client     = @@character_set_client */;
/*!50503 SET character_set_client = utf8mb4 */;
CREATE TABLE `team_member` (
  `id` bigint unsigned NOT NULL AUTO_INCREMENT,
  `system_id` varchar(255) NOT NULL,
  `team_id` bigint unsigned NOT NULL,
  `account_id` int NOT NULL,
  `type` varchar(255) NOT NULL,
  `created_by_system_id` varchar(255) NOT NULL,
  `created_at` timestamp NOT NULL,
  `updated_by_system_id` varchar(255) DEFAULT NULL,
  `updated_at` timestamp NULL DEFAULT NULL,
  `member_profile_picture` varchar(255) DEFAULT NULL,
  PRIMARY KEY (`id`),
  UNIQUE KEY `id` (`id`),
  UNIQUE KEY `system_id` (`system_id`),
  UNIQUE KEY `unique_team_id_account_id` (`team_id`,`account_id`),
  KEY `account_id` (`account_id`),
  CONSTRAINT `team_member_ibfk_1` FOREIGN KEY (`team_id`) REFERENCES `team` (`id`),
  CONSTRAINT `team_member_ibfk_2` FOREIGN KEY (`account_id`) REFERENCES `person` (`id`)
) ENGINE=InnoDB AUTO_INCREMENT=171 DEFAULT CHARSET=utf8mb4 COLLATE=utf8mb4_0900_ai_ci;
/*!40101 SET character_set_client = @saved_cs_client */;

--
-- Dumping data for table `team_member`
--

LOCK TABLES `team_member` WRITE;
/*!40000 ALTER TABLE `team_member` DISABLE KEYS */;
INSERT INTO `team_member` VALUES (1,'2ebb637a-03b9-4869-9d36-7809e178f8ae',4,31,'ADMIN','8c7e5802-b8ad-43db-98c6-92b2084e283a','2023-03-12 22:23:12','8c7e5802-b8ad-43db-98c6-92b2084e283a','2023-03-12 22:23:12',NULL),(5,'d709773c-c2a6-40e7-8e59-cba899b16a22',8,20,'ADMIN','c24a6bab-8ff3-4bc8-99cb-47be3016adbb','2023-03-13 14:07:25','c24a6bab-8ff3-4bc8-99cb-47be3016adbb','2023-03-13 14:07:25',NULL),(6,'be4f060c-c419-483a-8284-ed521c5249c8',9,20,'ADMIN','c24a6bab-8ff3-4bc8-99cb-47be3016adbb','2023-03-13 14:13:03','c24a6bab-8ff3-4bc8-99cb-47be3016adbb','2023-03-13 14:13:03',NULL),(7,'12ec6d42-1a04-4005-a0d0-ed2b769c76e7',10,31,'ADMIN','8c7e5802-b8ad-43db-98c6-92b2084e283a','2023-03-13 14:35:29','8c7e5802-b8ad-43db-98c6-92b2084e283a','2023-03-13 14:35:29',NULL),(8,'d530a8dd-18d5-4eca-91f6-2f2a13f47dea',11,31,'ADMIN','8c7e5802-b8ad-43db-98c6-92b2084e283a','2023-03-13 14:39:34','8c7e5802-b8ad-43db-98c6-92b2084e283a','2023-03-13 14:39:34',NULL),(9,'6540e821-ee98-4429-b333-ff7e6c26e015',12,31,'ADMIN','8c7e5802-b8ad-43db-98c6-92b2084e283a','2023-03-13 15:36:55','8c7e5802-b8ad-43db-98c6-92b2084e283a','2023-03-13 15:36:55',NULL),(16,'835443b3-edb1-4961-b15b-5ebde510beb6',38,31,'ADMIN','8c7e5802-b8ad-43db-98c6-92b2084e283a','2023-03-16 14:14:09','8c7e5802-b8ad-43db-98c6-92b2084e283a','2023-03-16 14:14:09',NULL),(18,'33533ba9-01c5-49f8-a09a-39136d9152df',40,31,'ADMIN','8c7e5802-b8ad-43db-98c6-92b2084e283a','2023-03-16 15:07:48','8c7e5802-b8ad-43db-98c6-92b2084e283a','2023-03-16 15:07:48',NULL),(19,'e68ba510-8118-4afa-90db-4dc1e6ba5777',40,33,'NORMAL','c58814a1-27cb-4a3a-a1d7-f28ec4e3fe68','2023-03-16 15:16:44','c58814a1-27cb-4a3a-a1d7-f28ec4e3fe68','2023-03-16 15:16:44',NULL),(22,'cf410ef7-83e2-4a7a-bd4f-e7e13141753d',43,31,'ADMIN','8c7e5802-b8ad-43db-98c6-92b2084e283a','2023-03-16 15:45:55','8c7e5802-b8ad-43db-98c6-92b2084e283a','2023-03-16 15:45:55',NULL),(23,'b318c15d-b429-4637-8a33-b13ab64919d1',44,31,'ADMIN','8c7e5802-b8ad-43db-98c6-92b2084e283a','2023-03-16 15:58:47','8c7e5802-b8ad-43db-98c6-92b2084e283a','2023-03-16 15:58:47',NULL),(24,'02263d00-4cd6-4809-bbc7-ab3e2270aa08',45,31,'ADMIN','8c7e5802-b8ad-43db-98c6-92b2084e283a','2023-03-16 18:32:58','8c7e5802-b8ad-43db-98c6-92b2084e283a','2023-03-16 18:32:58',NULL),(25,'faa6a306-fad2-4734-a452-3929f6ad0e75',46,31,'ADMIN','8c7e5802-b8ad-43db-98c6-92b2084e283a','2023-03-16 18:37:40','8c7e5802-b8ad-43db-98c6-92b2084e283a','2023-03-16 18:37:40',NULL),(26,'3764af0d-2c99-43e6-b89b-58624e47e0ee',47,31,'ADMIN','8c7e5802-b8ad-43db-98c6-92b2084e283a','2023-03-16 18:41:53','8c7e5802-b8ad-43db-98c6-92b2084e283a','2023-03-16 18:41:53',NULL),(27,'024b4814-f3dc-46c9-adda-30dfb1ba57c0',48,38,'ADMIN','d9c76d9a-1fb3-46c6-9d1f-f2d00864825f','2023-03-16 18:48:17','d9c76d9a-1fb3-46c6-9d1f-f2d00864825f','2023-03-16 18:48:17',NULL),(28,'e5064dab-3300-40bc-976f-88d2441d4c18',49,38,'ADMIN','d9c76d9a-1fb3-46c6-9d1f-f2d00864825f','2023-03-16 18:49:23','d9c76d9a-1fb3-46c6-9d1f-f2d00864825f','2023-03-16 18:49:23',NULL),(29,'0afc3738-6149-4371-8f34-1cff8a8727a2',50,38,'ADMIN','d9c76d9a-1fb3-46c6-9d1f-f2d00864825f','2023-03-16 18:53:47','d9c76d9a-1fb3-46c6-9d1f-f2d00864825f','2023-03-16 18:53:47',NULL),(30,'7a9d7efb-af68-434c-af1c-9b30543f0d0c',51,38,'ADMIN','d9c76d9a-1fb3-46c6-9d1f-f2d00864825f','2023-03-16 18:54:51','d9c76d9a-1fb3-46c6-9d1f-f2d00864825f','2023-03-16 18:54:51',NULL),(31,'9fbd90af-9ef3-481f-a5a5-9aedc455664c',55,38,'ADMIN','d9c76d9a-1fb3-46c6-9d1f-f2d00864825f','2023-03-16 19:26:59','d9c76d9a-1fb3-46c6-9d1f-f2d00864825f','2023-03-16 19:26:59',NULL),(32,'0458e2e2-2a39-4b08-8ad9-377f557bb0ec',56,31,'ADMIN','8c7e5802-b8ad-43db-98c6-92b2084e283a','2023-03-16 19:38:02','8c7e5802-b8ad-43db-98c6-92b2084e283a','2023-03-16 19:38:02',NULL),(33,'00ddf535-0775-4820-8667-03fd39cc66c9',57,38,'ADMIN','d9c76d9a-1fb3-46c6-9d1f-f2d00864825f','2023-03-16 19:39:13','d9c76d9a-1fb3-46c6-9d1f-f2d00864825f','2023-03-16 19:39:13',NULL),(34,'7a31679b-786f-4e1b-a551-d419163a1a2c',58,38,'ADMIN','d9c76d9a-1fb3-46c6-9d1f-f2d00864825f','2023-03-16 19:44:04','d9c76d9a-1fb3-46c6-9d1f-f2d00864825f','2023-03-16 19:44:04',NULL),(35,'0cf993d9-75a6-4120-b386-5aaa8c450a49',59,38,'ADMIN','d9c76d9a-1fb3-46c6-9d1f-f2d00864825f','2023-03-16 19:47:41','d9c76d9a-1fb3-46c6-9d1f-f2d00864825f','2023-03-16 19:47:41',NULL),(36,'485c0eb0-ca9c-4e68-94ce-55c460ee2f0c',63,38,'ADMIN','d9c76d9a-1fb3-46c6-9d1f-f2d00864825f','2023-03-16 20:19:11','d9c76d9a-1fb3-46c6-9d1f-f2d00864825f','2023-03-16 20:19:11',NULL),(37,'b04870a5-34b7-4701-9bc3-d12bf9484f91',67,38,'ADMIN','d9c76d9a-1fb3-46c6-9d1f-f2d00864825f','2023-03-16 20:52:24','d9c76d9a-1fb3-46c6-9d1f-f2d00864825f','2023-03-16 20:52:24',NULL),(38,'1413686b-1c94-4895-998a-42f0f865a1f3',68,38,'ADMIN','d9c76d9a-1fb3-46c6-9d1f-f2d00864825f','2023-03-16 21:10:37','d9c76d9a-1fb3-46c6-9d1f-f2d00864825f','2023-03-16 21:10:37',NULL),(39,'beb88fd1-a43c-446d-87be-62db1d27a56e',69,38,'ADMIN','d9c76d9a-1fb3-46c6-9d1f-f2d00864825f','2023-03-16 21:33:06','d9c76d9a-1fb3-46c6-9d1f-f2d00864825f','2023-03-16 21:33:06',NULL),(40,'d1d9f2fe-fcd1-4b64-85a1-c101f3857318',70,38,'ADMIN','d9c76d9a-1fb3-46c6-9d1f-f2d00864825f','2023-03-16 21:37:20','d9c76d9a-1fb3-46c6-9d1f-f2d00864825f','2023-03-16 21:37:20',NULL),(41,'53e1c05d-f9e6-41c7-87fb-02e164c6827c',71,38,'ADMIN','d9c76d9a-1fb3-46c6-9d1f-f2d00864825f','2023-03-17 17:14:04','d9c76d9a-1fb3-46c6-9d1f-f2d00864825f','2023-03-17 17:14:04',NULL),(46,'f01b2e9f-39a1-4364-b7e0-7f166a915644',76,37,'ADMIN','6fc89443-3bc5-4e03-9de5-e69e5394c90f','2023-03-19 10:10:22','6fc89443-3bc5-4e03-9de5-e69e5394c90f','2023-03-19 10:10:22',NULL),(48,'217b1e00-75de-43c2-9c14-bdad28bd294d',78,45,'ADMIN','a0d668c5-3e54-4eca-af6f-e28e26d6e1f2','2023-03-19 11:41:07','a0d668c5-3e54-4eca-af6f-e28e26d6e1f2','2023-03-19 11:41:07',NULL),(49,'9a108187-cf77-4e8f-bf7a-a28bd7d6445c',80,45,'ADMIN','a0d668c5-3e54-4eca-af6f-e28e26d6e1f2','2023-03-19 17:15:09','a0d668c5-3e54-4eca-af6f-e28e26d6e1f2','2023-03-19 17:15:09',NULL),(50,'4484388b-a848-4f15-92ce-dabbfccb2dc8',82,37,'ADMIN','6fc89443-3bc5-4e03-9de5-e69e5394c90f','2023-03-19 19:17:33','6fc89443-3bc5-4e03-9de5-e69e5394c90f','2023-03-19 19:17:33',NULL),(51,'b95af665-eb89-4816-bfdd-6a1c798dc6e5',83,37,'ADMIN','6fc89443-3bc5-4e03-9de5-e69e5394c90f','2023-03-19 19:21:04','6fc89443-3bc5-4e03-9de5-e69e5394c90f','2023-03-19 19:21:04',NULL),(52,'2705a69f-1087-4f74-9ec6-62ed46792e61',84,38,'ADMIN','d9c76d9a-1fb3-46c6-9d1f-f2d00864825f','2023-03-19 21:37:11','d9c76d9a-1fb3-46c6-9d1f-f2d00864825f','2023-03-19 21:37:11',NULL),(53,'14368d07-a2bb-4c90-a60f-ad25542e3fe2',85,38,'ADMIN','d9c76d9a-1fb3-46c6-9d1f-f2d00864825f','2023-03-19 22:15:31','d9c76d9a-1fb3-46c6-9d1f-f2d00864825f','2023-03-19 22:15:31',NULL),(54,'82faaf9d-3f08-43f2-9e26-432adcd9c273',86,38,'ADMIN','d9c76d9a-1fb3-46c6-9d1f-f2d00864825f','2023-03-20 00:36:19','d9c76d9a-1fb3-46c6-9d1f-f2d00864825f','2023-03-20 00:36:19',NULL),(55,'73684218-e922-4e3a-8a60-b02b23a79cfa',87,20,'ADMIN','c24a6bab-8ff3-4bc8-99cb-47be3016adbb','2023-03-20 00:56:19','c24a6bab-8ff3-4bc8-99cb-47be3016adbb','2023-03-20 00:56:19',NULL),(56,'991e1019-f562-4641-8780-b65c0500771b',88,38,'ADMIN','d9c76d9a-1fb3-46c6-9d1f-f2d00864825f','2023-03-20 11:53:12','d9c76d9a-1fb3-46c6-9d1f-f2d00864825f','2023-03-20 11:53:12',NULL),(57,'43a2f8d3-58a7-4901-8330-43d3d0982af9',89,45,'ADMIN','a0d668c5-3e54-4eca-af6f-e28e26d6e1f2','2023-03-20 13:22:22','a0d668c5-3e54-4eca-af6f-e28e26d6e1f2','2023-03-20 13:22:22',NULL),(58,'1de92f4e-0f13-4cce-9bc9-3b5e573cb149',90,38,'ADMIN','d9c76d9a-1fb3-46c6-9d1f-f2d00864825f','2023-03-20 14:09:21','d9c76d9a-1fb3-46c6-9d1f-f2d00864825f','2023-03-20 14:09:21',NULL),(59,'43fceea8-b9c1-48fa-9c70-b1d2d077090c',91,37,'ADMIN','6fc89443-3bc5-4e03-9de5-e69e5394c90f','2023-03-20 14:16:10','6fc89443-3bc5-4e03-9de5-e69e5394c90f','2023-03-20 14:16:10',NULL),(60,'d77fbb7e-8d2a-4a67-a84a-cb2ab8b8a613',92,58,'ADMIN','2a6db681-faf8-45f4-a4cc-2d31d9f2dc06','2023-03-20 14:29:58','2a6db681-faf8-45f4-a4cc-2d31d9f2dc06','2023-03-20 14:29:58',NULL),(61,'72aa68aa-cb89-4343-ba06-003f5e3c4229',93,58,'ADMIN','2a6db681-faf8-45f4-a4cc-2d31d9f2dc06','2023-03-20 14:47:28','2a6db681-faf8-45f4-a4cc-2d31d9f2dc06','2023-03-20 14:47:28',NULL),(62,'e5a085b0-1ffb-4aee-900e-043ac59ae1ce',94,58,'ADMIN','2a6db681-faf8-45f4-a4cc-2d31d9f2dc06','2023-03-20 15:49:20','2a6db681-faf8-45f4-a4cc-2d31d9f2dc06','2023-03-20 15:49:20',NULL),(64,'8c6b0b8f-6004-4e46-a61f-ef86edfeaacb',95,46,'ADMIN','5266af14-cf5c-4a59-ace4-9604a9baf538','2023-03-20 18:26:41','5266af14-cf5c-4a59-ace4-9604a9baf538','2023-03-20 18:26:41',NULL),(69,'86e0915e-bece-4c50-8d38-c6cb1935a6d2',98,45,'ADMIN','a0d668c5-3e54-4eca-af6f-e28e26d6e1f2','2023-03-21 15:34:31','a0d668c5-3e54-4eca-af6f-e28e26d6e1f2','2023-03-21 15:34:31',NULL),(70,'aab67b75-c99e-41f6-8770-15d444f65279',99,45,'ADMIN','a0d668c5-3e54-4eca-af6f-e28e26d6e1f2','2023-03-21 16:48:47','a0d668c5-3e54-4eca-af6f-e28e26d6e1f2','2023-03-21 16:48:47',NULL),(71,'08654859-109b-4a01-a780-153391f3aafe',100,45,'ADMIN','a0d668c5-3e54-4eca-af6f-e28e26d6e1f2','2023-03-21 17:31:23','a0d668c5-3e54-4eca-af6f-e28e26d6e1f2','2023-03-21 17:31:23',NULL),(72,'cecd0186-a567-483d-b561-2a6be2722901',101,45,'ADMIN','a0d668c5-3e54-4eca-af6f-e28e26d6e1f2','2023-03-21 17:35:47','a0d668c5-3e54-4eca-af6f-e28e26d6e1f2','2023-03-21 17:35:47',NULL),(73,'449e6aad-3d06-4bdb-9aba-e963cc71f34c',102,45,'ADMIN','a0d668c5-3e54-4eca-af6f-e28e26d6e1f2','2023-03-21 17:58:07','a0d668c5-3e54-4eca-af6f-e28e26d6e1f2','2023-03-21 17:58:07',NULL),(74,'d8f9bd41-15f2-4ca7-9797-e980e14d7837',103,45,'ADMIN','a0d668c5-3e54-4eca-af6f-e28e26d6e1f2','2023-03-21 18:26:58','a0d668c5-3e54-4eca-af6f-e28e26d6e1f2','2023-03-21 18:26:58',NULL),(75,'06ead533-7301-4a68-b31b-aec4da793bb1',104,45,'ADMIN','a0d668c5-3e54-4eca-af6f-e28e26d6e1f2','2023-03-21 20:18:11','a0d668c5-3e54-4eca-af6f-e28e26d6e1f2','2023-03-21 20:18:11',NULL),(76,'bd6499e0-754e-46a8-9a53-093c9db5556b',105,45,'ADMIN','a0d668c5-3e54-4eca-af6f-e28e26d6e1f2','2023-03-21 22:49:54','a0d668c5-3e54-4eca-af6f-e28e26d6e1f2','2023-03-21 22:49:54',NULL),(77,'c5548e45-2947-4430-9fc0-8fda4c6cf7fd',106,63,'ADMIN','04517f56-b984-423c-8bfb-ed44d6bfa67a','2023-03-22 13:53:06','04517f56-b984-423c-8bfb-ed44d6bfa67a','2023-03-22 13:53:06',NULL),(78,'16798b27-2dc4-4ed6-a71d-dc1ac6b12bc7',107,63,'ADMIN','04517f56-b984-423c-8bfb-ed44d6bfa67a','2023-03-22 13:54:38','04517f56-b984-423c-8bfb-ed44d6bfa67a','2023-03-22 13:54:38',NULL),(79,'0b681c6e-dc42-444a-8fde-0cacb510eec7',107,68,'NORMAL','e49a8b14-4788-4f03-a6ae-6b05547abebd','2023-03-22 13:58:56','e49a8b14-4788-4f03-a6ae-6b05547abebd','2023-03-22 13:58:56',NULL),(81,'2e21dab2-34c9-4ded-96a9-07fbf311b4b4',108,33,'ADMIN','c58814a1-27cb-4a3a-a1d7-f28ec4e3fe68','2023-03-22 18:14:47','c58814a1-27cb-4a3a-a1d7-f28ec4e3fe68','2023-03-22 18:14:47',NULL),(82,'5bb8bfab-b990-4685-815a-95710de64f4a',110,69,'ADMIN','5a4b27ec-b1c4-471c-b3d9-0c42e9aa0ef0','2023-03-22 22:09:02','5a4b27ec-b1c4-471c-b3d9-0c42e9aa0ef0','2023-03-22 22:09:02',NULL),(89,'b32cf3b4-67de-4601-8423-d6c11bde854a',115,46,'ADMIN','5266af14-cf5c-4a59-ace4-9604a9baf538','2023-03-29 01:28:26','5266af14-cf5c-4a59-ace4-9604a9baf538','2023-03-29 01:28:26',NULL),(90,'1ed4a9ea-40ba-4234-8b12-1f4b101e8100',116,46,'ADMIN','5266af14-cf5c-4a59-ace4-9604a9baf538','2023-03-29 01:36:51','5266af14-cf5c-4a59-ace4-9604a9baf538','2023-03-29 01:36:51',NULL),(91,'a17e9f00-c2fd-4d41-91be-0aa51e0f2142',117,46,'ADMIN','5266af14-cf5c-4a59-ace4-9604a9baf538','2023-03-29 13:14:03','5266af14-cf5c-4a59-ace4-9604a9baf538','2023-03-29 13:14:03',NULL),(93,'a7b8490c-4a94-4174-9944-be0dd11eb532',119,74,'ADMIN','0ae6de6a-53e0-46ef-ad77-e62ebb967f81','2023-03-29 16:18:04','0ae6de6a-53e0-46ef-ad77-e62ebb967f81','2023-03-29 16:18:04',NULL),(98,'795c0257-05b8-46f4-90bc-7af3b88ee642',124,63,'ADMIN','04517f56-b984-423c-8bfb-ed44d6bfa67a','2023-03-30 01:01:50','04517f56-b984-423c-8bfb-ed44d6bfa67a','2023-03-30 01:01:50',NULL),(102,'c1f27d71-9a55-4be6-90fe-907ef5469b45',127,39,'ADMIN','1d35d2f7-9006-4f09-9eaa-93a20282a050','2023-03-30 13:07:26','1d35d2f7-9006-4f09-9eaa-93a20282a050','2023-03-30 13:07:26',NULL),(106,'31f6ff62-b4a2-40f3-8898-245dcbb53cb1',131,48,'ADMIN','cf465d7e-2823-4af0-82d0-56192034fa14','2023-04-02 15:46:35','cf465d7e-2823-4af0-82d0-56192034fa14','2023-04-02 15:46:35',NULL),(113,'11aed088-8614-4f77-a0ce-0e9fc3e9a46e',138,46,'NORMAL','5266af14-cf5c-4a59-ace4-9604a9baf538','2023-04-05 20:38:29','5266af14-cf5c-4a59-ace4-9604a9baf538','2023-04-05 20:38:29',NULL),(114,'6bfe408d-f545-415d-9a42-ad0428e36839',141,46,'ADMIN','5266af14-cf5c-4a59-ace4-9604a9baf538','2023-04-05 22:24:49','5266af14-cf5c-4a59-ace4-9604a9baf538','2023-04-05 22:24:49',NULL),(115,'cb70158b-01e1-4845-9c42-744846a25831',142,48,'ADMIN','cf465d7e-2823-4af0-82d0-56192034fa14','2023-04-05 22:59:22','cf465d7e-2823-4af0-82d0-56192034fa14','2023-04-05 22:59:22',NULL),(143,'9b2a6157-3715-42e2-8bbd-aa3a6f8b5721',150,73,'NORMAL','e8075900-1b59-4427-b124-0ae139dc255b','2023-04-12 00:14:24','e8075900-1b59-4427-b124-0ae139dc255b','2023-04-12 00:14:24','esports/e07b250a-1b50-452a-a185-cb698dc6eab6__Screenshot (1).png'),(150,'72c66d4f-dbc8-4d18-bb59-6737dcd6a1c6',158,98,'ADMIN','0283849a-5a59-4bc6-a3ed-61ce69cade01','2023-04-12 10:31:13','0283849a-5a59-4bc6-a3ed-61ce69cade01','2023-04-12 10:31:13',NULL),(155,'4f736282-4f5a-48fb-94d6-465bf44fceed',81,24,'NORMAL','8802fbb9-c46d-482e-93b6-c83ec3be61b8','2023-04-13 14:26:35','8802fbb9-c46d-482e-93b6-c83ec3be61b8','2023-04-13 14:26:35','esports/e458bbd0-ea8a-4bc0-9503-399729429d87__Screenshot 2023-04-14 at 16.51.39.png'),(158,'945f5b09-a535-41a7-9aad-cfff49e5e12d',151,67,'ADMIN','7509d593-111a-439d-b1b0-2ba9a91ca11d','2023-04-15 18:23:29','7509d593-111a-439d-b1b0-2ba9a91ca11d','2023-04-15 18:23:29',NULL),(160,'571a74ee-bc87-4d05-b312-1829d64a878c',163,120,'NORMAL','f5d32276-0c0c-4791-a274-1b1cdce7c57c','2023-04-19 21:37:47','f5d32276-0c0c-4791-a274-1b1cdce7c57c','2023-04-19 21:37:47',NULL),(161,'330a9f42-d30e-48fa-84d4-94d8b1b19316',162,120,'NORMAL','f5d32276-0c0c-4791-a274-1b1cdce7c57c','2023-04-19 21:38:57','f5d32276-0c0c-4791-a274-1b1cdce7c57c','2023-04-19 21:38:57',NULL),(162,'d446e01f-2ca9-432f-af09-c39f8cf3652e',161,120,'NORMAL','f5d32276-0c0c-4791-a274-1b1cdce7c57c','2023-04-19 21:39:34','f5d32276-0c0c-4791-a274-1b1cdce7c57c','2023-04-19 21:39:34',NULL),(163,'cb92b015-7d8d-4e6b-b295-71a1ebcb38cc',165,120,'ADMIN','f5d32276-0c0c-4791-a274-1b1cdce7c57c','2023-04-19 21:43:30','f5d32276-0c0c-4791-a274-1b1cdce7c57c','2023-04-19 21:43:30',NULL),(164,'762c68d6-f247-42b6-9532-4a4c18250f70',160,120,'NORMAL','f5d32276-0c0c-4791-a274-1b1cdce7c57c','2023-04-19 21:45:47','f5d32276-0c0c-4791-a274-1b1cdce7c57c','2023-04-19 21:45:47',NULL),(165,'93c9aed4-6c2d-4194-9138-8dbfabdc583c',154,120,'NORMAL','f5d32276-0c0c-4791-a274-1b1cdce7c57c','2023-04-19 21:47:33','f5d32276-0c0c-4791-a274-1b1cdce7c57c','2023-04-19 21:47:33',NULL),(168,'5d453201-a449-49ab-838d-da49878e3fd3',119,39,'NORMAL','1d35d2f7-9006-4f09-9eaa-93a20282a050','2023-04-27 18:42:38','1d35d2f7-9006-4f09-9eaa-93a20282a050','2023-04-27 18:42:38',NULL);
/*!40000 ALTER TABLE `team_member` ENABLE KEYS */;
UNLOCK TABLES;

--
-- Table structure for table `team_social_media`
--

DROP TABLE IF EXISTS `team_social_media`;
/*!40101 SET @saved_cs_client     = @@character_set_client */;
/*!50503 SET character_set_client = utf8mb4 */;
CREATE TABLE `team_social_media` (
  `id` bigint unsigned NOT NULL AUTO_INCREMENT,
  `system_id` varchar(255) NOT NULL,
  `team_id` bigint unsigned NOT NULL,
  `social_media_id` int NOT NULL,
  `account_link` varchar(255) NOT NULL,
  `created_by_system_id` varchar(255) NOT NULL,
  `created_at` timestamp NOT NULL,
  `updated_by_system_id` varchar(255) DEFAULT NULL,
  `updated_at` timestamp NULL DEFAULT NULL,
  PRIMARY KEY (`id`),
  UNIQUE KEY `id` (`id`),
  UNIQUE KEY `system_id` (`system_id`),
  UNIQUE KEY `unique_team_id_account_id` (`team_id`,`social_media_id`),
  KEY `social_media_id` (`social_media_id`),
  CONSTRAINT `team_social_media_ibfk_1` FOREIGN KEY (`team_id`) REFERENCES `team` (`id`),
  CONSTRAINT `team_social_media_ibfk_2` FOREIGN KEY (`social_media_id`) REFERENCES `social_media` (`id`)
) ENGINE=InnoDB AUTO_INCREMENT=51 DEFAULT CHARSET=utf8mb4 COLLATE=utf8mb4_0900_ai_ci;
/*!40101 SET character_set_client = @saved_cs_client */;

--
-- Dumping data for table `team_social_media`
--

LOCK TABLES `team_social_media` WRITE;
/*!40000 ALTER TABLE `team_social_media` DISABLE KEYS */;
INSERT INTO `team_social_media` VALUES (3,'dc930dc6-76fe-4142-be9c-a87199d0ab85',3,1,'mahmoud.aboelsoud.9843','a434519d-75d1-401a-93c3-bcd7a7dfdf6e','2023-03-12 22:16:13','a434519d-75d1-401a-93c3-bcd7a7dfdf6e','2023-03-12 22:16:13'),(4,'0da75bd7-9f6e-47b7-8b36-8374899aed87',4,1,'mahmoud.aboelsoud.www','8c7e5802-b8ad-43db-98c6-92b2084e283a','2023-03-12 22:23:12','8c7e5802-b8ad-43db-98c6-92b2084e283a','2023-03-12 22:23:12'),(8,'aa46bbdd-ebe0-4697-abb6-fb8f934bb60c',10,1,'mahmoud.aboelsoud.www','8c7e5802-b8ad-43db-98c6-92b2084e283a','2023-03-13 14:35:29','8c7e5802-b8ad-43db-98c6-92b2084e283a','2023-03-13 14:35:29'),(9,'64f30abd-265b-4adf-94f7-3bba8d8e240e',11,1,'mahmoud.aboelsoud.www','8c7e5802-b8ad-43db-98c6-92b2084e283a','2023-03-13 14:39:34','8c7e5802-b8ad-43db-98c6-92b2084e283a','2023-03-13 14:39:34'),(10,'e8fb04bd-4a09-4061-b680-ae31e6b624e0',12,1,'mahmoud.aboelsoud.www','8c7e5802-b8ad-43db-98c6-92b2084e283a','2023-03-13 15:36:55','8c7e5802-b8ad-43db-98c6-92b2084e283a','2023-03-13 15:36:55'),(11,'38922027-8438-441c-b0b8-c471b932bf50',13,1,'mahmoud.aboelsoud.www','ca66a676-a8dd-49f8-b07f-72576e17c52a','2023-03-13 15:47:38','ca66a676-a8dd-49f8-b07f-72576e17c52a','2023-03-13 15:47:38'),(12,'ea23a689-e87c-4997-a1ab-c0a3aa95bac9',14,1,'mahmoud.aboelsoud.www','ca66a676-a8dd-49f8-b07f-72576e17c52a','2023-03-13 17:10:29','ca66a676-a8dd-49f8-b07f-72576e17c52a','2023-03-13 17:10:29'),(13,'38669b13-84d0-4793-af27-4b15f863a201',15,1,'mahmoud.aboelsoud.www','ca66a676-a8dd-49f8-b07f-72576e17c52a','2023-03-13 17:11:21','ca66a676-a8dd-49f8-b07f-72576e17c52a','2023-03-13 17:11:21'),(14,'1814042a-e13b-4635-a85b-34083b4b9c92',16,1,'mahmoud.aboelsoud.www','ca66a676-a8dd-49f8-b07f-72576e17c52a','2023-03-13 17:16:52','ca66a676-a8dd-49f8-b07f-72576e17c52a','2023-03-13 17:16:52'),(15,'cf94e501-6441-4421-b0d1-521659393735',17,1,'mahmoud.aboelsoud.www','ca66a676-a8dd-49f8-b07f-72576e17c52a','2023-03-13 17:17:37','ca66a676-a8dd-49f8-b07f-72576e17c52a','2023-03-13 17:17:37'),(17,'0a63e101-0984-4426-bd20-816dac7b2cb4',19,1,'mahmoud.aboelsoud.www','6c3d7d80-9011-49db-b758-a5eec9f86bb3','2023-03-14 17:27:36','6c3d7d80-9011-49db-b758-a5eec9f86bb3','2023-03-14 17:27:36'),(32,'c1276193-2f91-4835-a530-bbd2b61b7122',45,1,'mahmoud.aboelsoud.www','8c7e5802-b8ad-43db-98c6-92b2084e283a','2023-03-16 18:32:58','8c7e5802-b8ad-43db-98c6-92b2084e283a','2023-03-16 18:32:58'),(33,'d9f8eec5-6c9b-4d49-b8ec-83340d210441',46,1,'mahmoud.aboelsoud.www','8c7e5802-b8ad-43db-98c6-92b2084e283a','2023-03-16 18:37:40','8c7e5802-b8ad-43db-98c6-92b2084e283a','2023-03-16 18:37:40'),(34,'e8d5c7aa-ad46-4807-ba2f-b9165f52e446',47,1,'mahmoud.aboelsoud.www','8c7e5802-b8ad-43db-98c6-92b2084e283a','2023-03-16 18:41:53','8c7e5802-b8ad-43db-98c6-92b2084e283a','2023-03-16 18:41:53'),(35,'0bd6d478-70f8-4cc6-a945-31026a2fd181',52,2,'test','143960ef-65f9-4eb8-9906-b12d3535f2e1','2023-03-16 19:14:40','143960ef-65f9-4eb8-9906-b12d3535f2e1','2023-03-16 22:34:39'),(36,'17a97b2a-c4f6-48ab-94b9-aad57a1aa82d',52,4,'123','143960ef-65f9-4eb8-9906-b12d3535f2e1','2023-03-16 19:14:40','143960ef-65f9-4eb8-9906-b12d3535f2e1','2023-03-16 22:34:39'),(37,'708065f8-c6bd-4de7-8fcd-2fe68f079edd',56,1,'mahmoud.aboelsoud.www','8c7e5802-b8ad-43db-98c6-92b2084e283a','2023-03-16 19:38:02','8c7e5802-b8ad-43db-98c6-92b2084e283a','2023-03-16 19:38:02'),(38,'a6033d03-8585-4473-af87-d67e4271a23c',62,4,'waseemlink','ca66a676-a8dd-49f8-b07f-72576e17c52a','2023-03-16 20:12:17','ca66a676-a8dd-49f8-b07f-72576e17c52a','2023-03-16 20:12:17'),(39,'5e6b7d20-7f7f-438c-8d35-657ebc398f2d',62,1,'waseemlink','ca66a676-a8dd-49f8-b07f-72576e17c52a','2023-03-16 20:12:17','ca66a676-a8dd-49f8-b07f-72576e17c52a','2023-03-16 20:12:17'),(40,'9bf414fe-c2ce-4bd1-8e27-74fc1caf3272',9,4,'test','c24a6bab-8ff3-4bc8-99cb-47be3016adbb','2023-03-16 21:54:02','c24a6bab-8ff3-4bc8-99cb-47be3016adbb','2023-03-28 17:02:26'),(41,'2a09e957-6ac0-4476-bd46-d2ac307c148c',9,1,'test','c24a6bab-8ff3-4bc8-99cb-47be3016adbb','2023-03-16 21:57:52','c24a6bab-8ff3-4bc8-99cb-47be3016adbb','2023-03-28 17:02:26'),(42,'b3dbfae0-456f-4eeb-9ba8-fadb78a49ba4',87,1,'123','c24a6bab-8ff3-4bc8-99cb-47be3016adbb','2023-03-20 00:56:19','c24a6bab-8ff3-4bc8-99cb-47be3016adbb','2023-03-20 00:56:19'),(43,'f60fab15-7034-4939-a60d-65f44734d50a',119,1,'sdsk','0ae6de6a-53e0-46ef-ad77-e62ebb967f81','2023-04-04 16:55:41','0ae6de6a-53e0-46ef-ad77-e62ebb967f81','2023-04-27 19:01:43'),(44,'85ce8192-1518-4950-a591-d788b1951e07',119,2,'sdsd','0ae6de6a-53e0-46ef-ad77-e62ebb967f81','2023-04-04 16:55:41','0ae6de6a-53e0-46ef-ad77-e62ebb967f81','2023-04-27 19:01:43'),(45,'d50ce8b0-c65e-4a5b-9c8b-7b7636cfe8f1',119,3,'sdsds','0ae6de6a-53e0-46ef-ad77-e62ebb967f81','2023-04-04 16:55:41','0ae6de6a-53e0-46ef-ad77-e62ebb967f81','2023-04-27 19:01:43'),(46,'647b4e68-13ff-4705-ba51-747ab6eab1de',119,4,'sdsd','0ae6de6a-53e0-46ef-ad77-e62ebb967f81','2023-04-04 16:55:41','0ae6de6a-53e0-46ef-ad77-e62ebb967f81','2023-04-27 19:01:43'),(47,'d4d2c7eb-6b8a-4743-a2a9-521802a29448',119,5,'sdds','0ae6de6a-53e0-46ef-ad77-e62ebb967f81','2023-04-04 16:55:41','0ae6de6a-53e0-46ef-ad77-e62ebb967f81','2023-04-27 19:01:43'),(48,'3fd0035d-627b-4b77-93fe-b32036be3cef',119,6,'sdsd','0ae6de6a-53e0-46ef-ad77-e62ebb967f81','2023-04-04 16:55:41','0ae6de6a-53e0-46ef-ad77-e62ebb967f81','2023-04-27 19:01:43'),(49,'8918f784-f8ee-4daf-9f7a-f5671dfbdb84',144,1,'hejrhrj','8802fbb9-c46d-482e-93b6-c83ec3be61b8','2023-04-08 03:07:10','8802fbb9-c46d-482e-93b6-c83ec3be61b8','2023-04-08 08:15:10'),(50,'4e7d24c7-f7ec-4545-8244-7f7e24675963',144,2,'hjkhjk','8802fbb9-c46d-482e-93b6-c83ec3be61b8','2023-04-08 04:14:37','8802fbb9-c46d-482e-93b6-c83ec3be61b8','2023-04-08 08:15:10');
/*!40000 ALTER TABLE `team_social_media` ENABLE KEYS */;
UNLOCK TABLES;

--
-- Table structure for table `update_request_changes`
--

DROP TABLE IF EXISTS `update_request_changes`;
/*!40101 SET @saved_cs_client     = @@character_set_client */;
/*!50503 SET character_set_client = utf8mb4 */;
CREATE TABLE `update_request_changes` (
  `id` bigint NOT NULL,
  `created_by` varchar(255) DEFAULT NULL,
  `field_id` varchar(255) DEFAULT NULL,
  `new_val` varchar(255) DEFAULT NULL,
  `notes` varchar(255) DEFAULT NULL,
  `old_val` varchar(255) DEFAULT NULL,
  `system_id` varchar(255) NOT NULL,
  `request_id` int DEFAULT NULL,
  PRIMARY KEY (`id`),
  KEY `FKdyvkjq4y02t7tyx54tc96u7px` (`request_id`),
  CONSTRAINT `FKdyvkjq4y02t7tyx54tc96u7px` FOREIGN KEY (`request_id`) REFERENCES `club_owner_request` (`id`)
) ENGINE=InnoDB DEFAULT CHARSET=utf8mb4 COLLATE=utf8mb4_0900_ai_ci;
/*!40101 SET character_set_client = @saved_cs_client */;

--
-- Dumping data for table `update_request_changes`
--

LOCK TABLES `update_request_changes` WRITE;
/*!40000 ALTER TABLE `update_request_changes` DISABLE KEYS */;
INSERT INTO `update_request_changes` VALUES (-8591101629103781213,'3d6f3253-d2a6-436d-ad8b-62f55ecd396a','CLUBNAME','kareem yousry abs',NULL,'kareem yousry abd','88c64695-fffd-4aa3-95fa-a53ec0d46f03',115),(-8088151667622721812,'143960ef-65f9-4eb8-9906-b12d3535f2e1','NATIONALID','4241421423',NULL,'we433adsfa9dgds43re','8fc11ce9-41dd-46ec-be23-39b34ee22841',86),(-6214785203949842818,'0b727b5c-14a5-4148-9d24-97468ea4c2a2','NATIONALID','3424523',NULL,'we4339dwegds43re','a9c0a5c8-cb37-4e7e-b5bd-f5282815e03a',119),(-4262623715523541502,'3d6f3253-d2a6-436d-ad8b-62f55ecd396a','CRENDDATE','1683752400000',NULL,'1682546400000','c4d81e50-a910-4602-a3c2-2526453b76b3',116),(-3372871760973181018,'0b727b5c-14a5-4148-9d24-97468ea4c2a2','MOBILENUMBER','434345343',NULL,'+103494456455','d1312700-ee3f-4fa6-8387-2327905eef15',121),(-1272634589882072334,'143960ef-65f9-4eb8-9906-b12d3535f2e1','CLUBLOGO','esports/4a47b533-bc08-4f93-98d2-ddb68a016a6b__Screenshot 2023-04-14 at 03.39.19.png',NULL,'esports/20329377-1776-451f-9448-c0a1ff92abe8__Screeshot 2023-04-07 at 00.25.48.png','ee56b195-4d34-42f2-8836-5e53549a92c8',86),(-87505327280930051,'0b727b5c-14a5-4148-9d24-97468ea4c2a2','NATIONALID','4444444444',NULL,'we4339dwegds43re','fec91e5e-5377-42fd-a842-693f58cf2f81',121),(12324938377611438,'0b727b5c-14a5-4148-9d24-97468ea4c2a2','EMAILADDRESS','admi5n2d3sa22@esports.com',NULL,'engbassemsalama@gmail.com','802bc977-55e0-48ae-b4db-c251a2afa20c',76),(203570135482123850,'0b727b5c-14a5-4148-9d24-97468ea4c2a2','NATIONALID','we3wre',NULL,'123456766','82d339f5-ac4a-464a-be81-4735d8b4f186',72),(226642704717008812,'0b727b5c-14a5-4148-9d24-97468ea4c2a2','NATIONALIDFILE','esports/e77e4430-e984-418f-b4a7-3c0874a94fa3__Screeshot 2023-04-07 at 00.25.48.png',NULL,'esports/5d19d6e5-ce4b-43a1-ae8b-beaee34cee30__jpg.jpg','03253256-d197-4fac-97fc-f27e24378a28',72),(247253067257102388,'0b727b5c-14a5-4148-9d24-97468ea4c2a2','COUNTRYCODE','+359',NULL,'+673','836e6b5a-cb7c-4034-b94d-09fce4e78f87',136),(392574446532119438,'143960ef-65f9-4eb8-9906-b12d3535f2e1','CLUBIBANFILE','esports/da0f0602-8373-4789-8a7b-e24a0ed6208__Screenshot 2023-04-07 at 00.25.48.png',NULL,'esports/da0f0602-8373-4789-8a7b-e24a0ed6d208__Screenshot 2023-04-07 at 00.25.48.png','0572b461-1171-4b8e-b582-f7232f3278df',83),(461320794506937624,'3d6f3253-d2a6-436d-ad8b-62f55ecd396a','CLUBNAME','kareem yousry jgt',NULL,'kareem yousry abd','8666f0d1-8416-4518-8161-b158185e72c8',95),(510918016694569614,'143960ef-65f9-4eb8-9906-b12d3535f2e1','CLUBLOGO','esports/20329377-1776-451f-9448-c0a1ff92abe8__Screeshot 2023-04-07 at 00.25.48.png',NULL,'esports/20329377-1776-451f-9448-c0a1ff92abe8__Screenshot 2023-04-07 at 00.25.48.png','8717253a-ae6d-4a8e-950c-f694fbceb89c',83),(517386622100981667,'3d6f3253-d2a6-436d-ad8b-62f55ecd396a','CRENDDATE','1681682400000',NULL,'1679436000000','872e2064-3dde-47a3-9c63-820e6c09ac9f',81),(560700715235952812,'3d6f3253-d2a6-436d-ad8b-62f55ecd396a','CLUBNAME','kareem yousry abd',NULL,'kareem yousry','07c80254-6cf2-48ac-b811-5257cfd2e02b',88),(623435842376714033,'143960ef-65f9-4eb8-9906-b12d3535f2e1','CRNUMBER','3124443967',NULL,'3124443967443','08a6e398-751c-4731-ad4d-d3c8dfbad74c',86),(624209632367298519,'143960ef-65f9-4eb8-9906-b12d3535f2e1','NATIONALIDFILE','esports/e77e4430-e984-418f-b4a7-3c0874a94fa3__Screeshot 2023-04-07 at 00.25.48.png',NULL,'esports/e77e4430-e984-418f-b4a7-3c0874a94fa3__Screenshot 2023-04-07 at 00.25.48.png','08a9a35a-7aa1-47d7-b5d5-bdea8666090d',83),(654596269477087108,'143960ef-65f9-4eb8-9906-b12d3535f2e1','COUNTRYCODE','+10',NULL,'+20','091597d6-c17a-4784-986c-81e945efc5a3',83),(798690297181521488,'143960ef-65f9-4eb8-9906-b12d3535f2e1','EMAILADDRESS','newclubows@mailinator.com',NULL,'newclubow@mailinator.com','0b158497-f90e-4650-a296-07404c2ecada',105),(799753839475773105,'143960ef-65f9-4eb8-9906-b12d3535f2e1','CLUBLOGO','esports/20329377-1776-451f-9448-c0a1ff92abe8__Screeshot 2023-04-07 at 00.25.48.png',NULL,'esports/20329377-1776-451f-9448-c0a1ff92abe8__Screenshot 2023-04-07 at 00.25.48.png','8b194be1-35b5-4eb1-9e0c-bec8f394f33d',84),(876023752329019964,'0b727b5c-14a5-4148-9d24-97468ea4c2a2','CLUBIBAN','SA34663253969977235423534',NULL,'SA4444456665443322772222','0c2842f6-1c60-423c-b9d8-759b90f837b4',72),(917860496542222093,'143960ef-65f9-4eb8-9906-b12d3535f2e1','CRENDDATE','1681998000000',NULL,'1681938000000','0cbce542-31c3-470d-9699-bc0b519db05c',83),(941770684971303363,'cd2e7507-38b5-43b1-8b76-f9fe8d1730f3','CLUBNAME','admin updatess',NULL,'admin updates','0d11d772-c197-41c3-bcf5-85e5c177495e',131),(962389800412728107,'cd2e7507-38b5-43b1-8b76-f9fe8d1730f3','CLUBNAME','admin updates',NULL,'admin update','0d5b186c-ad0f-4b2b-b6b7-dd10f01ecc7b',122),(1024355293337374273,'0b727b5c-14a5-4148-9d24-97468ea4c2a2','MOBILENUMBER','349756955',NULL,'345756955','8e373db6-472a-4e41-821a-71d34fb80ce9',78),(1054633083590689705,'143960ef-65f9-4eb8-9906-b12d3535f2e1','CRNUMBER','312544567443',NULL,'4324343444','8ea2cf33-abcc-43a9-8783-d131232aea35',74),(1058362728033374202,'0b727b5c-14a5-4148-9d24-97468ea4c2a2','COUNTRYCODE','+44',NULL,'+10','0eb00f4b-2ff1-4ffa-8269-8dac5eecca17',127),(1183626287981675247,'6a82b9c7-6813-4ab8-aa59-0b3d8246b8c7','MOBILENUMBER','1147926955',NULL,'564432226','906d15d6-79f6-42ef-9dec-7c1c7d8a9d9d',70),(1288235039857658716,'0b727b5c-14a5-4148-9d24-97468ea4c2a2','CLUBLOGO','esports/20329377-1776-451f-9448-c0a1ff92abe8__Screeshot 2023-04-07 at 00.25.48.png',NULL,'esports/3172ceb0-ef45-491c-bb49-0158efc430b0__jpg.jpg','91e0baf1-81ed-4b5c-b6b0-8eb873a70b8d',72),(1289873923888072803,'0b727b5c-14a5-4148-9d24-97468ea4c2a2','CLUBIBAN','SA34773259447235423534',NULL,'SA34773259559977235423534','91e68d7f-ee63-4863-b642-607449bbe03a',79),(1438403925148847079,'3d6f3253-d2a6-436d-ad8b-62f55ecd396a','CLUBNAME','kareem yousry d',NULL,'kareem yousry abd','93f63cbf-ba06-4be7-a27d-779543c00f14',96),(1444792516129605422,'0b727b5c-14a5-4148-9d24-97468ea4c2a2','OWNERNAME','new mre sasd9sfname',NULL,'new mre sasdasfname','940cef23-7a0c-472e-a0e2-11b924b9fe62',78),(1472798702237797576,'0b727b5c-14a5-4148-9d24-97468ea4c2a2','COUNTRYID','3',NULL,'2','94706e9d-d08a-4cc8-af77-784fab437248',99),(1485706167573104945,'0b727b5c-14a5-4148-9d24-97468ea4c2a2','CLUBNAME','admin updatess',NULL,'admin updates','149e49e3-46cd-4931-a1b1-67156abb892a',128),(1551759074351793708,'143960ef-65f9-4eb8-9906-b12d3535f2e1','CLUBNAMEAR','يسبيشسبيسشسشبسشب',NULL,'نادي رياضي','1588f4a8-13ba-462c-913e-fb9085469cc4',73),(1578012201545451350,'3d6f3253-d2a6-436d-ad8b-62f55ecd396a','CLUBNAME','kareem one',NULL,'kareem yousry abd','95e639bc-9459-4756-9ef6-9667bfb5a921',97),(1627862999517774544,'143960ef-65f9-4eb8-9906-b12d3535f2e1','MOBILENUMBER','359756455',NULL,'4397926955','169754c5-f542-42d0-84cc-66a847d0744e',83),(1647886711094922475,'143960ef-65f9-4eb8-9906-b12d3535f2e1','CLUBNAMEAR','شسيبسش',NULL,'ريبdsadfd49333بثص رشوث','96de783b-9ce6-4ceb-af6e-438586eb2d29',86),(1710710144272714088,'143960ef-65f9-4eb8-9906-b12d3535f2e1','OWNERNAME','dsafsafas',NULL,'new  asfdasasd9sfname','17bda9cf-ff08-4968-8f4f-9e3e64a8d3aa',86),(1804869852137275837,'0b727b5c-14a5-4148-9d24-97468ea4c2a2','MOBILENUMBER','345756955',NULL,'564432226','990c2f91-6274-41bd-913a-52df61e38e60',75),(1829663389003694820,'0b727b5c-14a5-4148-9d24-97468ea4c2a2','OWNERNAME','new mre sasdasfname',NULL,'new mr5e sasdasfname','19644528-881a-42e4-8844-8aaa40a2b407',77),(1833309461060078939,'143960ef-65f9-4eb8-9906-b12d3535f2e1','EMAILADDRESS','admin2d22@esports.com',NULL,'riadh_bel_hadj2005@hotmail.com','9971393d-d5d9-4d5b-8cf2-1f7d4ac5102b',74),(1945405712824945828,'6a82b9c7-6813-4ab8-aa59-0b3d8246b8c7','CRNUMBER','3125577443',NULL,'4567776588','9aff7830-48f2-4ca4-b99f-54427d7145ab',70),(2041277985939606129,'0b727b5c-14a5-4148-9d24-97468ea4c2a2','CLUBIBAN','SA34773253559977235423534',NULL,'SA34443253559977235423534','9c541383-57c1-4a71-8b6b-a506c344c089',77),(2059937134868317948,'143960ef-65f9-4eb8-9906-b12d3535f2e1','CLUBNAME','ne33393sadf3sdfsdfgsdfa name',NULL,'alljdfasasdfsadfsafalfas','9c965de8-ff76-46fc-9847-697edac65c11',83),(2071533998799143847,'143960ef-65f9-4eb8-9906-b12d3535f2e1','EMAILADDRESS','newclubow@mailinator.com',NULL,'admin2288@esports.com','1cbf9132-4a91-43a7-aa3a-f2155489cdf7',84),(2250467875267494806,'143960ef-65f9-4eb8-9906-b12d3535f2e1','CLUBNAMEAR','شسيبسشيسي',NULL,'شسيبسش','1f3b449b-ebbf-4396-ae00-2a71ec9bc8ec',111),(2288217913942231652,'143960ef-65f9-4eb8-9906-b12d3535f2e1','CRFILE','esports/ac5e64c8-1f4d-451c-9678-671bbc63687__Screenshot 2023-04-07 at 00.25.48.png',NULL,'esports/ac5e64c8-1f4d-451c-9678-671bbc639687__Screenshot 2023-04-07 at 00.25.48.png','1fc16211-b936-4a64-889c-8401e0cca74f',84),(2331071582397678167,'143960ef-65f9-4eb8-9906-b12d3535f2e1','CRENDDATE','1681998000000',NULL,'1678222800000','2059a140-eed2-4257-beb2-0b01762a9785',74),(2362056551277284013,'0b727b5c-14a5-4148-9d24-97468ea4c2a2','MOBILENUMBER','345756955',NULL,'345556955','20c7b5eb-2e44-4aad-b0b3-e2d182c3980e',77),(2395264956911862916,'0b727b5c-14a5-4148-9d24-97468ea4c2a2','EMAILADDRESS','admin2d3sa22@esports.com',NULL,'mahmoud.aboelsoud.p4444@gmail.com','a13db0c9-a3ac-4484-846c-1cf7ee9272fd',75),(2433952572577369704,'143960ef-65f9-4eb8-9906-b12d3535f2e1','COUNTRYCODE','+355',NULL,'+213','a1c722f8-189f-4e68-a243-2ae6e070895c',110),(2472457462671559689,'cd2e7507-38b5-43b1-8b76-f9fe8d1730f3','CLUBNAME','admin update',NULL,'dslkfjdsalkfdsf','224feef6-70cd-4c09-9633-55d3a76f5e8e',120),(2474444509247785216,'0b727b5c-14a5-4148-9d24-97468ea4c2a2','CLUBNAME','dslkfjdsalkf',NULL,'ne333933swedfsdfgsdfa name','2256fe2b-c621-4900-88c6-0b33df4be4b7',98),(2610692696261280857,'0b727b5c-14a5-4148-9d24-97468ea4c2a2','OWNER_NAME','new name',NULL,'Mahmoud Aboelsoud','243b0b2c-da5c-4459-90f8-900e21ce427e',72),(2618548591133410738,'143960ef-65f9-4eb8-9906-b12d3535f2e1','MOBILENUMBER','115756955',NULL,'532778888','2456f411-e99b-45b2-bb16-a02a8b0683ff',74),(2689524602253690337,'143960ef-65f9-4eb8-9906-b12d3535f2e1','CLUBNAME','alljdfasasdfsadfsafalfas',NULL,'club riadh','a5531c60-4401-45e1-bb4f-a58f67596455',73),(2824694426765246781,'3d6f3253-d2a6-436d-ad8b-62f55ecd396a','CLUBNAME','kareem yousry a',NULL,'kareem yousry abd','a733549d-825e-413d-9dcd-5d5d7cc6e2f7',114),(2833239267592454412,'143960ef-65f9-4eb8-9906-b12d3535f2e1','CRNUMBER','3124443967443',NULL,'3124266443','a751b01a-4c89-410c-b97b-4add40031e27',83),(2848281498665109149,'143960ef-65f9-4eb8-9906-b12d3535f2e1','CLUBNAME','ne33393sadf3sdfsdfgsdfa name',NULL,'alljdfasasdfsadfsafalfas','278720ee-a440-469d-a7aa-b8ccc0d3f414',84),(2852328450419147743,'0b727b5c-14a5-4148-9d24-97468ea4c2a2','CLUBNAME','admin updatess',NULL,'admin updates','2795819d-05f9-43df-adf2-6b947061ea79',132),(2923137724733212292,'143960ef-65f9-4eb8-9906-b12d3535f2e1','NATIONALIDFILE','esports/e77e4430-e984-418f-b4a7-3c0874a94fa3__Screeshot 2023-04-07 at 00.25.48.png',NULL,'esports/25920afb-fd18-4c52-8809-acc1cae6fdb3__riadh-avatar2.png','a8911245-f044-4684-8971-cdbc92fb9e0c',74),(2997246432215518405,'143960ef-65f9-4eb8-9906-b12d3535f2e1','CLUBNAME','asdfasfaf',NULL,'ne33393sadf3sdfsdfgsdfa name','29985bc0-0083-4cc5-971e-82561370cbb1',86),(3023906671078688331,'143960ef-65f9-4eb8-9906-b12d3535f2e1','CLUBIBANFILE','esports/da0f0602-8373-4789-8a7b-e24a0ed6208__Screenshot 2023-04-07 at 00.25.48.png',NULL,'esports/da0f0602-8373-4789-8a7b-e24a0ed6d208__Screenshot 2023-04-07 at 00.25.48.png','29f71318-9394-464b-a169-9a077e6cb1b1',84),(3048861053785097628,'143960ef-65f9-4eb8-9906-b12d3535f2e1','COUNTRYCODE','+10',NULL,'+20','2a4fbaf9-9062-459c-8326-267ca50b641b',84),(3069389891479619048,'cd2e7507-38b5-43b1-8b76-f9fe8d1730f3','CLUBNAME','admin updatesss',NULL,'admin updates','aa98a9d8-0ed1-45e8-8f2f-7a9ae1ce34b9',126),(3110107831470280152,'0b727b5c-14a5-4148-9d24-97468ea4c2a2','CRFILE','esports/ac5e64c8-1f4d-451c-9678-671bbc63687__Screenshot 2023-04-07 at 00.25.48.png',NULL,'esports/c842254a-173e-4d61-95a3-d3dd4329f657__jpg.jpg','2b295298-3bf2-4dd8-9318-84b3fd38728c',72),(3117432785795433252,'cd2e7507-38b5-43b1-8b76-f9fe8d1730f3','NATIONALID','4234234',NULL,'we4339dwegds43re','2b43589a-107e-4324-a5af-67ebc11a4f4c',122),(3119225594991165525,'143960ef-65f9-4eb8-9906-b12d3535f2e1','MOBILENUMBER','359756411',NULL,'359756499','2b49b726-fbc1-4055-9c7e-51972700d450',107),(3125283478045803524,'0b727b5c-14a5-4148-9d24-97468ea4c2a2','NATIONALID','we4333dgds43re',NULL,'123456766','2b5f3cc3-cb51-4404-b0e0-c490e812591a',75),(3190616680811677237,'3d6f3253-d2a6-436d-ad8b-62f55ecd396a','CRENDDATE','1683147600000',NULL,'1682546400000','2c4758f7-7237-4635-88ef-c596d6fe0d3a',115),(3287070125978567831,'3d6f3253-d2a6-436d-ad8b-62f55ecd396a','CLUBNAME','kareem yousry ab',NULL,'kareem yousry abd','2d9e04dd-2ac0-4497-b0a9-236f4d497f62',112),(3551639521505329897,'143960ef-65f9-4eb8-9906-b12d3535f2e1','CRENDDATE','1681938000000',NULL,'1678222800000','b149f553-d190-42e9-943a-aa666f3e8997',73),(3553699604288980070,'143960ef-65f9-4eb8-9906-b12d3535f2e1','CLUBIBAN','SA3453253453277235423534',NULL,'SA2233445566778800886600','b15146f6-3817-4466-a84b-4de9f4ce909c',73),(3636301622537503704,'143960ef-65f9-4eb8-9906-b12d3535f2e1','CRFILE','esports/ac5e64c8-1f4d-451c-9678-671bbc63687__Screenshot 2023-04-07 at 00.25.48.png',NULL,'esports/ac5e64c8-1f4d-451c-9678-671bbc639687__Screenshot 2023-04-07 at 00.25.48.png','b276bd0f-4b86-43d8-9d3e-ae4d9444dcb7',83),(3651204444452703094,'0b727b5c-14a5-4148-9d24-97468ea4c2a2','CLUBNAME','ne335533sdfgsdfa name',NULL,'ne333333sdfgsdfa name','b2abaf18-e9ee-4b76-8c19-61c7d8842b94',76),(3661169429773241066,'cd2e7507-38b5-43b1-8b76-f9fe8d1730f3','CRENDDATE','1867611600000',NULL,'1681998000000','b2cf1632-dc27-4aea-b95a-72b22a5e1190',119),(3852039192988961478,'0b727b5c-14a5-4148-9d24-97468ea4c2a2','CLUBNAME','admin updatess',NULL,'admin updates','3575313c-aefd-4ac6-9470-0eea3e6c112c',130),(3901507563094819548,'143960ef-65f9-4eb8-9906-b12d3535f2e1','COUNTRYID','2',NULL,'3','b624f075-22c4-42dc-b222-ad4f06bc93ae',108),(3947779558222874928,'0b727b5c-14a5-4148-9d24-97468ea4c2a2','OWNER_EMAIL','admin22d22@esports.com',NULL,'mahmoud.aboelsoud.p4444@gmail.com','b6c95497-8b6c-4930-a771-f2db088b1775',72),(3998124201880145368,'0b727b5c-14a5-4148-9d24-97468ea4c2a2','CLUBIBAN','SA34773259559977235423534',NULL,'SA34773253559977235423534','377c30c7-54f5-4dd8-b349-f37e36754cd9',78),(4022407901126412197,'3d6f3253-d2a6-436d-ad8b-62f55ecd396a','CLUBNAME','kareem yousrys',NULL,'kareem yousry abd','37d276ac-a85d-47a5-8998-661b2b0a810e',93),(4028321959671186248,'0b727b5c-14a5-4148-9d24-97468ea4c2a2','OWNERNAME','new mre sasdasfname',NULL,'Mahmoud Aboelsoud','37e7797a-b71b-4348-b9d5-6039dba43f26',75),(4082058361915788924,'0b727b5c-14a5-4148-9d24-97468ea4c2a2','CLUBNAMEAR','ريب3بثص رشوث',NULL,'ءيؤب','38a66273-d667-4e7c-bfdf-47b4489f42e6',72),(4120311446727181682,'143960ef-65f9-4eb8-9906-b12d3535f2e1','NATIONALID','we3w3dgds43re',NULL,'4243243243','392e496e-3226-4572-bc52-2c7d8e6988a0',74),(4128603813839652845,'0b727b5c-14a5-4148-9d24-97468ea4c2a2','MOBILENUMBER','345556955',NULL,'345756955','b94bbf4b-5e3c-47ed-a979-039d9cec6399',76),(4133026619917681320,'0b727b5c-14a5-4148-9d24-97468ea4c2a2','CLUBIBAN','SA34443253559977235423534',NULL,'SA34773253559977235423534','b95b75d0-276d-42a8-8004-c68b8f177133',76),(4158127220314359294,'143960ef-65f9-4eb8-9906-b12d3535f2e1','NATIONALID','we433adsfa9dgds43re',NULL,'dsdwre','b9b4a2ad-19b8-45fe-a182-157f84573fc7',83),(4314419043633876174,'cd2e7507-38b5-43b1-8b76-f9fe8d1730f3','CLUBNAME','admin updatess',NULL,'admin updates','bbdfe542-ebfa-4cce-871d-94b9e9f04b87',129),(4397939219147210984,'0b727b5c-14a5-4148-9d24-97468ea4c2a2','NATIONALID','we4339dgds43re',NULL,'we4333dgds43re','3d089e6b-2507-40e8-adde-d6b43ebff36d',78),(4446198730706536145,'0b727b5c-14a5-4148-9d24-97468ea4c2a2','NATIONALIDFILE','esports/e77e4430-e984-418f-b4a7-3c0874a94fa3__Screeshot 2023-04-07 at 00.25.48.png',NULL,'esports/5d19d6e5-ce4b-43a1-ae8b-beaee34cee30__jpg.jpg','3db41230-488e-46d1-891d-b8d34c813f82',75),(4469386719295915877,'0b727b5c-14a5-4148-9d24-97468ea4c2a2','CLUBNAME','admin updatess',NULL,'admin updates','3e06738a-977b-4765-908f-6785e904c529',134),(4484901687190965755,'143960ef-65f9-4eb8-9906-b12d3535f2e1','MOBILENUMBER','359756499',NULL,'359756458','be3d9252-8d91-4dfb-944c-43ded8327684',106),(4508744488547862570,'0b727b5c-14a5-4148-9d24-97468ea4c2a2','CLUBIBAN','SA34773253559977235423534',NULL,'SA4444456665443322772222','3e924739-56e5-482a-b2c1-f68826e9747a',75),(4524208938312747920,'143960ef-65f9-4eb8-9906-b12d3535f2e1','NATIONALID','dsdwre',NULL,'4243243243','bec9380f-21c7-4b90-bf8b-fce55b87273d',73),(4530766613467254230,'3d6f3253-d2a6-436d-ad8b-62f55ecd396a','CRENDDATE','1681941600000',NULL,'1679436000000','3ee0843a-dbea-4dd6-a2b7-0061c904cc06',80),(4558805806573374805,'6a82b9c7-6813-4ab8-aa59-0b3d8246b8c7','OWNER_EMAIL','admin2222@esports.com',NULL,'mahmoud.aboelsoud.p4444@gmail.com','bf4421ba-3ccb-4d55-a65e-256155f3c1d3',70),(4642020486871796766,'3d6f3253-d2a6-436d-ad8b-62f55ecd396a','CLUBNAME','kareem yousry',NULL,'fffddgdgj','406bc509-d014-4c1e-b965-d6bc15e6f8ff',85),(4672268337434414395,'143960ef-65f9-4eb8-9906-b12d3535f2e1','NATIONALID','we433adsfa9dgds43re',NULL,'dsdwre','c0d73b4c-5415-4d3b-b706-1c6fac42349c',84),(4786057320129381708,'3d6f3253-d2a6-436d-ad8b-62f55ecd396a','CLUBNAME','kareem yousry abh',NULL,'kareem yousry abd','426b7dc6-68f8-454c-9f62-9b8af803b42e',113),(4812267821392809382,'143960ef-65f9-4eb8-9906-b12d3535f2e1','EMAILADDRESS','engbassdfdemsalama@gmail.com',NULL,'admin2288@esports.com','42c89c16-4a29-4da6-858f-75e150a8b356',83),(4921671475395972065,'3d6f3253-d2a6-436d-ad8b-62f55ecd396a','CRENDDATE','1682546400000',NULL,'1681941600000','c44d4a21-7826-4be1-92cc-85b085228554',102),(4940209546679371721,'143960ef-65f9-4eb8-9906-b12d3535f2e1','MOBILENUMBER','359756443',NULL,'359756422','c48f2668-89d1-47c9-aed0-9f1c6db1bfec',110),(4992999063728242885,'0b727b5c-14a5-4148-9d24-97468ea4c2a2','CLUBNAME','dslkfjdsalkfdsf',NULL,'dslkfjdsalkf','454ab231-c561-40c5-9cf3-97671706f20b',101),(5118312073953365283,'0b727b5c-14a5-4148-9d24-97468ea4c2a2','CLUBNAME','admin updatessss',NULL,'admin updatess','c707e5b6-9995-4d23-99c8-db26fb30a7a4',136),(5125612895908872787,'143960ef-65f9-4eb8-9906-b12d3535f2e1','OWNERNAME','new mre name',NULL,'riadh salah','c721d5c5-accf-4253-8d43-e43ac4648df5',74),(5168358449350921601,'6a82b9c7-6813-4ab8-aa59-0b3d8246b8c7','OWNER_NAME','lsadjfdafsdfadsfsdfds',NULL,'Mahmoud Aboelsoud','47b9b2a0-6573-4d81-ac62-6a25151e6f96',70),(5201763995974322985,'cd2e7507-38b5-43b1-8b76-f9fe8d1730f3','CLUBNAME','admin updatesss',NULL,'admin updates','c83060cb-5177-4b29-891b-add95b3539a5',125),(5224948728167747367,'6a82b9c7-6813-4ab8-aa59-0b3d8246b8c7','CRFILE','esports/ac5e64c8-1f4d-451c-9678-671bbc639687__Screenshot 2023-04-07 at 00.25.48.png',NULL,'esports/c842254a-173e-4d61-95a3-d3dd4329f657__jpg.jpg','c882bf2f-7011-4f27-ae8d-3b7982207bdc',70),(5277621716421921127,'143960ef-65f9-4eb8-9906-b12d3535f2e1','CRFILE','esports/ac5e64c8-1f4d-451c-9678-671bbc63687__Screenshot 2023-04-07 at 00.25.48.png',NULL,'esports/13d495ea-36b7-4965-8ee2-dc4323b0d22a__riadh-avatar2.png','493de0fd-3237-4967-aaa5-23b87d372f65',74),(5279212990178017614,'0b727b5c-14a5-4148-9d24-97468ea4c2a2','CLUBNAME','admin udspdates',NULL,'admin updates','c943883e-7d30-414e-a21d-5bb7d896248e',123),(5321369202904680757,'3d6f3253-d2a6-436d-ad8b-62f55ecd396a','CLUBNAME','kareem yousry abd dsda',NULL,'kareem yousry abd','49d94d18-a1d6-4935-bbd0-f5c41092c623',116),(5364106512997108532,'6a82b9c7-6813-4ab8-aa59-0b3d8246b8c7','CLUBIBANFILE','esports/da0f0602-8373-4789-8a7b-e24a0ed6d208__Screenshot 2023-04-07 at 00.25.48.png',NULL,'esports/c713958d-2b5d-4463-a119-a8c46e3b2510__jpg.jpg','ca712274-0c8d-4b34-87ed-8a778cdbcbdb',70),(5403942100420084997,'143960ef-65f9-4eb8-9906-b12d3535f2e1','OWNERNAME','new  asfdasasd9sfname',NULL,'lsadjfdasdfds','4afea8b5-8251-4505-8cff-4ed3922d5610',83),(5410793410943468881,'143960ef-65f9-4eb8-9906-b12d3535f2e1','OWNERNAME','lsadjfdasdfds',NULL,'riadh salah','4b16fff0-8c4f-4551-80cb-8c6b42cb5fa6',73),(5433757271692166341,'3d6f3253-d2a6-436d-ad8b-62f55ecd396a','CLUBNAME','kareem yousry ab f',NULL,'kareem yousry abd','4b689573-06e8-44c5-afdc-38e6391c3a9b',115),(5525160494370735141,'0b727b5c-14a5-4148-9d24-97468ea4c2a2','CLUBIBAN','SA3477325944793242342324',NULL,'SA34773259447935423534','4cad5032-31fd-4425-8a42-cb9bb01797f2',98),(5560895289742476720,'143960ef-65f9-4eb8-9906-b12d3535f2e1','CRNUMBER','3124266443',NULL,'4324343444','4d2c44cd-9a3e-45b0-bcf7-2d0cbb744d46',73),(5585261589783724526,'0b727b5c-14a5-4148-9d24-97468ea4c2a2','CLUBIBANFILE','esports/da0f0602-8373-4789-8a7b-e24a0ed6208__Screenshot 2023-04-07 at 00.25.48.png',NULL,'esports/c713958d-2b5d-4463-a119-a8c46e3b2510__jpg.jpg','cd82d5d2-ecb1-41ee-a517-e860b88ff4e8',72),(5588109845022065881,'0b727b5c-14a5-4148-9d24-97468ea4c2a2','CRNUMBER','312554567443',NULL,'312444567443','cd8cf44c-0667-44d9-8afe-3585ea4efb5f',76),(5619211924071796239,'3d6f3253-d2a6-436d-ad8b-62f55ecd396a','CLUBNAME','kareem yousry gg',NULL,'kareem yousry abd','4dfb7379-1bf0-4e0f-b706-09f110ff2d78',94),(5654924730777291654,'143960ef-65f9-4eb8-9906-b12d3535f2e1','COUNTRYCODE','+213',NULL,'+10','4e7a5414-e18d-4b86-bc3a-9c2572d6c2e0',106),(5666341258121922483,'6a82b9c7-6813-4ab8-aa59-0b3d8246b8c7','NATIONALID','wewre',NULL,'123456766','4ea2e35a-4a7f-47b3-8ba8-69f3b869f0a3',70),(5691065538136983513,'3d6f3253-d2a6-436d-ad8b-62f55ecd396a','CLUBNAME','kareem yousry abd f',NULL,'kareem yousry abd','4efab9f4-521f-47d9-ab82-c9b5dd69b689',117),(5776951218339987731,'143960ef-65f9-4eb8-9906-b12d3535f2e1','CLUBNAMEAR','ريبdsadfd49333بثص رشوث',NULL,'يسبيشسبيسشسشبسشب','502bda86-85ea-4113-8acb-fa80fbde6b58',84),(5781153257292777604,'0b727b5c-14a5-4148-9d24-97468ea4c2a2','NATIONALID','43523',NULL,'4234234','503ac841-f507-4884-a602-a06feccd261b',123),(5784432457434218744,'143960ef-65f9-4eb8-9906-b12d3535f2e1','CLUBIBANFILE','esports/da0f0602-8373-4789-8a7b-e24a0ed6d208__Screenshot 2023-04-07 at 00.25.48.png',NULL,'esports/06bdf37b-da10-432f-8f4f-3181766127fb__riadh-avatar2.png','d0466eac-3c9b-40f8-854d-343948cf5d00',73),(5818130196265322878,'143960ef-65f9-4eb8-9906-b12d3535f2e1','OWNERNAME','new  asfdasasd9sfname',NULL,'lsadjfdasdfds','d0be2696-755e-497e-888a-6e061d75a26e',84),(5832715024159097231,'143960ef-65f9-4eb8-9906-b12d3535f2e1','CLUBIBAN','SA34663259447235423534',NULL,'SA3453253453277235423534','d0f1f769-5316-418f-85f8-4d4068154183',84),(5851031984334063241,'0b727b5c-14a5-4148-9d24-97468ea4c2a2','CLUBNAME','ne333333sdfgsdfa name',NULL,'ne335533sdfgsdfa name','51330a96-f3ae-4689-9746-5b87b1ec85cb',77),(5912471453542139753,'143960ef-65f9-4eb8-9906-b12d3535f2e1','CRFILE','esports/ac5e64c8-1f4d-451c-9678-671bbc639687__Screenshot 2023-04-07 at 00.25.48.png',NULL,'esports/13d495ea-36b7-4965-8ee2-dc4323b0d22a__riadh-avatar2.png','d20d5176-1d04-4769-b462-c99c7cf4f616',73),(6017121994476439273,'0b727b5c-14a5-4148-9d24-97468ea4c2a2','MOBILENUMBER','3494456455',NULL,'+6733494456455','d3811c92-eaf5-46e9-923c-1eb812f1a54f',136),(6028609747870434848,'6a82b9c7-6813-4ab8-aa59-0b3d8246b8c7','COUNTRYID','2',NULL,'4','d3a9ec9f-ef46-4620-b9e2-2316da4f4257',70),(6036352720464004325,'143960ef-65f9-4eb8-9906-b12d3535f2e1','CLUBIBAN','SA34663253559977235423534',NULL,'SA2233445566778800886600','53c56ed1-3a38-44e5-8177-642dbfb02939',74),(6064151662942702063,'0b727b5c-14a5-4148-9d24-97468ea4c2a2','CLUBLOGO','esports/20329377-1776-451f-9448-c0a1ff92abe8__Screeshot 2023-04-07 at 00.25.48.png',NULL,'esports/3172ceb0-ef45-491c-bb49-0158efc430b0__jpg.jpg','542831ce-e5cb-49ef-8305-137662a4085e',75),(6074357112591306234,'0b727b5c-14a5-4148-9d24-97468ea4c2a2','OWNERNAME','new mr5e sasdasfname',NULL,'new mre sasdasfname','d44c739c-4edf-4dfa-9160-cb28824c204a',76),(6111911716911795934,'143960ef-65f9-4eb8-9906-b12d3535f2e1','COUNTRYID','2',NULL,'195','54d1df53-0113-4ede-bfef-2f86d358e73a',73),(6117307963000573230,'3d6f3253-d2a6-436d-ad8b-62f55ecd396a','CLUBNAME','kareem yousry',NULL,'kareem yousry abd','d4e50b2e-7451-4d2e-a664-e06a74c017bc',91),(6141495368788427304,'cd2e7507-38b5-43b1-8b76-f9fe8d1730f3','CLUBNAME','update admin',NULL,'dslkfjdsalkfdsf','553af97f-b657-4228-a1ca-e75a0f66acbb',119),(6144815025730834045,'6a82b9c7-6813-4ab8-aa59-0b3d8246b8c7','COUNTRYCODE','+20',NULL,'+966','d546c4b5-932b-4e7d-b4c6-cdff47334f80',70),(6152163904330678668,'0b727b5c-14a5-4148-9d24-97468ea4c2a2','OWNERNAME','asfasf',NULL,'new  sasd9sfname','5560e079-b59c-418c-ad34-fec57ca4b581',98),(6178036871334544458,'6a82b9c7-6813-4ab8-aa59-0b3d8246b8c7','CRENDDATE','1681998000000',NULL,'1681941600000','d5bccbcd-4529-444a-bd89-a675bf90b7b0',70),(6204527744124666575,'3d6f3253-d2a6-436d-ad8b-62f55ecd396a','CLUBNAMEAR','يبلللبببببب بب',NULL,'يبلللبببببب','561ae91c-3b9b-42cf-98c2-1dc53ba50d5b',116),(6229422890572334037,'143960ef-65f9-4eb8-9906-b12d3535f2e1','COUNTRYCODE','+20',NULL,'+966','d6735b1d-3440-43d5-afd1-90856651c692',74),(6302101390833830982,'143960ef-65f9-4eb8-9906-b12d3535f2e1','CRENDDATE','1681998000000',NULL,'1681938000000','57758fd3-3325-4c46-81a0-c25cf277b896',84),(6315194375405455000,'143960ef-65f9-4eb8-9906-b12d3535f2e1','CRNUMBER','3124443967443',NULL,'3124266443','d7a413d3-3996-4698-adf6-e3aa9a19266a',84),(6393516994839201024,'0b727b5c-14a5-4148-9d24-97468ea4c2a2','CRNUMBER','312544577443',NULL,'4567776588','d8ba55d5-1ed0-4500-b4b8-f4fd69e01391',72),(6407596709649467662,'6a82b9c7-6813-4ab8-aa59-0b3d8246b8c7','CLUBNAMEAR','ريببثص رشوث',NULL,'ءيؤب','d8ec5b42-2e9e-490e-803f-e502d7a94906',70),(6445741956832774209,'143960ef-65f9-4eb8-9906-b12d3535f2e1','EMAILADDRESS','admin2288@esports.com',NULL,'riadh_bel_hadj2005@hotmail.com','5973e028-a2d9-4841-9536-955fa38fea61',73),(6446241669644369948,'0b727b5c-14a5-4148-9d24-97468ea4c2a2','COUNTRYID','2',NULL,'4','d975a6a5-1779-401c-8c8c-c7bb8d889c48',72),(6466384497598022754,'0b727b5c-14a5-4148-9d24-97468ea4c2a2','COUNTRYCODE','+10',NULL,'+966','59bd3670-b06c-4462-8c04-4cc9d88f705e',75),(6508274871984016810,'143960ef-65f9-4eb8-9906-b12d3535f2e1','MOBILENUMBER','4397926955',NULL,'532778888','da520983-8535-4daa-8ce5-7cc7bd3100df',73),(6580397775540405588,'143960ef-65f9-4eb8-9906-b12d3535f2e1','MOBILENUMBER','359756458',NULL,'359756455','5b5244e9-93db-4554-8b21-9b88bc214f61',105),(6638000060118747944,'143960ef-65f9-4eb8-9906-b12d3535f2e1','CLUBLOGO','esports/20329377-1776-451f-9448-c0a1ff92abe8__Screenshot 2023-04-07 at 00.25.48.png',NULL,'esports/a9ad4255-13e5-4ac4-a494-0302c7425513__riadh-avatar2.png','dc1ee9e2-9266-4b28-b50b-38491bcdde7d',73),(6677220231602916217,'3d6f3253-d2a6-436d-ad8b-62f55ecd396a','NATIONALID','22222222',NULL,'444448','5caa406c-57be-4b79-b1a2-13f1ed5cdf18',89),(6689466856641612038,'3d6f3253-d2a6-436d-ad8b-62f55ecd396a','OWNERNAME','kareem y',NULL,'jjjjjjjjhujj','5cd5c2a9-eedf-4906-8db8-45eb21b0790d',116),(6695386356035308535,'143960ef-65f9-4eb8-9906-b12d3535f2e1','CLUBIBANFILE','esports/da0f0602-8373-4789-8a7b-e24a0ed6208__Screenshot 2023-04-07 at 00.25.48.png',NULL,'esports/06bdf37b-da10-432f-8f4f-3181766127fb__riadh-avatar2.png','dceaca6a-c97b-4bf7-a65a-5f5036f84d0d',74),(6736163119642462548,'0b727b5c-14a5-4148-9d24-97468ea4c2a2','CLUBNAMEAR','ريبdd43333بثص رشوث',NULL,'ءيؤب','dd7ba8aa-e760-4954-beaa-16b98360c3a0',75),(6755925101168183476,'143960ef-65f9-4eb8-9906-b12d3535f2e1','COUNTRYID','2',NULL,'195','ddc1de15-c846-48b4-8cfb-faac940255ff',74),(6894159781219615579,'0b727b5c-14a5-4148-9d24-97468ea4c2a2','CRNUMBER','312444567443',NULL,'312554567443','5facf9cb-5061-435b-9acc-b3df6a992f72',77),(6915175966532324934,'0b727b5c-14a5-4148-9d24-97468ea4c2a2','CLUBNAMEAR','بشسيبشس',NULL,'ريبdd49we333بثص رشوث','5ff7a3e7-447a-4e46-a476-31b0992282a1',98),(7111405723381351756,'0b727b5c-14a5-4148-9d24-97468ea4c2a2','MOBILENUMBER','1157926955',NULL,'564432226','e2b0c9d3-dbd3-454c-b893-f051321575dd',72),(7135157293593612227,'0b727b5c-14a5-4148-9d24-97468ea4c2a2','NATIONALID','we4333dgds43re',NULL,'we4353dgds43re','e3052bc1-3d2f-4fc3-b703-744656f47956',77),(7168151037580494670,'cd2e7507-38b5-43b1-8b76-f9fe8d1730f3','CLUBNAME','admin updatess',NULL,'admin updates','e37a6363-e355-474e-a087-5bca694da30d',124),(7303296341527906684,'143960ef-65f9-4eb8-9906-b12d3535f2e1','COUNTRYCODE','+213',NULL,'+355','e55a8553-fe2e-497c-9740-795a22bca0e4',108),(7370407322989186523,'3d6f3253-d2a6-436d-ad8b-62f55ecd396a','CLUBNAME','kareem yousry dabd',NULL,'kareem yousry abd','6648f269-00b5-4ddb-ad77-f430bc64320c',118),(7408976341987183377,'0b727b5c-14a5-4148-9d24-97468ea4c2a2','CLUBNAME','newa23sdfa name',NULL,'dfrvgtbyh','66d1f8ba-856b-4b11-9f52-c5d73b482cd8',72),(7413417424683550729,'0b727b5c-14a5-4148-9d24-97468ea4c2a2','COUNTRYCODE','+20',NULL,'+966','66e1bfde-a9f4-4809-8136-48a94f860306',72),(7506874983348324459,'143960ef-65f9-4eb8-9906-b12d3535f2e1','NATIONALIDFILE','esports/e77e4430-e984-418f-b4a7-3c0874a94fa3__Screeshot 2023-04-07 at 00.25.48.png',NULL,'esports/e77e4430-e984-418f-b4a7-3c0874a94fa3__Screenshot 2023-04-07 at 00.25.48.png','682dc706-33be-486b-8839-c825e1c7a820',84),(7526918124363336618,'143960ef-65f9-4eb8-9906-b12d3535f2e1','COUNTRYCODE','+20',NULL,'+966','6874fc27-a020-4baa-81ab-fa464532409e',73),(7539100414178181173,'6a82b9c7-6813-4ab8-aa59-0b3d8246b8c7','CLUBLOGO','esports/20329377-1776-451f-9448-c0a1ff92abe8__Screenshot 2023-04-07 at 00.25.48.png',NULL,'esports/3172ceb0-ef45-491c-bb49-0158efc430b0__jpg.jpg','e8a043e2-0117-4035-841d-863c0eb65250',70),(7562731784836106858,'0b727b5c-14a5-4148-9d24-97468ea4c2a2','COUNTRYID','57',NULL,'3','68f4387d-3eb6-4a6a-ae5e-cdcd451556a0',100),(7651975889714037805,'0b727b5c-14a5-4148-9d24-97468ea4c2a2','CRNUMBER','3424323424',NULL,'312444997443','ea314787-a042-442d-af29-5b17ff977cdc',98),(7658579044515071412,'143960ef-65f9-4eb8-9906-b12d3535f2e1','CLUBNAME','asdfasfaffdsa',NULL,'asdfasfaf','ea48bd10-6892-45b4-87d2-912e8f666a99',109),(7719873021691446957,'0b727b5c-14a5-4148-9d24-97468ea4c2a2','CRNUMBER','312444967443',NULL,'312444567443','6b227f9c-910a-46ad-937a-45c02e9da682',78),(7797508834771354124,'143960ef-65f9-4eb8-9906-b12d3535f2e1','CLUBNAMEAR','ريبdsadfd49333بثص رشوث',NULL,'يسبيشسبيسشسشبسشب','6c3650f8-e584-420c-acb5-09c4e12056ce',83),(7815600485973115658,'143960ef-65f9-4eb8-9906-b12d3535f2e1','NATIONALIDFILE','esports/e77e4430-e984-418f-b4a7-3c0874a94fa3__Screenshot 2023-04-07 at 00.25.48.png',NULL,'esports/25920afb-fd18-4c52-8809-acc1cae6fdb3__riadh-avatar2.png','6c76973b-b0cc-430a-8980-e0d7e12d583e',73),(7828819538170429598,'0b727b5c-14a5-4148-9d24-97468ea4c2a2','NATIONALID','341421341',NULL,'we4339dwegds43re','6ca58de4-1f49-409e-9089-127b62005a93',119),(7869907565804142998,'0b727b5c-14a5-4148-9d24-97468ea4c2a2','CLUBIBANFILE','esports/da0f0602-8373-4789-8a7b-e24a0ed6208__Screenshot 2023-04-07 at 00.25.48.png',NULL,'esports/c713958d-2b5d-4463-a119-a8c46e3b2510__jpg.jpg','6d37873c-0aea-4196-8114-7bfcae6b5aa6',75),(7885733364992460823,'143960ef-65f9-4eb8-9906-b12d3535f2e1','COUNTRYCODE','+355',NULL,'+213','6d6fc0b7-0dd2-4817-92f4-f973a5bf8d54',107),(7910753997052398858,'0b727b5c-14a5-4148-9d24-97468ea4c2a2','CLUBNAME','admin updatess',NULL,'admin update','6dc8a4d8-ebcf-4d0a-8d1c-f84c8a6659f4',121),(7941554264846190496,'0b727b5c-14a5-4148-9d24-97468ea4c2a2','NATIONALID','we4353dgds43re',NULL,'we4333dgds43re','ee361187-18a5-47a0-ac27-2767fcb70522',76),(7970643479322185186,'6a82b9c7-6813-4ab8-aa59-0b3d8246b8c7','CLUBIBAN','SA3453253969977235423534',NULL,'SA4444456665443322772222','6e9d6a03-a048-4de2-8225-99859b857b7f',70),(8084419503498151027,'143960ef-65f9-4eb8-9906-b12d3535f2e1','CLUBIBAN','SA2323232332323232332232',NULL,'SA34663259447235423534','7031a0b4-913f-4473-a90e-bf0cb8918adb',86),(8237277469639393920,'0b727b5c-14a5-4148-9d24-97468ea4c2a2','CLUBNAME','ne333933sdfgsdfa name',NULL,'ne333333sdfgsdfa name','f250b037-362f-4280-a4c5-746e120fecbc',78),(8237283355541262126,'0b727b5c-14a5-4148-9d24-97468ea4c2a2','CLUBNAMEAR','شيبشسيبسش',NULL,'بشسيبشس','7250b591-a146-4f2e-b535-fbe0e11995f3',119),(8294439094150188830,'143960ef-65f9-4eb8-9906-b12d3535f2e1','CLUBNAME','newa23sdfgsdfa name',NULL,'club riadh','731bc469-09ef-4f1e-8369-9aac2e5ebca5',74),(8314240168435272099,'143960ef-65f9-4eb8-9906-b12d3535f2e1','MOBILENUMBER','359756422',NULL,'359756411','73621d61-e8de-49a3-b2ed-aa113f61fd7f',108),(8404715055105263699,'cd2e7507-38b5-43b1-8b76-f9fe8d1730f3','CRENDDATE','1867525200000',NULL,'1681998000000','74a38bd0-01ed-4853-9a68-ade0a00054b1',120),(8525455043005140174,'0b727b5c-14a5-4148-9d24-97468ea4c2a2','COUNTRYCODE','+673',NULL,'+44','f6508031-1ae2-4cce-9f02-fb09376a69bb',135),(8573096366029095751,'143960ef-65f9-4eb8-9906-b12d3535f2e1','CLUBLOGO','esports/20329377-1776-451f-9448-c0a1ff92abe8__Screeshot 2023-04-07 at 00.25.48.png',NULL,'esports/a9ad4255-13e5-4ac4-a494-0302c7425513__riadh-avatar2.png','f6f9c1b9-025b-4347-a9a3-6522ef35fe58',74),(8600982155412851418,'6a82b9c7-6813-4ab8-aa59-0b3d8246b8c7','NATIONALIDFILE','esports/e77e4430-e984-418f-b4a7-3c0874a94fa3__Screenshot 2023-04-07 at 00.25.48.png',NULL,'esports/5d19d6e5-ce4b-43a1-ae8b-beaee34cee30__jpg.jpg','775cd3b3-4cdb-4ada-9a3b-44ae84e13487',70),(8624605124081172775,'0b727b5c-14a5-4148-9d24-97468ea4c2a2','CRENDDATE','1681998000000',NULL,'1681941600000','77b0c0aa-4cdf-4127-8957-2966457a9833',75),(8673546286346225867,'3d6f3253-d2a6-436d-ad8b-62f55ecd396a','CLUBNAME','kareem yousry f',NULL,'kareem yousry abd','f85ea064-9c93-48cb-b1bb-b0b3383eff83',92),(8735795751152273892,'0b727b5c-14a5-4148-9d24-97468ea4c2a2','CRENDDATE','1681998000000',NULL,'1681941600000','793bc7f3-91cc-49e4-8acf-e6e119dd9a4d',72),(8880121605721508033,'143960ef-65f9-4eb8-9906-b12d3535f2e1','CLUBNAMEAR','ريب433بثص رشوث',NULL,'نادي رياضي','fb3c878d-2f4d-48c1-8920-3d9ddfe2c0db',74),(8913586407798883341,'0b727b5c-14a5-4148-9d24-97468ea4c2a2','COUNTRYID','2',NULL,'4','7bb36b9c-979a-440d-9668-a31676b2e14f',75),(8937663468902566526,'0b727b5c-14a5-4148-9d24-97468ea4c2a2','CLUBNAMEAR','ريبdd49333بثص رشوث',NULL,'ريبdd43333بثص رشوث','fc08f592-39ec-4a7e-861e-bfca683d1e02',78),(9011344414195797218,'143960ef-65f9-4eb8-9906-b12d3535f2e1','CLUBIBAN','SA34663259447235423534',NULL,'SA3453253453277235423534','fd0eba00-24d7-4ce2-88e3-5134d6e3dbf9',83),(9029924489805516694,'0b727b5c-14a5-4148-9d24-97468ea4c2a2','CLUBNAME','ne333333sdfgsdfa name',NULL,'dfrvgtbyh','7d50bc7b-1b75-4f96-83ce-e77a25d8b977',75),(9071707334455479323,'0b727b5c-14a5-4148-9d24-97468ea4c2a2','CRNUMBER','312444567443',NULL,'4567776588','7de52dc1-b886-4c1b-b2f9-fc97ea122d1e',75),(9086315175015892799,'6a82b9c7-6813-4ab8-aa59-0b3d8246b8c7','CLUBNAME','newasdfa name',NULL,'dfrvgtbyh','fe191382-a410-473f-8fe2-656127d6f8db',70),(9091647270790581308,'143960ef-65f9-4eb8-9906-b12d3535f2e1','MOBILENUMBER','359756455',NULL,'4397926955','fe2c0505-ee9f-4c3c-aecf-858cf9938211',84),(9134801223038091658,'0b727b5c-14a5-4148-9d24-97468ea4c2a2','EMAILADDRESS','admin2d3sa22@esports.com',NULL,'admi5n2d3sa22@esports.com','fec55550-68fd-418a-b92c-8718a9f1c152',77),(9176313483372153106,'0b727b5c-14a5-4148-9d24-97468ea4c2a2','CRFILE','esports/ac5e64c8-1f4d-451c-9678-671bbc63687__Screenshot 2023-04-07 at 00.25.48.png',NULL,'esports/c842254a-173e-4d61-95a3-d3dd4329f657__jpg.jpg','7f58d07e-b406-4912-81cd-c2578953bc44',75);
/*!40000 ALTER TABLE `update_request_changes` ENABLE KEYS */;
UNLOCK TABLES;
/*!40103 SET TIME_ZONE=@OLD_TIME_ZONE */;

/*!40101 SET SQL_MODE=@OLD_SQL_MODE */;
/*!40014 SET FOREIGN_KEY_CHECKS=@OLD_FOREIGN_KEY_CHECKS */;
/*!40014 SET UNIQUE_CHECKS=@OLD_UNIQUE_CHECKS */;
/*!40101 SET CHARACTER_SET_CLIENT=@OLD_CHARACTER_SET_CLIENT */;
/*!40101 SET CHARACTER_SET_RESULTS=@OLD_CHARACTER_SET_RESULTS */;
/*!40101 SET COLLATION_CONNECTION=@OLD_COLLATION_CONNECTION */;
/*!40111 SET SQL_NOTES=@OLD_SQL_NOTES */;

-- Dump completed on 2023-06-12  9:36:30
