-- MySQL dump 10.13  Distrib 8.0.34, for Linux (x86_64)
--
-- Host: 10.11.4.6    Database: user-preprod
-- ------------------------------------------------------
-- Server version	8.0.32-u3-cloud

/*!40101 SET @OLD_CHARACTER_SET_CLIENT=@@CHARACTER_SET_CLIENT */;
/*!40101 SET @OLD_CHARACTER_SET_RESULTS=@@CHARACTER_SET_RESULTS */;
/*!40101 SET @OLD_COLLATION_CONNECTION=@@COLLATION_CONNECTION */;
/*!50503 SET NAMES utf8mb4 */;
/*!40103 SET @OLD_TIME_ZONE=@@TIME_ZONE */;
/*!40103 SET TIME_ZONE='+00:00' */;
/*!40014 SET @OLD_UNIQUE_CHECKS=@@UNIQUE_CHECKS, UNIQUE_CHECKS=0 */;
/*!40014 SET @OLD_FOREIGN_KEY_CHECKS=@@FOREIGN_KEY_CHECKS, FOREIGN_KEY_CHECKS=0 */;
/*!40101 SET @OLD_SQL_MODE=@@SQL_MODE, SQL_MODE='NO_AUTO_VALUE_ON_ZERO' */;
/*!40111 SET @OLD_SQL_NOTES=@@SQL_NOTES, SQL_NOTES=0 */;
SET @MYSQLDUMP_TEMP_LOG_BIN = @@SESSION.SQL_LOG_BIN;
SET @@SESSION.SQL_LOG_BIN= 0;

--
-- Current Database: `user-preprod`
--

CREATE DATABASE /*!32312 IF NOT EXISTS*/ `user-preprod` /*!40100 DEFAULT CHARACTER SET utf8mb4 COLLATE utf8mb4_0900_ai_ci */ /*!80016 DEFAULT ENCRYPTION='N' */;

USE `user-preprod`;

--
-- Table structure for table `DATABASECHANGELOG`
--

DROP TABLE IF EXISTS `DATABASECHANGELOG`;
/*!40101 SET @saved_cs_client     = @@character_set_client */;
/*!50503 SET character_set_client = utf8mb4 */;
CREATE TABLE `DATABASECHANGELOG` (
  `my_row_id` bigint unsigned NOT NULL AUTO_INCREMENT /*!80023 INVISIBLE */,
  `ID` varchar(255) NOT NULL,
  `AUTHOR` varchar(255) NOT NULL,
  `FILENAME` varchar(255) NOT NULL,
  `DATEEXECUTED` datetime NOT NULL,
  `ORDEREXECUTED` int NOT NULL,
  `EXECTYPE` varchar(10) NOT NULL,
  `MD5SUM` varchar(35) DEFAULT NULL,
  `DESCRIPTION` varchar(255) DEFAULT NULL,
  `COMMENTS` varchar(255) DEFAULT NULL,
  `TAG` varchar(255) DEFAULT NULL,
  `LIQUIBASE` varchar(20) DEFAULT NULL,
  `CONTEXTS` varchar(255) DEFAULT NULL,
  `LABELS` varchar(255) DEFAULT NULL,
  `DEPLOYMENT_ID` varchar(10) DEFAULT NULL,
  PRIMARY KEY (`my_row_id`)
) ENGINE=InnoDB AUTO_INCREMENT=29 DEFAULT CHARSET=utf8mb4 COLLATE=utf8mb4_0900_ai_ci;
/*!40101 SET character_set_client = @saved_cs_client */;

--
-- Dumping data for table `DATABASECHANGELOG`
--

LOCK TABLES `DATABASECHANGELOG` WRITE;
/*!40000 ALTER TABLE `DATABASECHANGELOG` DISABLE KEYS */;
INSERT INTO `DATABASECHANGELOG` (`my_row_id`, `ID`, `AUTHOR`, `FILENAME`, `DATEEXECUTED`, `ORDEREXECUTED`, `EXECTYPE`, `MD5SUM`, `DESCRIPTION`, `COMMENTS`, `TAG`, `LIQUIBASE`, `CONTEXTS`, `LABELS`, `DEPLOYMENT_ID`) VALUES (1,'raw','includeAll','db/changelog/mysql/changes/V1_users_ddl.sql','2023-02-14 11:15:40',1,'EXECUTED','8:6dbf39c8752d029cc049ac1d647e3243','sql','',NULL,'4.3.1',NULL,NULL,'6373339454'),(2,'raw','includeAll','db/changelog/mysql/changes/V1_users_dml.sql','2023-02-14 11:15:40',2,'EXECUTED','8:eb439ed395eb23d112738c8a9818817d','sql','',NULL,'4.3.1',NULL,NULL,'6373339454'),(3,'raw','includeAll','db/changelog/mysql/changes/V1_users_auth_dml.sql','2023-02-14 11:15:40',3,'EXECUTED','8:0b49015ed43d59102764a8895ad2f0d7','sql','',NULL,'4.3.1',NULL,NULL,'6373339454'),(4,'raw','includeAll','db/changelog/mysql/changes/V2_remove_deleteUser_auth.sql','2023-02-14 11:15:40',4,'EXECUTED','8:af9081997dd573e96197e97dd6a7d789','sql','',NULL,'4.3.1',NULL,NULL,'6373339454'),(5,'raw','includeAll','db/changelog/mysql/changes/V1_update_profiles.sql','2023-03-06 18:54:31',5,'EXECUTED','8:4a313fb012fa41f9e6cb05363bf913ec','sql','',NULL,'4.3.1',NULL,NULL,'8128871556'),(6,'raw','includeAll','db/changelog/mysql/changes/v1_team_profiles_dml.sql','2023-03-06 18:54:31',6,'EXECUTED','8:f15a6570b81e2ef2f0d860a87a242da3','sql','',NULL,'4.3.1',NULL,NULL,'8128871556'),(7,'raw','includeAll','db/changelog/mysql/changes/v1_profile_types_signup_ddl.sql','2023-03-06 18:54:31',7,'EXECUTED','8:0f95624bccd128410ac2bee49356452c','sql','',NULL,'4.3.1',NULL,NULL,'8128871556'),(8,'raw','includeAll','db/changelog/mysql/changes/v1_rollback_created_profiles.sql','2023-03-06 21:58:10',8,'EXECUTED','8:d14c44c9e7ceab4c378d031769bd763f','sql','',NULL,'4.3.1',NULL,NULL,'8139889977'),(9,'raw','includeAll','db/changelog/mysql/changes/v1_user_type_new_profiles.sql','2023-03-12 12:34:34',9,'EXECUTED','8:87aa263eee85fbfd2b4d64e140595f79','sql','',NULL,'4.3.1',NULL,NULL,'8624474085'),(10,'raw','includeAll','db/changelog/mysql/changes/V1-add-team-auths.sql','2023-05-21 08:57:32',10,'EXECUTED','8:cac17c09f220d238e65fee4dc8d2ba95','sql','',NULL,'4.3.1',NULL,NULL,'4659452553'),(11,'raw','includeAll','db/changelog/mysql/changes/v1_profile_invitations.sql','2023-05-21 08:57:32',11,'EXECUTED','8:3d9996fe6c22da970d3bf0dfa9076418','sql','',NULL,'4.3.1',NULL,NULL,'4659452553'),(12,'raw','includeAll','db/changelog/mysql/changes/v1_update_isInvitationsEnabled.sql','2023-05-21 08:57:32',12,'EXECUTED','8:9d1b68390d953046d41529f65389519e','sql','',NULL,'4.3.1',NULL,NULL,'4659452553'),(13,'raw','includeAll','db/changelog/mysql/changes/v1_autoDisbale_isInvitationsEnabled.sql','2023-05-21 08:57:32',13,'EXECUTED','8:28a5ac7e88db7818763e7357a9be4bfc','sql','',NULL,'4.3.1',NULL,NULL,'4659452553'),(14,'raw','includeAll','db/changelog/mysql/changes/V1-edit-team-auths.sql','2023-05-21 08:57:32',14,'EXECUTED','8:22ec3e48b95400fe18bd903a8411813f','sql','',NULL,'4.3.1',NULL,NULL,'4659452553'),(15,'raw','includeAll','db/changelog/mysql/changes/v1_profile_concurrent_teams.sql','2023-05-21 08:57:32',15,'EXECUTED','8:02e4823aca5a78c6861fecb1e1baa797','sql','',NULL,'4.3.1',NULL,NULL,'4659452553'),(16,'raw','includeAll','db/changelog/mysql/changes/V2_profile_concurrent_teams_ddl.sql','2023-05-21 08:57:32',16,'EXECUTED','8:96c959b694bec1bef4b7f60e395b4221','sql','',NULL,'4.3.1',NULL,NULL,'4659452553'),(17,'raw','includeAll','db/changelog/mysql/changes/V1-add-clubs-auths.sql','2023-05-21 08:57:32',17,'EXECUTED','8:beeb2cd535120d8f425f34e1c036cc6b','sql','',NULL,'4.3.1',NULL,NULL,'4659452553'),(18,'raw','includeAll','db/changelog/mysql/changes/V2_profile_types_ddl.sql','2023-05-21 08:57:32',18,'EXECUTED','8:21a4103590607225403703b356b21987','sql','',NULL,'4.3.1',NULL,NULL,'4659452553'),(19,'raw','includeAll','db/changelog/mysql/changes/V1_profile_ddl.sql','2023-05-21 08:57:32',19,'EXECUTED','8:a944668103e896689f38c927c4c22b3c','sql','',NULL,'4.3.1',NULL,NULL,'4659452553'),(20,'raw','includeAll','db/changelog/mysql/changes/v1_club_owner_disable_team.sql','2023-05-21 08:57:32',20,'EXECUTED','8:2cf507962298fd8d65fc9e32019942cd','sql','',NULL,'4.3.1',NULL,NULL,'4659452553'),(21,'raw','includeAll','db/changelog/mysql/changes/V2-add-clubs-auths.sql','2023-05-21 08:57:32',21,'EXECUTED','8:26074c4b967620cc9ebeaee05ac1de88','sql','',NULL,'4.3.1',NULL,NULL,'4659452553'),(22,'raw','includeAll','db/changelog/mysql/changes/V2-add-teams-auths.sql','2023-05-21 08:57:32',22,'EXECUTED','8:7f0e4639b10cc9e09091a56d5945b546','sql','',NULL,'4.3.1',NULL,NULL,'4659452553'),(23,'raw','includeAll','db/changelog/mysql/changes/V2-edit-teams-auths.sql','2023-05-21 08:57:32',23,'EXECUTED','8:895bcd8f2dbe6d3ed0f7e88ae1de36e6','sql','',NULL,'4.3.1',NULL,NULL,'4659452553'),(24,'raw','includeAll','db/changelog/mysql/changes/V3-add-remainder-settings.sql','2023-05-21 08:57:32',24,'EXECUTED','8:ee8d199fcac86c72194b568c5fc5a651','sql','',NULL,'4.3.1',NULL,NULL,'4659452553'),(25,'raw','includeAll','db/changelog/mysql/changes/V2-update-request-data.sql','2023-05-21 08:57:32',25,'EXECUTED','8:f3a37b9298c7e9fe5c1754a1f7e4e507','sql','',NULL,'4.3.1',NULL,NULL,'4659452553'),(26,'raw','includeAll','db/changelog/mysql/changes/V4-update_lock_reason.sql','2023-05-21 08:57:32',26,'EXECUTED','8:8ed1a61b7882f9b6e929b9d68c9162f6','sql','',NULL,'4.3.1',NULL,NULL,'4659452553'),(27,'raw','includeAll','db/changelog/mysql/changes/V5_is_invitations_enabled_default_false.sql','2023-05-21 08:57:32',27,'EXECUTED','8:f64e8e59d3b86f3ca25b8576113c0976','sql','',NULL,'4.3.1',NULL,NULL,'4659452553'),(28,'raw','includeAll','db/changelog/mysql/changes/V1-club-admin-profile.sql','2023-05-21 08:57:32',28,'EXECUTED','8:71c4d385e046a61bfa52b932d96a1251','sql','',NULL,'4.3.1',NULL,NULL,'4659452553');
/*!40000 ALTER TABLE `DATABASECHANGELOG` ENABLE KEYS */;
UNLOCK TABLES;

--
-- Table structure for table `DATABASECHANGELOGLOCK`
--

DROP TABLE IF EXISTS `DATABASECHANGELOGLOCK`;
/*!40101 SET @saved_cs_client     = @@character_set_client */;
/*!50503 SET character_set_client = utf8mb4 */;
CREATE TABLE `DATABASECHANGELOGLOCK` (
  `ID` int NOT NULL,
  `LOCKED` bit(1) NOT NULL,
  `LOCKGRANTED` datetime DEFAULT NULL,
  `LOCKEDBY` varchar(255) DEFAULT NULL,
  PRIMARY KEY (`ID`)
) ENGINE=InnoDB DEFAULT CHARSET=utf8mb4 COLLATE=utf8mb4_0900_ai_ci;
/*!40101 SET character_set_client = @saved_cs_client */;

--
-- Dumping data for table `DATABASECHANGELOGLOCK`
--

LOCK TABLES `DATABASECHANGELOGLOCK` WRITE;
/*!40000 ALTER TABLE `DATABASECHANGELOGLOCK` DISABLE KEYS */;
INSERT INTO `DATABASECHANGELOGLOCK` VALUES (1,_binary '\0',NULL,NULL);
/*!40000 ALTER TABLE `DATABASECHANGELOGLOCK` ENABLE KEYS */;
UNLOCK TABLES;

--
-- Table structure for table `authority_level`
--

DROP TABLE IF EXISTS `authority_level`;
/*!40101 SET @saved_cs_client     = @@character_set_client */;
/*!50503 SET character_set_client = utf8mb4 */;
CREATE TABLE `authority_level` (
  `id` bigint NOT NULL,
  `value` varchar(255) DEFAULT NULL,
  PRIMARY KEY (`id`)
) ENGINE=InnoDB DEFAULT CHARSET=utf8mb4 COLLATE=utf8mb4_0900_ai_ci;
/*!40101 SET character_set_client = @saved_cs_client */;

--
-- Dumping data for table `authority_level`
--

LOCK TABLES `authority_level` WRITE;
/*!40000 ALTER TABLE `authority_level` DISABLE KEYS */;
INSERT INTO `authority_level` VALUES (1,'Get By Organization'),(2,'Get By Levels'),(3,'Get By My Level');
/*!40000 ALTER TABLE `authority_level` ENABLE KEYS */;
UNLOCK TABLES;

--
-- Table structure for table `club`
--

DROP TABLE IF EXISTS `club`;
/*!40101 SET @saved_cs_client     = @@character_set_client */;
/*!50503 SET character_set_client = utf8mb4 */;
CREATE TABLE `club` (
  `system_id` varchar(255) NOT NULL,
  `owner_id` int NOT NULL,
  `club_name_en` varchar(255) NOT NULL,
  `club_name_ar` varchar(255) NOT NULL,
  `club_logo` varchar(255) NOT NULL,
  `cr_number` varchar(255) NOT NULL,
  `cr_file` varchar(255) NOT NULL,
  `club_iban` varchar(255) NOT NULL,
  `club_iban_file` varchar(255) NOT NULL,
  `players_number` int NOT NULL,
  `admins_number` int NOT NULL,
  `created_at` timestamp NOT NULL,
  `updated_at` timestamp NULL DEFAULT NULL,
  PRIMARY KEY (`system_id`),
  KEY `club_owner_fk` (`owner_id`),
  CONSTRAINT `club_owner_fk` FOREIGN KEY (`owner_id`) REFERENCES `user_attributes_mapping` (`id`) ON DELETE RESTRICT ON UPDATE CASCADE
) ENGINE=InnoDB DEFAULT CHARSET=utf8mb4 COLLATE=utf8mb4_0900_ai_ci;
/*!40101 SET character_set_client = @saved_cs_client */;

--
-- Dumping data for table `club`
--

LOCK TABLES `club` WRITE;
/*!40000 ALTER TABLE `club` DISABLE KEYS */;
/*!40000 ALTER TABLE `club` ENABLE KEYS */;
UNLOCK TABLES;

--
-- Table structure for table `domain_clients`
--

DROP TABLE IF EXISTS `domain_clients`;
/*!40101 SET @saved_cs_client     = @@character_set_client */;
/*!50503 SET character_set_client = utf8mb4 */;
CREATE TABLE `domain_clients` (
  `id` bigint NOT NULL AUTO_INCREMENT,
  `client_id` varchar(255) DEFAULT NULL,
  `customer_id` varchar(255) DEFAULT NULL,
  `realm_id` varchar(255) DEFAULT NULL,
  PRIMARY KEY (`id`)
) ENGINE=InnoDB AUTO_INCREMENT=9 DEFAULT CHARSET=utf8mb4 COLLATE=utf8mb4_0900_ai_ci;
/*!40101 SET character_set_client = @saved_cs_client */;

--
-- Dumping data for table `domain_clients`
--

LOCK TABLES `domain_clients` WRITE;
/*!40000 ALTER TABLE `domain_clients` DISABLE KEYS */;
INSERT INTO `domain_clients` VALUES (5,'WEB','1_STCS_CUST','cust_esports.com'),(6,'MOBILE','1_STCS_CUST','cust_esports.com'),(7,'WEB','1_STCS_CUST','cust_esports.com'),(8,'MOBILE','1_STCS_CUST','cust_esports.com');
/*!40000 ALTER TABLE `domain_clients` ENABLE KEYS */;
UNLOCK TABLES;

--
-- Table structure for table `domain_mapping`
--

DROP TABLE IF EXISTS `domain_mapping`;
/*!40101 SET @saved_cs_client     = @@character_set_client */;
/*!50503 SET character_set_client = utf8mb4 */;
CREATE TABLE `domain_mapping` (
  `id` bigint NOT NULL AUTO_INCREMENT,
  `customer_id` varchar(255) DEFAULT NULL,
  `domain` varchar(255) DEFAULT NULL,
  `enabled` bit(1) DEFAULT NULL,
  `realm_id` varchar(255) DEFAULT NULL,
  `reassigned_admin_id` varchar(255) DEFAULT NULL,
  `user_admin_id` varchar(255) DEFAULT NULL,
  `user_assigned` bit(1) DEFAULT NULL,
  PRIMARY KEY (`id`)
) ENGINE=InnoDB AUTO_INCREMENT=5 DEFAULT CHARSET=utf8mb4 COLLATE=utf8mb4_0900_ai_ci;
/*!40101 SET character_set_client = @saved_cs_client */;

--
-- Dumping data for table `domain_mapping`
--

LOCK TABLES `domain_mapping` WRITE;
/*!40000 ALTER TABLE `domain_mapping` DISABLE KEYS */;
INSERT INTO `domain_mapping` VALUES (3,'1_STCS_CUST','esports.sa',_binary '','cust_esports.com',NULL,NULL,_binary '\0'),(4,'1_STCS_CUST','saudiesports.sa',_binary '','cust_esports.com',NULL,NULL,_binary '\0');
/*!40000 ALTER TABLE `domain_mapping` ENABLE KEYS */;
UNLOCK TABLES;

--
-- Table structure for table `fcs_users_preferences`
--

DROP TABLE IF EXISTS `fcs_users_preferences`;
/*!40101 SET @saved_cs_client     = @@character_set_client */;
/*!50503 SET character_set_client = utf8mb4 */;
CREATE TABLE `fcs_users_preferences` (
  `user_system_id` varchar(255) NOT NULL,
  `created_by` varchar(255) DEFAULT NULL,
  `created_date` datetime(6) DEFAULT NULL,
  `image_bg` varchar(255) DEFAULT NULL,
  `image_logo` varchar(255) DEFAULT NULL,
  PRIMARY KEY (`user_system_id`)
) ENGINE=InnoDB DEFAULT CHARSET=utf8mb4 COLLATE=utf8mb4_0900_ai_ci;
/*!40101 SET character_set_client = @saved_cs_client */;

--
-- Dumping data for table `fcs_users_preferences`
--

LOCK TABLES `fcs_users_preferences` WRITE;
/*!40000 ALTER TABLE `fcs_users_preferences` DISABLE KEYS */;
/*!40000 ALTER TABLE `fcs_users_preferences` ENABLE KEYS */;
UNLOCK TABLES;

--
-- Table structure for table `fcs_users_preferences_settings`
--

DROP TABLE IF EXISTS `fcs_users_preferences_settings`;
/*!40101 SET @saved_cs_client     = @@character_set_client */;
/*!50503 SET character_set_client = utf8mb4 */;
CREATE TABLE `fcs_users_preferences_settings` (
  `user_system_id` varchar(255) NOT NULL,
  `value` varchar(255) DEFAULT NULL,
  `name` varchar(255) NOT NULL,
  PRIMARY KEY (`user_system_id`,`name`),
  CONSTRAINT `FKgb76srl55umft21bd0r7110n7` FOREIGN KEY (`user_system_id`) REFERENCES `fcs_users_preferences` (`user_system_id`)
) ENGINE=InnoDB DEFAULT CHARSET=utf8mb4 COLLATE=utf8mb4_0900_ai_ci;
/*!40101 SET character_set_client = @saved_cs_client */;

--
-- Dumping data for table `fcs_users_preferences_settings`
--

LOCK TABLES `fcs_users_preferences_settings` WRITE;
/*!40000 ALTER TABLE `fcs_users_preferences_settings` DISABLE KEYS */;
/*!40000 ALTER TABLE `fcs_users_preferences_settings` ENABLE KEYS */;
UNLOCK TABLES;

--
-- Table structure for table `feature`
--

DROP TABLE IF EXISTS `feature`;
/*!40101 SET @saved_cs_client     = @@character_set_client */;
/*!50503 SET character_set_client = utf8mb4 */;
CREATE TABLE `feature` (
  `id` bigint NOT NULL AUTO_INCREMENT,
  `authority_code_by_lvls` varchar(255) DEFAULT NULL,
  `authority_code_by_my_lvl` varchar(255) DEFAULT NULL,
  `authority_code_by_org` varchar(255) DEFAULT NULL,
  `name` varchar(255) DEFAULT NULL,
  `name_arabic` varchar(255) DEFAULT NULL,
  `mandatory_feature_id` bigint DEFAULT NULL,
  `module_id` bigint DEFAULT NULL,
  PRIMARY KEY (`id`),
  KEY `FKbob6aaw5q3byyoi6v2xkp1xt5` (`mandatory_feature_id`),
  KEY `FKcw91wtdoys0dww14vq67m13jc` (`module_id`),
  CONSTRAINT `FKbob6aaw5q3byyoi6v2xkp1xt5` FOREIGN KEY (`mandatory_feature_id`) REFERENCES `feature` (`id`),
  CONSTRAINT `FKcw91wtdoys0dww14vq67m13jc` FOREIGN KEY (`module_id`) REFERENCES `module` (`id`)
) ENGINE=InnoDB AUTO_INCREMENT=92 DEFAULT CHARSET=utf8mb4 COLLATE=utf8mb4_0900_ai_ci;
/*!40101 SET character_set_client = @saved_cs_client */;

--
-- Dumping data for table `feature`
--

LOCK TABLES `feature` WRITE;
/*!40000 ALTER TABLE `feature` DISABLE KEYS */;
INSERT INTO `feature` VALUES (9,'C_U_A_LS','C_U_A_L','C_U_A_O','Add user','اضافه المستخدم',NULL,3),(11,'C_U_E_LS','C_U_E_L','C_U_E_O','Edit User','تعديل المستخدم',NULL,3),(12,'C_U_V_LS','C_U_V_L','C_U_V_O','List users','قائمه المستخدمين',NULL,3),(17,'C_UP_A_LS','C_UP_A_L','C_UP_A_O','Add profile','اضافه الملف',NULL,4),(18,'C_UP_D_LS','C_UP_D_L','C_UP_D_O','Delete profile','حذف الملف',NULL,4),(19,'C_UP_E_LS','C_UP_E_L','C_UP_E_O','Edit Profile','تعديل الملف',NULL,4),(20,'C_UP_V_LS','C_UP_V_L','C_UP_V_O','List profiles','قائمه الملف',NULL,4),(52,'C_U_BL_LS','C_U_BL_L','C_U_BL_O','Block User','حظر المستخدم',NULL,3),(53,'C_U_UBL_LS','C_U_UBL_L','C_U_UBL_O','Unblock User','تفعيل المستخدم',NULL,3),(54,'C_U_EXP_LS','C_U_EXP_L','C_U_EXP_O','Export User','تصدير المستخدم',NULL,3),(55,'C_U_RSM_LS','C_U_RSM_L','C_U_RSM_O','Resend Welcome Mail',' اعاده ارسال رساله الترحيب ',NULL,3),(56,NULL,NULL,'C_O_E_O','Edit organization level.','تعديل مستوى .',NULL,6),(57,NULL,NULL,'C_O_V_O','View organization level.','عرض مستوى .',NULL,6),(58,NULL,NULL,'C_RS_E_O','Club license requests','طلبات رخص الاندية',NULL,7),(59,NULL,NULL,'C_R_RAS_O','Reassign','اعادة تعيين ',NULL,5),(60,NULL,NULL,'C_R_SD_O','Submit Decision',' مراجعة الطلب ',NULL,5),(61,NULL,NULL,'C_R_VAS_O','List user Requests',' عرض طلبات المستخدم ',NULL,5),(62,NULL,NULL,'C_R_VAL_O','List All Requests',' عرض كل الطلبات ',NULL,5),(63,NULL,NULL,'C_T_A_O','Add a team',' اضافه فريق',NULL,8),(64,NULL,NULL,'C_T_E_O','Edit a team','تعديل فريق',NULL,8),(65,NULL,NULL,'C_T_V_O','All teams list','قائمة جميع الفرق',NULL,8),(67,NULL,NULL,'C_TC_E_O','Teams & club management','إدارة الأندية والفرق',NULL,7),(68,NULL,NULL,'C_CL_V_O','All clubs list','قائمة جميع الأندية',NULL,10),(69,NULL,NULL,'C_CL_DS_O','Discover clubs','استكشف الأندية',NULL,10),(70,NULL,NULL,'C_CL_VMY_O','My Club info','معلومات ناديك',NULL,10),(71,NULL,NULL,'C_CL_EMY_O','Edit my club info','تحرير معلومات النادي',NULL,10),(72,NULL,NULL,'C_CL_AS_O','Assign admins','تعيين المسؤولين',NULL,10),(73,NULL,NULL,'C_CL_CAL_O','Call for members','دعوة الأعضاء',NULL,10),(74,NULL,NULL,'C_CL_EAL_O','Edit all clubs info','تعديل معلومات كل الأندية',NULL,10),(75,NULL,NULL,'C_CL_MP_O','Manage clubs profiles','إدارة ملفات تعريف الأندية',NULL,10),(76,NULL,NULL,'C_CL_BL_O','Block clubs','حظر الأندية',NULL,10),(77,NULL,NULL,'C_CL_UBL_O','Unblock clubs','إلغاء الحظر على الأندية',NULL,10),(78,NULL,NULL,'C_T_EAL_O','Edit All teams','تعديل كل الفرق',NULL,8),(79,NULL,NULL,'C_T_ARL_O','Archive all teams','أرشفة كل الفرق',NULL,8),(80,NULL,NULL,'C_T_UAL_O','unarchive all teams','إلغاء أرشفة جميع الفرق',NULL,8),(81,NULL,NULL,'C_T_UAR_O','Unarchive a team','إلغاء أرشفة فريق',NULL,8),(82,NULL,NULL,'C_T_AR_O','Archive a team','أرشفة فريق',NULL,8),(83,NULL,NULL,'C_T_MTA_O','My Teams & archived teams','الفرق الخاصة بي والفرق في الأرشيف',NULL,8),(84,NULL,NULL,'C_T_DS_O','Discover teams','استكشف الفرق',NULL,8),(85,NULL,NULL,'C_ME_DS_O','Discover members','تعرف على الأعضاء',NULL,11),(86,NULL,NULL,'C_ME_VAL_O','All members list','قائمة جميع الأعضاء',NULL,11),(87,NULL,NULL,'C_ME_BL_O','Block a member','حظر عضو',NULL,11),(88,NULL,NULL,'C_ME_UNB_O','Unblock a member','إلغاء حظر العضو',NULL,11),(89,NULL,NULL,'C_ME_EAP_O','Edit all members profiles','تعديل ملفات تعريف كل الأعضاء',NULL,11),(90,NULL,NULL,'C_NR_E_O','Notifications & reminders','الاشعارات والتنبيهات',NULL,7),(91,NULL,NULL,'C_CRQ_E_O','Club data update requests','تحديث بيانات النادى',NULL,7);
/*!40000 ALTER TABLE `feature` ENABLE KEYS */;
UNLOCK TABLES;

--
-- Table structure for table `feature_authority`
--

DROP TABLE IF EXISTS `feature_authority`;
/*!40101 SET @saved_cs_client     = @@character_set_client */;
/*!50503 SET character_set_client = utf8mb4 */;
CREATE TABLE `feature_authority` (
  `id` bigint NOT NULL AUTO_INCREMENT,
  `authority_code` varchar(255) DEFAULT NULL,
  `authority_level_id` bigint DEFAULT NULL,
  `feature_id` bigint DEFAULT NULL,
  PRIMARY KEY (`id`),
  KEY `FK30la140s80a7mh5cyg5fpkunw` (`authority_level_id`),
  KEY `FKixtxo8ilj1g3by1n5arp8420` (`feature_id`),
  CONSTRAINT `FK30la140s80a7mh5cyg5fpkunw` FOREIGN KEY (`authority_level_id`) REFERENCES `authority_level` (`id`),
  CONSTRAINT `FKixtxo8ilj1g3by1n5arp8420` FOREIGN KEY (`feature_id`) REFERENCES `feature` (`id`)
) ENGINE=InnoDB AUTO_INCREMENT=76 DEFAULT CHARSET=utf8mb4 COLLATE=utf8mb4_0900_ai_ci;
/*!40101 SET character_set_client = @saved_cs_client */;

--
-- Dumping data for table `feature_authority`
--

LOCK TABLES `feature_authority` WRITE;
/*!40000 ALTER TABLE `feature_authority` DISABLE KEYS */;
INSERT INTO `feature_authority` VALUES (1,'C_U_A_O',1,9),(3,'C_U_E_O',1,11),(4,'C_U_V_O',1,12),(5,'C_U_A_L',3,9),(7,'C_U_E_L',3,11),(8,'C_U_V_L',3,12),(9,'C_U_A_LS',2,9),(11,'C_U_E_LS',2,11),(12,'C_U_V_LS',2,12),(13,'C_UP_A_O',1,17),(14,'C_UP_D_O',1,18),(15,'C_UP_E_O',1,19),(16,'C_UP_V_O',1,20),(17,'C_UP_A_L',3,17),(18,'C_UP_D_L',3,18),(19,'C_UP_E_L',3,19),(20,'C_UP_V_L',3,20),(21,'C_UP_A_LS',2,17),(22,'C_UP_D_LS',2,18),(23,'C_UP_E_LS',2,19),(24,'C_UP_V_LS',2,20),(28,'C_U_BL_O',1,52),(29,'C_U_BL_LS',2,52),(30,'C_U_BL_L',3,52),(31,'C_U_UBL_O',1,53),(32,'C_U_UBL_LS',2,53),(33,'C_U_UBL_L',3,53),(34,'C_U_EXP_O',1,54),(35,'C_U_EXP_LS',2,54),(36,'C_U_EXP_L',3,54),(37,'C_U_RSM_O',1,55),(38,'C_U_RSM_LS',2,55),(39,'C_U_RSM_L',3,55),(40,'C_O_E_O',1,56),(41,'C_O_V_O',1,57),(42,'C_R_VAL_O',1,62),(43,'C_R_VAS_O',1,61),(44,'C_R_SD_O',1,60),(45,'C_R_RAS_O',1,59),(46,'C_RS_E_O',1,58),(47,'C_T_A_O',1,63),(48,'C_T_E_O',1,64),(49,'C_T_V_O',1,65),(51,'C_TC_E_O',1,67),(52,'C_CL_V_O',1,68),(53,'C_CL_DS_O',1,69),(54,'C_CL_VMY_O',1,70),(55,'C_CL_EMY_O',1,71),(56,'C_CL_AS_O',1,72),(57,'C_CL_CAL_O',1,73),(58,'C_CL_EAL_O',1,74),(59,'C_CL_MP_O',1,75),(60,'C_CL_BL_O',1,76),(61,'C_CL_UBL_O',1,77),(62,'C_T_EAL_O',1,78),(63,'C_T_ARL_O',1,79),(64,'C_T_UAL_O',1,80),(65,'C_T_UAR_O',1,81),(66,'C_T_AR_O',1,82),(67,'C_T_MTA_O',1,83),(68,'C_T_DS_O',1,84),(69,'C_ME_DS_O',1,85),(70,'C_ME_VAL_O',1,86),(71,'C_ME_BL_O',1,87),(72,'C_ME_UNB_O',1,88),(73,'C_ME_EAP_O',1,89),(74,'C_NR_E_O',1,90),(75,'C_CRQ_E_O',1,91);
/*!40000 ALTER TABLE `feature_authority` ENABLE KEYS */;
UNLOCK TABLES;

--
-- Table structure for table `hibernate_sequence`
--

DROP TABLE IF EXISTS `hibernate_sequence`;
/*!40101 SET @saved_cs_client     = @@character_set_client */;
/*!50503 SET character_set_client = utf8mb4 */;
CREATE TABLE `hibernate_sequence` (
  `my_row_id` bigint unsigned NOT NULL AUTO_INCREMENT /*!80023 INVISIBLE */,
  `next_val` bigint DEFAULT NULL,
  PRIMARY KEY (`my_row_id`)
) ENGINE=InnoDB AUTO_INCREMENT=2 DEFAULT CHARSET=utf8mb4 COLLATE=utf8mb4_0900_ai_ci;
/*!40101 SET character_set_client = @saved_cs_client */;

--
-- Dumping data for table `hibernate_sequence`
--

LOCK TABLES `hibernate_sequence` WRITE;
/*!40000 ALTER TABLE `hibernate_sequence` DISABLE KEYS */;
INSERT INTO `hibernate_sequence` (`my_row_id`, `next_val`) VALUES (1,813);
/*!40000 ALTER TABLE `hibernate_sequence` ENABLE KEYS */;
UNLOCK TABLES;

--
-- Table structure for table `module`
--

DROP TABLE IF EXISTS `module`;
/*!40101 SET @saved_cs_client     = @@character_set_client */;
/*!50503 SET character_set_client = utf8mb4 */;
CREATE TABLE `module` (
  `id` bigint NOT NULL AUTO_INCREMENT,
  `category` varchar(255) DEFAULT NULL,
  `name` varchar(255) DEFAULT NULL,
  `name_arabic` varchar(255) DEFAULT NULL,
  PRIMARY KEY (`id`)
) ENGINE=InnoDB AUTO_INCREMENT=12 DEFAULT CHARSET=utf8mb4 COLLATE=utf8mb4_0900_ai_ci;
/*!40101 SET character_set_client = @saved_cs_client */;

--
-- Dumping data for table `module`
--

LOCK TABLES `module` WRITE;
/*!40000 ALTER TABLE `module` DISABLE KEYS */;
INSERT INTO `module` VALUES (3,NULL,'User management','إدارة المستخدمين'),(4,NULL,'Profile management','إدارة الملفات'),(5,NULL,'Request Management','إدارة الطلبات'),(6,NULL,'Organization Management','إدارة المؤسسة'),(7,NULL,'Settings Management','إدراة الإعدادات'),(8,NULL,'Team Management','إدارة الفرق'),(10,NULL,'Club Management','إدارة الانديه'),(11,NULL,'Member Management','إدارة الاعضاء');
/*!40000 ALTER TABLE `module` ENABLE KEYS */;
UNLOCK TABLES;

--
-- Table structure for table `otp`
--

DROP TABLE IF EXISTS `otp`;
/*!40101 SET @saved_cs_client     = @@character_set_client */;
/*!50503 SET character_set_client = utf8mb4 */;
CREATE TABLE `otp` (
  `id` binary(255) NOT NULL,
  `archive` bit(1) DEFAULT NULL,
  `creation_date` datetime(6) NOT NULL,
  `modification_date` datetime(6) NOT NULL,
  `ovalue` varchar(255) DEFAULT NULL,
  PRIMARY KEY (`id`)
) ENGINE=InnoDB DEFAULT CHARSET=utf8mb4 COLLATE=utf8mb4_0900_ai_ci;
/*!40101 SET character_set_client = @saved_cs_client */;

--
-- Dumping data for table `otp`
--

LOCK TABLES `otp` WRITE;
/*!40000 ALTER TABLE `otp` DISABLE KEYS */;
/*!40000 ALTER TABLE `otp` ENABLE KEYS */;
UNLOCK TABLES;

--
-- Table structure for table `profile_types`
--

DROP TABLE IF EXISTS `profile_types`;
/*!40101 SET @saved_cs_client     = @@character_set_client */;
/*!50503 SET character_set_client = utf8mb4 */;
CREATE TABLE `profile_types` (
  `id` int NOT NULL AUTO_INCREMENT,
  `code` varchar(255) DEFAULT NULL,
  `name` varchar(255) DEFAULT NULL,
  `name_ar` varchar(255) DEFAULT NULL,
  `sign_up` bit(1) DEFAULT NULL,
  `created` bit(1) DEFAULT NULL,
  PRIMARY KEY (`id`)
) ENGINE=InnoDB AUTO_INCREMENT=19 DEFAULT CHARSET=utf8mb4 COLLATE=utf8mb4_0900_ai_ci;
/*!40101 SET character_set_client = @saved_cs_client */;

--
-- Dumping data for table `profile_types`
--

LOCK TABLES `profile_types` WRITE;
/*!40000 ALTER TABLE `profile_types` DISABLE KEYS */;
INSERT INTO `profile_types` VALUES (1,'ADMIN','Admin','ادمن',_binary '\0',_binary ''),(2,'CLUB_OWNER','Club Owner','مالك النادى',_binary '',_binary ''),(3,'PLAYER','Player','لاعب',_binary '',_binary ''),(4,'COACH','Coach','مدرب',_binary '',_binary ''),(5,'REFEREE','Referee','حكم',_binary '',_binary ''),(6,'INTERNAL','Internal','داخلى',_binary '\0',_binary ''),(7,'TEAM_MANAGER','Team Manager','مدير الفريق',_binary '',_binary ''),(8,'CLUB_ADMIN','Club Admin','أدمن النادى',_binary '',_binary ''),(9,'ANALYST','Analyst','محلل',_binary '',_binary ''),(10,'CASTER','Caster','معلق',_binary '',_binary ''),(11,'HOST','Host','مضيف',_binary '',_binary ''),(12,'MEDIA_OUTLET','Media Outlet','جهة إعلامية',_binary '',_binary ''),(13,'VIDEO_EDITOR','Video Editor','محرر فيديو',_binary '',_binary ''),(14,'GRAPHIC_DESIGNER','Graphic Designer','مصمم جرافيك',_binary '',_binary ''),(15,'STREAMER','Streamer','ستريمر',_binary '',_binary ''),(16,'CONTENT_CREATOR','Content Creator','صانع محتوى',_binary '',_binary ''),(17,'GAME_DEVELOPER','Game Developer','مصمم العاب',_binary '',_binary ''),(18,'CLUB_OWNER_PENDING','Club Owner Pending Approval','مالك نادى قيد الموافقة',_binary '\0',_binary '');
/*!40000 ALTER TABLE `profile_types` ENABLE KEYS */;
UNLOCK TABLES;

--
-- Table structure for table `profiles`
--

DROP TABLE IF EXISTS `profiles`;
/*!40101 SET @saved_cs_client     = @@character_set_client */;
/*!50503 SET character_set_client = utf8mb4 */;
CREATE TABLE `profiles` (
  `id` int NOT NULL AUTO_INCREMENT,
  `customer_id` varchar(255) DEFAULT NULL,
  `is_reserved` bit(1) DEFAULT NULL,
  `level_id` varchar(255) DEFAULT NULL,
  `name` varchar(255) DEFAULT NULL,
  `name_ar` varchar(255) DEFAULT NULL,
  `profile_id` varchar(255) DEFAULT NULL,
  `sign_up` bit(1) DEFAULT NULL,
  `type_id` int DEFAULT NULL,
  `is_invitations_enabled` bit(1),
  `concurrent_teams` int DEFAULT '5',
  `concurrent_clubs` int DEFAULT '1',
  PRIMARY KEY (`id`),
  UNIQUE KEY `UK_ge5p24v1ta64efxem0khkhvry` (`profile_id`),
  KEY `FK73ljbul2w812ljnpb89btmdsh` (`type_id`),
  CONSTRAINT `FK73ljbul2w812ljnpb89btmdsh` FOREIGN KEY (`type_id`) REFERENCES `profile_types` (`id`)
) ENGINE=InnoDB AUTO_INCREMENT=799 DEFAULT CHARSET=utf8mb4 COLLATE=utf8mb4_0900_ai_ci;
/*!40101 SET character_set_client = @saved_cs_client */;

--
-- Dumping data for table `profiles`
--

LOCK TABLES `profiles` WRITE;
/*!40000 ALTER TABLE `profiles` DISABLE KEYS */;
INSERT INTO `profiles` VALUES (24,NULL,_binary '\0',NULL,'esports.sa_ADMIN',NULL,'130a902e-f564-4799-9bf3-91e9971a9638',_binary '\0',NULL,_binary '\0',5,1),(25,'1_STCS_CUST',_binary '','f94e0251-62d1-4aa4-bc55-c4334d3fa114','Club Owner Pending Approval','مالك نادى قيد الموافقة','ffe2c473-a581-4fd5-92e7-642ef72384a2',_binary '\0',18,_binary '\0',5,1),(26,'1_STCS_CUST',_binary '\0','f94e0251-62d1-4aa4-bc55-c4334d3fa114','Player','لاعب','7939ff23-9066-4393-bd64-940c0d4d5a77',_binary '',3,_binary '',2,2),(27,'1_STCS_CUST',_binary '\0','f94e0251-62d1-4aa4-bc55-c4334d3fa114','Referee update','تحديث حكم','2441ea00-05a9-49fd-aa0f-68ea4dc838e2',_binary '',5,_binary '',1,1),(28,'1_STCS_CUST',_binary '\0','f94e0251-62d1-4aa4-bc55-c4334d3fa114','Coach','مدرب','afce018e-db73-4491-918a-fdc3f260351c',_binary '',4,_binary '',5,1),(29,'1_STCS_CUST',_binary '\0','f94e0251-62d1-4aa4-bc55-c4334d3fa114','Club Owner','مالك نادى','e38e2872-d469-401c-ae60-8173166d212d',_binary '',2,_binary '\0',5,1),(30,'1_STCS_CUST',_binary '\0','f94e0251-62d1-4aa4-bc55-c4334d3fa114','abtest','تيست','3d520dd9-c05d-4319-b73b-9e812dbcf299',_binary '\0',6,NULL,5,1),(32,'1_STCS_CUST',_binary '\0','f94e0251-62d1-4aa4-bc55-c4334d3fa114','salwa profile all auth','سلوي بروفايل كل الصلاحيات','659bdce7-b2e6-4a70-983c-600d5992d393',_binary '\0',6,NULL,5,1),(35,'1_STCS_CUST',_binary '\0','f94e0251-62d1-4aa4-bc55-c4334d3fa114','org','اورج','78c8722a-f9ca-402e-90ae-1ba1bf06b706',_binary '\0',6,NULL,5,1),(47,'1_STCS_CUST',_binary '\0','f94e0251-62d1-4aa4-bc55-c4334d3fa114','yasmine all','ياسمين كله','c77efd68-9e5e-4469-84f8-c4c333e2a3cc',_binary '\0',6,NULL,5,1),(49,'1_STCS_CUST',_binary '\0','f94e0251-62d1-4aa4-bc55-c4334d3fa114','new last','نيو لاست','8168e46d-8d63-45e3-92a1-7b230f18ba39',_binary '\0',6,_binary '\0',5,1),(52,'1_STCS_CUST',_binary '\0','58a5cdcf-0473-40e0-b4ec-ca40991775d9','AMall AMallAMallAMallAMall AMallAMallAMallAMall AMallAMallAMallAMallAMallAMallAMallAMall AMallAMaldd','أموووووووووووووووووووول أمووووووووووووووووول أمووووووووووووووووول أموووووووول','b2e3553c-0824-4ce4-98c1-20bc1286b3b7',_binary '\0',6,_binary '\0',5,1),(77,'1_STCS_CUST',_binary '\0','f94e0251-62d1-4aa4-bc55-c4334d3fa114','profile auth','بروفيل اوس','5bbdbf15-af40-42cf-9e68-65b7f4d1ffc8',_binary '\0',6,_binary '\0',5,1),(146,'1_STCS_CUST',_binary '\0','f94e0251-62d1-4aa4-bc55-c4334d3fa114','Test ar','تست عربي','ebc634f1-bef9-47f4-bda3-d4bee868cbdf',_binary '\0',6,_binary '\0',5,1),(148,'1_STCS_CUST',_binary '\0','f94e0251-62d1-4aa4-bc55-c4334d3fa114','Test again lists only','تست ناني مشاهدة فقط','9c12b061-da37-4503-bc54-9e9a007c9ecf',_binary '\0',6,_binary '\0',5,1),(200,'1_STCS_CUST',_binary '\0','f94e0251-62d1-4aa4-bc55-c4334d3fa114','riadh profile','ملف رياض','e259e4a0-2fc9-4c6b-ad11-63bd64c5222b',_binary '\0',6,_binary '\0',5,1),(207,'1_STCS_CUST',_binary '\0','88288733-4f52-4496-b718-15982fbb7b57','list issue','قائمه المستخدمين','1848ebee-fd23-4257-9c26-ea5ca5bc238b',_binary '\0',6,_binary '\0',5,1),(218,'1_STCS_CUST',_binary '\0','f94e0251-62d1-4aa4-bc55-c4334d3fa114','testusers','تيستيوزر','81e82bf1-31cc-445b-9b63-cecdc93b3408',_binary '\0',6,_binary '\0',5,1),(224,'1_STCS_CUST',_binary '\0','68222630-f673-4682-8106-1be72fa4ceca','users issue','المستخدمين','f12ce41c-deb3-4bee-ba5c-9e34b74990ea',_binary '\0',6,_binary '\0',5,1),(236,'1_STCS_CUST',_binary '\0','68222630-f673-4682-8106-1be72fa4ceca','new profile','نيو بروفايل','ffe92831-6a4c-4f7f-8a78-4e5a18f9ece2',_binary '\0',6,_binary '\0',5,1),(243,'1_STCS_CUST',_binary '\0','29ba628f-a208-4da6-958a-c7764c413729','AutoProfile','اوتو بروفايل','d69a993b-0803-492b-b429-cdd0e83e7538',_binary '\0',6,_binary '\0',5,1),(263,'1_STCS_CUST',_binary '\0','297d796b-30e5-48c1-8ff7-6ac922a8b406','profile stage test','بروفيل استدج تيست','5d1393ff-c3fd-4beb-b25d-1e9eb4744256',_binary '\0',6,_binary '\0',5,1),(311,'1_STCS_CUST',_binary '\0','f94e0251-62d1-4aa4-bc55-c4334d3fa114','Dhdbd','يتيوبو','579f9113-da47-4903-9bf6-05df4dd23477',_binary '\0',6,_binary '\0',5,1),(315,'1_STCS_CUST',_binary '\0','297d796b-30e5-48c1-8ff7-6ac922a8b406','AyaOmarNewProfile','ايه عمر نيو بروفايل','2d499106-c25a-4191-b170-8b4189e19566',_binary '\0',6,_binary '\0',5,1),(318,'1_STCS_CUST',_binary '\0','f94e0251-62d1-4aa4-bc55-c4334d3fa114','without settings','يييي','cdcf9050-03c0-48a8-892b-360b8debbd7c',_binary '\0',6,_binary '\0',5,1),(666,'1_STCS_CUST',_binary '\0','f94e0251-62d1-4aa4-bc55-c4334d3fa114','user management profile add edit list resend','يوزر مانجمنت بروفيل','299efe80-4476-4d06-a837-53b2a7c4b49c',_binary '\0',6,_binary '\0',5,1),(668,'1_STCS_CUST',_binary '\0','f94e0251-62d1-4aa4-bc55-c4334d3fa114','user management profile block unblock export','بلوك انبلوك اكسبورت','e450f47f-f7a8-4220-b0cb-d45e8b9000fb',_binary '\0',6,_binary '\0',5,1),(670,'1_STCS_CUST',_binary '\0','f94e0251-62d1-4aa4-bc55-c4334d3fa114','profile management except edit','بروفيل مانجمن اكسيبت ايدت','a5f59474-bdf8-4a4a-9418-9a8aafef074e',_binary '\0',6,_binary '\0',5,1),(672,'1_STCS_CUST',_binary '\0','f94e0251-62d1-4aa4-bc55-c4334d3fa114','request settings','ريكوست سيتنجز','ac4a030f-eb70-47ed-b3d1-16d6b7110150',_binary '\0',6,_binary '\0',5,1),(674,'1_STCS_CUST',_binary '\0','f94e0251-62d1-4aa4-bc55-c4334d3fa114','view org','فيو اورج','c62ca080-8228-4811-8a68-6347975b32c7',_binary '\0',6,_binary '\0',5,1),(676,'1_STCS_CUST',_binary '\0','f94e0251-62d1-4aa4-bc55-c4334d3fa114','request management reassign and list all','ريقييست ماناجيمينت رياسسيجن اند ليست الل','d05ea7f6-d115-46ef-9d04-e50baa279c3d',_binary '\0',6,_binary '\0',5,1),(678,'1_STCS_CUST',_binary '\0','f94e0251-62d1-4aa4-bc55-c4334d3fa114','request management submit decison and list users','ريقييست ماناجيمينت سيبميت ديتهيسون اند ليست يسيرس','3fc66aa2-2ac8-462c-becb-f1e3bbf618ff',_binary '\0',6,_binary '\0',5,1),(681,'1_STCS_CUST',_binary '\0',NULL,'Team Manager','مدير الفريق','96bde3de-3ac8-4880-816f-4fb64ea10cd4',_binary '',7,_binary '\0',5,1),(682,'1_STCS_CUST',_binary '\0','29ba628f-a208-4da6-958a-c7764c413729','Club Admin','أدمن النادى','067b2bf5-7c61-46b8-a094-85b31c3c32b6',_binary '',8,_binary '',5,1),(683,'1_STCS_CUST',_binary '\0','f94e0251-62d1-4aa4-bc55-c4334d3fa114','Analyst','محلل','8748c375-2541-400c-8648-6314909f9089',_binary '',9,_binary '',5,1),(684,'1_STCS_CUST',_binary '\0',NULL,'Caster','معلق','bf77c59d-03a8-45c7-b502-68a080c93b3d',_binary '',10,_binary '\0',5,1),(685,'1_STCS_CUST',_binary '\0',NULL,'Host','مضيف','03513693-bc32-4269-af79-b4abe571dffb',_binary '',11,_binary '\0',5,1),(686,'1_STCS_CUST',_binary '\0',NULL,'Media Outlet','جهة إعلامية','8199a7b1-5c52-4d20-b57e-3432f81a5534',_binary '',12,_binary '\0',5,1),(687,'1_STCS_CUST',_binary '\0',NULL,'Video Editor','محرر فيديو','795b19ff-8bd6-4e4f-9759-d2db0eb71f6f',_binary '',13,_binary '\0',5,1),(688,'1_STCS_CUST',_binary '\0',NULL,'Graphic Designer','مصمم جرافيك','e65a07f2-e908-4fea-94f9-00f47b9ba6f7',_binary '',14,_binary '\0',5,1),(689,'1_STCS_CUST',_binary '\0','f94e0251-62d1-4aa4-bc55-c4334d3fa114','Streamer','ستريمر','a7872392-502a-4cfc-8188-aaab6820fbb4',_binary '',15,_binary '',5,1),(690,'1_STCS_CUST',_binary '\0',NULL,'Content Creator','صانع محتوى','8be48ff7-0752-4e4e-b4ce-3ff0a1236153',_binary '',16,_binary '\0',5,1),(691,'1_STCS_CUST',_binary '\0','f94e0251-62d1-4aa4-bc55-c4334d3fa114','Game Developer','مصمم العاب','96abc0be-977a-471f-87c1-7ba4ea16cf7a',_binary '',17,_binary '',5,1),(706,'1_STCS_CUST',_binary '\0','58a5cdcf-0473-40e0-b4ec-ca40991775d9','new profile Karim','نيو بروفايل كريم','e8a8c155-725e-4dbf-96ef-ebb275576277',_binary '\0',6,NULL,5,1),(776,'1_STCS_CUST',_binary '\0','f94e0251-62d1-4aa4-bc55-c4334d3fa114','stageprofile','يييييي','47f86776-2aa2-4e4b-96ac-f03c05a3e125',_binary '\0',6,_binary '\0',5,1),(788,NULL,_binary '\0',NULL,'saudiesports.sa_ADMIN',NULL,'3c69c3d9-8204-401e-9455-ec662aa9270d',_binary '\0',NULL,NULL,5,1),(795,'1_STCS_CUST',_binary '\0','f94e0251-62d1-4aa4-bc55-c4334d3fa114','salwa stage july','سلوي استيج يوليو','b593c1f4-0b05-4f7d-a883-617aad6ab92b',_binary '\0',6,_binary '',5,1),(798,'1_STCS_CUST',_binary '\0','29ba628f-a208-4da6-958a-c7764c413729','Mahmoud All','كل الصلاحيات','fae37fee-673c-4896-92c0-534a4329b73f',_binary '\0',6,_binary '\0',5,1);
/*!40000 ALTER TABLE `profiles` ENABLE KEYS */;
UNLOCK TABLES;

--
-- Table structure for table `register_link`
--

DROP TABLE IF EXISTS `register_link`;
/*!40101 SET @saved_cs_client     = @@character_set_client */;
/*!50503 SET character_set_client = utf8mb4 */;
CREATE TABLE `register_link` (
  `id` bigint NOT NULL AUTO_INCREMENT,
  `creation_date` bigint DEFAULT NULL,
  `is_admin` bit(1) DEFAULT NULL,
  `link_token` varchar(255) DEFAULT NULL,
  `user_email` varchar(255) DEFAULT NULL,
  PRIMARY KEY (`id`)
) ENGINE=InnoDB DEFAULT CHARSET=utf8mb4 COLLATE=utf8mb4_0900_ai_ci;
/*!40101 SET character_set_client = @saved_cs_client */;

--
-- Dumping data for table `register_link`
--

LOCK TABLES `register_link` WRITE;
/*!40000 ALTER TABLE `register_link` DISABLE KEYS */;
/*!40000 ALTER TABLE `register_link` ENABLE KEYS */;
UNLOCK TABLES;

--
-- Table structure for table `related_authority`
--

DROP TABLE IF EXISTS `related_authority`;
/*!40101 SET @saved_cs_client     = @@character_set_client */;
/*!50503 SET character_set_client = utf8mb4 */;
CREATE TABLE `related_authority` (
  `id` bigint NOT NULL AUTO_INCREMENT,
  `authority_level` varchar(255) DEFAULT NULL,
  `entity` varchar(255) DEFAULT NULL,
  `main_authority_code` varchar(255) DEFAULT NULL,
  `required_authority_code` varchar(255) DEFAULT NULL,
  PRIMARY KEY (`id`)
) ENGINE=InnoDB DEFAULT CHARSET=utf8mb4 COLLATE=utf8mb4_0900_ai_ci;
/*!40101 SET character_set_client = @saved_cs_client */;

--
-- Dumping data for table `related_authority`
--

LOCK TABLES `related_authority` WRITE;
/*!40000 ALTER TABLE `related_authority` DISABLE KEYS */;
/*!40000 ALTER TABLE `related_authority` ENABLE KEYS */;
UNLOCK TABLES;

--
-- Table structure for table `theme`
--

DROP TABLE IF EXISTS `theme`;
/*!40101 SET @saved_cs_client     = @@character_set_client */;
/*!50503 SET character_set_client = utf8mb4 */;
CREATE TABLE `theme` (
  `system_id` varchar(255) NOT NULL,
  `created_at` datetime(6) DEFAULT NULL,
  `updated_at` datetime(6) DEFAULT NULL,
  `description` varchar(255) DEFAULT NULL,
  PRIMARY KEY (`system_id`)
) ENGINE=InnoDB DEFAULT CHARSET=utf8mb4 COLLATE=utf8mb4_0900_ai_ci;
/*!40101 SET character_set_client = @saved_cs_client */;

--
-- Dumping data for table `theme`
--

LOCK TABLES `theme` WRITE;
/*!40000 ALTER TABLE `theme` DISABLE KEYS */;
INSERT INTO `theme` VALUES ('base','2022-11-24 00:00:00.000000','2022-11-24 00:00:00.000000',NULL),('keycloak','2022-11-24 00:00:00.000000','2022-11-24 00:00:00.000000',NULL);
/*!40000 ALTER TABLE `theme` ENABLE KEYS */;
UNLOCK TABLES;

--
-- Table structure for table `user_attributes_mapping`
--

DROP TABLE IF EXISTS `user_attributes_mapping`;
/*!40101 SET @saved_cs_client     = @@character_set_client */;
/*!50503 SET character_set_client = utf8mb4 */;
CREATE TABLE `user_attributes_mapping` (
  `id` int NOT NULL AUTO_INCREMENT,
  `country_code` varchar(255) DEFAULT NULL,
  `created_by` varchar(255) DEFAULT NULL,
  `creation_date` bigint DEFAULT NULL,
  `customer_id` varchar(255) DEFAULT NULL,
  `email` varchar(255) DEFAULT NULL,
  `first_name` varchar(255) DEFAULT NULL,
  `gender` varchar(255) DEFAULT NULL,
  `internal_type` varchar(255) DEFAULT NULL,
  `last_name` varchar(255) DEFAULT NULL,
  `level_id` varchar(255) DEFAULT NULL,
  `lock_reason` text,
  `locked_by` varchar(255) DEFAULT NULL,
  `locked_date` bigint DEFAULT NULL,
  `mobile_no` varchar(255) DEFAULT NULL,
  `nationality_id` bigint DEFAULT NULL,
  `profile_id` varchar(255) DEFAULT NULL,
  `profile_picture_id` varchar(255) DEFAULT NULL,
  `reserved` bit(1) DEFAULT NULL,
  `status` varchar(255) DEFAULT NULL,
  `updated_by` varchar(255) DEFAULT NULL,
  `updated_date` bigint DEFAULT NULL,
  `user_id` varchar(255) DEFAULT NULL,
  `username` varchar(255) DEFAULT NULL,
  `theme` varchar(255) DEFAULT NULL,
  `type_id` int DEFAULT NULL,
  PRIMARY KEY (`id`),
  KEY `FKtlirws9643blh93l96v9ak530` (`profile_id`),
  KEY `FK8dpo19ewkiccsf0qf9u45700g` (`theme`),
  KEY `FKpp9mua2i96uxm87mfyunb87lk` (`type_id`),
  CONSTRAINT `FK8dpo19ewkiccsf0qf9u45700g` FOREIGN KEY (`theme`) REFERENCES `theme` (`system_id`),
  CONSTRAINT `FKpp9mua2i96uxm87mfyunb87lk` FOREIGN KEY (`type_id`) REFERENCES `user_types` (`id`),
  CONSTRAINT `FKtlirws9643blh93l96v9ak530` FOREIGN KEY (`profile_id`) REFERENCES `profiles` (`profile_id`)
) ENGINE=InnoDB AUTO_INCREMENT=813 DEFAULT CHARSET=utf8mb4 COLLATE=utf8mb4_0900_ai_ci;
/*!40101 SET character_set_client = @saved_cs_client */;

--
-- Dumping data for table `user_attributes_mapping`
--

LOCK TABLES `user_attributes_mapping` WRITE;
/*!40000 ALTER TABLE `user_attributes_mapping` DISABLE KEYS */;
INSERT INTO `user_attributes_mapping` VALUES (23,'+966',NULL,NULL,'1_STCS_CUST','admin@esports.sa','Admin User','FEMALE',NULL,NULL,'f94e0251-62d1-4aa4-bc55-c4334d3fa114','كلمه مرور غير صحيحه','النظام',1676458365678,'554254232',3,NULL,'esports/03e99065-8e00-4633-9c9e-2d4ae434ab53__DF2D5C56-BC0C-46E6-8FE7-C1DA3855746E.jpeg',_binary '','LOCKED',NULL,1676382865182,'faeb2d88-a266-43a8-a5e5-944e135093f6','+966554254232','keycloak',1),(31,'+966','57fbc5d8-fd35-4f70-9108-942797772e18',1676383052616,'1_STCS_CUST','abtest@mailinator.com','abtest','MALE','EMPLOYEE',NULL,'f94e0251-62d1-4aa4-bc55-c4334d3fa114','بلوك','New user',1676388920637,'554755701',168,'3d520dd9-c05d-4319-b73b-9e812dbcf299',NULL,_binary '\0','ACTIVE','57fbc5d8-fd35-4f70-9108-942797772e18',1676383052616,'d484a00c-1475-4769-8ec7-32c1d4813010','+966554755701','keycloak',6),(33,'+966','57fbc5d8-fd35-4f70-9108-942797772e18',1676386684154,'1_STCS_CUST','salwainternal33@mailinator.com','salwa internal','FEMALE','EMPLOYEE',NULL,'f94e0251-62d1-4aa4-bc55-c4334d3fa114','كلمه مرور غير صحيحه','النظام',1678194945040,'554444393',57,'9c12b061-da37-4503-bc54-9e9a007c9ecf','null/84a01efa-0ddd-4308-822b-1bcce073ae1b__logo.png',_binary '\0','ACTIVE','57fbc5d8-fd35-4f70-9108-942797772e18',1677070401327,'5bd65704-bac3-4172-a8ce-e82dd1193d12','+966554444393','keycloak',6),(36,'+966','57fbc5d8-fd35-4f70-9108-942797772e18',1676388421771,'1_STCS_CUST','newuser@mailinator.com','karim admin','MALE','EMPLOYEE',NULL,'f94e0251-62d1-4aa4-bc55-c4334d3fa114',NULL,NULL,NULL,'551231231',57,'e8a8c155-725e-4dbf-96ef-ebb275576277','null/8cb041e8-8ceb-4232-aebd-8fd22596dfb6__issue.png',_binary '\0','ACTIVE','09b95855-2dba-476e-a078-f6241c00ff06',1684667541811,'93a265f1-26c7-459e-9a37-5ecee4ed5148','+966551231231','keycloak',6),(37,'+966','57fbc5d8-fd35-4f70-9108-942797772e18',1676388439321,'1_STCS_CUST','all@mailinator.com','all','MALE','EMPLOYEE',NULL,'f94e0251-62d1-4aa4-bc55-c4334d3fa114','كلمه مرور غير صحيحه','النظام',1676562541757,'543242222',NULL,'78c8722a-f9ca-402e-90ae-1ba1bf06b706',NULL,_binary '\0','ACTIVE','57fbc5d8-fd35-4f70-9108-942797772e18',1676388439321,'02d89cb8-07fb-4507-a23a-4676be952382','+966543242222','keycloak',6),(38,'+966',NULL,1676390122319,NULL,'club01@mailinator.com','Yasmin by Amal',NULL,NULL,NULL,NULL,NULL,NULL,NULL,'567377474',NULL,'ffe2c473-a581-4fd5-92e7-642ef72384a2',NULL,_binary '\0','ACTIVE',NULL,1676390122319,'dbec787a-18e3-4fa2-89c6-51b446a7eee4','+966567377474','keycloak',2),(39,'+966','57fbc5d8-fd35-4f70-9108-942797772e18',1676392918615,'1_STCS_CUST','a.hmednabhan999@gmail.com','Ahmed','MALE','EMPLOYEE',NULL,'f94e0251-62d1-4aa4-bc55-c4334d3fa114',NULL,NULL,NULL,'554343454',57,'3d520dd9-c05d-4319-b73b-9e812dbcf299',NULL,_binary '\0','ACTIVE','57fbc5d8-fd35-4f70-9108-942797772e18',1676392918615,'7bce3c83-721e-46d6-9924-6b30ac9d8e94','+966554343454','keycloak',6),(41,'+966','93a265f1-26c7-459e-9a37-5ecee4ed5148',1676413631209,'1_STCS_CUST','lastuser@mailinator.com','newuserlast','MALE','EMPLOYEE',NULL,'f94e0251-62d1-4aa4-bc55-c4334d3fa114',NULL,NULL,NULL,'566666666',3,'8168e46d-8d63-45e3-92a1-7b230f18ba39',NULL,_binary '\0','ACTIVE','4a76eb25-6314-4412-93aa-18a064f5dada',1676417774336,'65671899-b5bf-4949-8e32-8728b80dff18','+966566666666','keycloak',6),(43,'+966',NULL,1676414420195,NULL,'player@mailinator.com','new name player','MALE',NULL,NULL,'f94e0251-62d1-4aa4-bc55-c4334d3fa114',NULL,NULL,NULL,'577777777',2,'7939ff23-9066-4393-bd64-940c0d4d5a77',NULL,_binary '\0','ACTIVE',NULL,1676414420195,'4087b426-4bae-4a1a-a175-cb079242f9fa','+966577777777','keycloak',3),(44,'+966',NULL,1676414634788,NULL,'referee@mailinator.com','new referee','MALE',NULL,NULL,'f94e0251-62d1-4aa4-bc55-c4334d3fa114',NULL,NULL,NULL,'544444446',2,'2441ea00-05a9-49fd-aa0f-68ea4dc838e2',NULL,_binary '\0','ACTIVE',NULL,1676414634788,'dd745183-e221-4138-ac6b-ae82151ba9de','+966544444446','keycloak',5),(45,'+966',NULL,1676414777367,NULL,'coach@mailinator.com','new coach','MALE',NULL,NULL,'f94e0251-62d1-4aa4-bc55-c4334d3fa114',NULL,NULL,NULL,'500000000',3,'afce018e-db73-4491-918a-fdc3f260351c',NULL,_binary '\0','ACTIVE',NULL,1676414777367,'e86092aa-6c91-495e-93b2-568e13409553','+966500000000','keycloak',4),(50,'+966','57fbc5d8-fd35-4f70-9108-942797772e18',1676416297789,'1_STCS_CUST','yasmine@mailinator.com','yasmine haggag up','MALE','EMPLOYEE',NULL,'f94e0251-62d1-4aa4-bc55-c4334d3fa114','resason ','admin test change name',1676474902162,'512333333',209,'c77efd68-9e5e-4469-84f8-c4c333e2a3cc','esports/b539303a-f37e-439e-bfa7-6d49c56e7f7e__18861C6C-5566-41C1-AB24-36326878DBF5.jpeg',_binary '\0','ACTIVE','c1c9ad75-7dd5-45d6-9cb2-7ab6ad1b2515',1691566057592,'09b95855-2dba-476e-a078-f6241c00ff06','+966512333333','keycloak',6),(51,'+598','57fbc5d8-fd35-4f70-9108-942797772e18',1676416414955,'1_STCS_CUST','ehabs@mailinator.com','ehab','MALE','EMPLOYEE',NULL,'68222630-f673-4682-8106-1be72fa4ceca',NULL,NULL,NULL,'533344',13,'c77efd68-9e5e-4469-84f8-c4c333e2a3cc','esports/f80562a5-4310-4812-b7fa-6346c1e6d318__Judith_at_the_Banquet_of_Holofernes_(previously_known_as_Artemisia),_by_Rembrandt,_from_Prado_in_Google_Earth.jpg',_binary '\0','ACTIVE','57fbc5d8-fd35-4f70-9108-942797772e18',1676416434057,'4a76eb25-6314-4412-93aa-18a064f5dada','+598533344','keycloak',6),(53,'+966','57fbc5d8-fd35-4f70-9108-942797772e18',1676416942457,'1_STCS_CUST','amal.saa.d01@gmail.com','Amaaaaaaaaaaaaaaaaaaaal amaaaaaaaaaaaaaaaaaaaal amalaaaaaaaaaaaaaaaaal','MALE','EMPLOYEE',NULL,'fefe5b42-72a4-4df2-974c-b158f447ba0e',NULL,NULL,NULL,'567373746',4,'b2e3553c-0824-4ce4-98c1-20bc1286b3b7',NULL,_binary '\0','ACTIVE','57fbc5d8-fd35-4f70-9108-942797772e18',1676417034680,'789cf39b-3f71-45bf-957b-334b7831d846','+966567373746','keycloak',6),(54,'+966',NULL,1676417523955,NULL,'marwaattac@mailinator.com','marwaattach',NULL,NULL,NULL,NULL,NULL,NULL,NULL,'547688987',NULL,'ffe2c473-a581-4fd5-92e7-642ef72384a2',NULL,_binary '\0','ACTIVE',NULL,1676417523955,'104b3403-4add-45d1-bac6-09f252d9c4cf','+966547688987','keycloak',2),(55,'+966','4a76eb25-6314-4412-93aa-18a064f5dada',1676417974434,'1_STCS_CUST','ehabsaeed89@outlook.com','ehabss','MALE','VENDOR',NULL,'f94e0251-62d1-4aa4-bc55-c4334d3fa114','كلمه مرور غير صحيحه','النظام',1676418137325,'554445555',203,'c77efd68-9e5e-4469-84f8-c4c333e2a3cc',NULL,_binary '\0','ACTIVE','4a76eb25-6314-4412-93aa-18a064f5dada',1676417974434,'ae9e2224-f070-4194-97dd-e17744d0381d','+966554445555','keycloak',6),(56,'+966','57fbc5d8-fd35-4f70-9108-942797772e18',1676418151071,'1_STCS_CUST','zahraafteh23@gmail.com','Zahraaaaaaaaaaaaaaaaaa zahraaaaaaaaaaaaaaaaa zahhhhhhhhhhhhhhhhhhhhhhhhhh','MALE','EMPLOYEE',NULL,'a898d9a5-dccf-4925-9641-29df90b278b7',NULL,NULL,NULL,'563636363',3,'b2e3553c-0824-4ce4-98c1-20bc1286b3b7',NULL,_binary '\0','ACTIVE','57fbc5d8-fd35-4f70-9108-942797772e18',1676418151071,'be89f02f-8884-44b6-9e48-4ab33757f2e8','+966563636363','keycloak',6),(57,'+966','57fbc5d8-fd35-4f70-9108-942797772e18',1676418246638,'1_STCS_CUST','bnotamuslima@gmail.com','testttttttt','MALE','EMPLOYEE',NULL,'fefe5b42-72a4-4df2-974c-b158f447ba0e',NULL,NULL,NULL,'563636483',NULL,'b2e3553c-0824-4ce4-98c1-20bc1286b3b7',NULL,_binary '\0','ACTIVE','57fbc5d8-fd35-4f70-9108-942797772e18',1676418246638,'c4ad862b-4075-47a2-ae22-460c6ee1b9fb','+966563636483','keycloak',6),(58,'+966','93a265f1-26c7-459e-9a37-5ecee4ed5148',1676418338503,'1_STCS_CUST','user1@mailinator.com','newest user','MALE','EMPLOYEE',NULL,'f94e0251-62d1-4aa4-bc55-c4334d3fa114','test','admin test change name',1676901019548,'558908901',168,'c77efd68-9e5e-4469-84f8-c4c333e2a3cc',NULL,_binary '\0','ACTIVE','93a265f1-26c7-459e-9a37-5ecee4ed5148',1676418338503,'ca514732-1a5a-40a6-9954-999b4ac1cd95','+966558908901','keycloak',6),(59,'+966','93a265f1-26c7-459e-9a37-5ecee4ed5148',1676418463385,'1_STCS_CUST','mostafa.hossam22@gmail.com','new right','MALE','EMPLOYEE',NULL,'f94e0251-62d1-4aa4-bc55-c4334d3fa114',NULL,NULL,NULL,'557777777',3,'b2e3553c-0824-4ce4-98c1-20bc1286b3b7',NULL,_binary '\0','ACTIVE','57fbc5d8-fd35-4f70-9108-942797772e18',1676419132280,'5916f510-35cb-473a-9742-1c2169a61d07','+966557777777','keycloak',6),(60,'+966',NULL,1676418557313,NULL,'player_yasmine@mailinator.com','الاتحاد السعودي للرياضات الإلكترونية SEF هو الهيئة المنظمة المسؤولة عن رعاية نخبة الرياضيين وتطوير ا',NULL,NULL,NULL,'f94e0251-62d1-4aa4-bc55-c4334d3fa114',NULL,NULL,NULL,'511111111',238,'7939ff23-9066-4393-bd64-940c0d4d5a77',NULL,_binary '\0','ACTIVE',NULL,1676418557313,'0b6c0392-1aef-4d23-9276-168ddc3a252b','+966511111111','keycloak',3),(61,'+966',NULL,1676418733325,NULL,'coach_new@mailinator.com','حكم جديد','MALE',NULL,NULL,'f94e0251-62d1-4aa4-bc55-c4334d3fa114',NULL,NULL,NULL,'514343434',35,'2441ea00-05a9-49fd-aa0f-68ea4dc838e2',NULL,_binary '\0','ACTIVE',NULL,1676418733325,'a6bc49c9-17e5-4e9d-9398-0f8abba95939','+966514343434','keycloak',5),(62,'+966','4a76eb25-6314-4412-93aa-18a064f5dada',1676418825948,'1_STCS_CUST','ehabs3@mailinator.com','ehabggg','MALE','EMPLOYEE',NULL,'f94e0251-62d1-4aa4-bc55-c4334d3fa114',NULL,NULL,NULL,'544455555',203,'3d520dd9-c05d-4319-b73b-9e812dbcf299',NULL,_binary '\0','ACTIVE','4a76eb25-6314-4412-93aa-18a064f5dada',1676420872810,'c3b7d4fe-2357-4aea-ab4f-fbd7971a68a2','+966544455555','keycloak',6),(63,'+966',NULL,1676418992437,NULL,'name_coach@mailinator.com','coach name','MALE',NULL,NULL,'f94e0251-62d1-4aa4-bc55-c4334d3fa114',NULL,NULL,NULL,'512939999',2,'afce018e-db73-4491-918a-fdc3f260351c',NULL,_binary '\0','ACTIVE',NULL,1676418992437,'6514d724-9c9c-4197-aa47-9278808b3dc7','+966512939999','keycloak',4),(64,'+966',NULL,1676419496122,NULL,'club_pending@mailinator.com','club owner pending status to test',NULL,NULL,NULL,NULL,NULL,NULL,NULL,'543939393',NULL,'ffe2c473-a581-4fd5-92e7-642ef72384a2',NULL,_binary '\0','ACTIVE',NULL,1676419496122,'ab668c31-20c1-4f90-8e8c-6b7603ac1921','+966543939393','keycloak',2),(66,'+966',NULL,1676419735207,NULL,'club_approved@mailinator.com','Club named updated','FEMALE',NULL,NULL,NULL,'كلمه مرور غير صحيحه','النظام',1676559465358,'517373737',9,'e38e2872-d469-401c-ae60-8173166d212d','esports/cb850d56-8d79-4067-a64b-eec3d091b329__failed open.png',_binary '\0','LOCKED',NULL,1676419735207,'648b34f4-b2de-4bfe-b0ec-7bf5f09bb26d','+966517373737','keycloak',2),(68,'+966',NULL,1676420111400,NULL,'last@mailinator.com','last club',NULL,NULL,NULL,NULL,NULL,NULL,NULL,'514434343',NULL,'ffe2c473-a581-4fd5-92e7-642ef72384a2',NULL,_binary '\0','ACTIVE',NULL,1676420111400,'67674f37-2d7b-4b13-8fe0-5151433be31a','+966514434343','keycloak',2),(69,'+966',NULL,1676420279883,NULL,'again@mailinator.com','club again',NULL,NULL,NULL,NULL,NULL,NULL,NULL,'539390390',NULL,'ffe2c473-a581-4fd5-92e7-642ef72384a2',NULL,_binary '\0','ACTIVE',NULL,1676420279883,'063092ec-8223-4212-be1d-987e22aaf9c2','+966539390390','keycloak',2),(70,'+966',NULL,1676420526605,NULL,'club_new@mailinator.com','owner new new',NULL,NULL,NULL,NULL,NULL,NULL,NULL,'530390903',NULL,'ffe2c473-a581-4fd5-92e7-642ef72384a2',NULL,_binary '\0','ACTIVE',NULL,1676420526605,'a9087e39-f233-448f-9e8e-60d09f22e5ec','+966530390903','keycloak',2),(72,'+966','57fbc5d8-fd35-4f70-9108-942797772e18',1676421887206,'1_STCS_CUST','Salwaclub@Mailinator.Com','nnnnnnnnnnnnnnnnnnn','MALE','EMPLOYEE',NULL,'58a5cdcf-0473-40e0-b4ec-ca40991775d9','كلمه مرور غير صحيحه','النظام',1676460028514,'554443333',2,'3d520dd9-c05d-4319-b73b-9e812dbcf299',NULL,_binary '\0','ACTIVE','57fbc5d8-fd35-4f70-9108-942797772e18',1676421887206,'133e5626-ff5c-4d09-932d-794f4f8b4900','+966554443333','keycloak',6),(73,'+966',NULL,1676422102574,NULL,'player1@mailinator.com','player gadid',NULL,NULL,NULL,'f94e0251-62d1-4aa4-bc55-c4334d3fa114',NULL,NULL,NULL,'513848484',203,'7939ff23-9066-4393-bd64-940c0d4d5a77',NULL,_binary '\0','ACTIVE',NULL,1676422102574,'c1780b73-fcff-4a01-afb6-d733d4a12ab6','+966513848484','keycloak',3),(74,'+966','09b95855-2dba-476e-a078-f6241c00ff06',1676423365076,'1_STCS_CUST','test1@mailinator.com','test','MALE','EMPLOYEE',NULL,'f94e0251-62d1-4aa4-bc55-c4334d3fa114','user blocked \n','ياسمين عماد الدين اسم كبير عشان نشوف انه بياخد ميه حرف بس مش اكتر تجربه كبيره جدا و جديده خالص تيستت',1676423385747,'511282828',60,'5bbdbf15-af40-42cf-9e68-65b7f4d1ffc8',NULL,_binary '\0','ACTIVE','09b95855-2dba-476e-a078-f6241c00ff06',1676447485367,'a6978a4b-44de-49f5-971c-9c3dd839c746','+966511282828','keycloak',6),(75,'+966','57fbc5d8-fd35-4f70-9108-942797772e18',1676445602718,'1_STCS_CUST','marwa@mailinator.com','Marwa Saad','MALE','VENDOR',NULL,'f94e0251-62d1-4aa4-bc55-c4334d3fa114','Block test','yasmine emad',1676457357613,'567875654',10,'c77efd68-9e5e-4469-84f8-c4c333e2a3cc','esports/67bcfae6-8431-420b-be25-e65443ec2c81__2023-02-15_9-53-46.png',_binary '\0','ACTIVE','09b95855-2dba-476e-a078-f6241c00ff06',1676457276392,'86125253-67db-4d92-9bc1-4099b4219a9d','+966567875654','keycloak',6),(76,'+966',NULL,1676446480024,NULL,'marwa.clubowner@mailinator.com','Marwa club owner',NULL,NULL,NULL,NULL,NULL,NULL,NULL,'546789765',NULL,'ffe2c473-a581-4fd5-92e7-642ef72384a2',NULL,_binary '\0','ACTIVE',NULL,1676446480024,'558c2124-cbcf-4078-9913-f6b7b7ea95e1','+966546789765','keycloak',2),(78,'+20',NULL,1676447525910,NULL,'marwa.maf.saad@gmail.com','مروة سعد',NULL,NULL,NULL,NULL,NULL,NULL,NULL,'1284535366',NULL,'e38e2872-d469-401c-ae60-8173166d212d',NULL,_binary '\0','ACTIVE',NULL,1676447525910,'96bb8eda-45a4-4efa-b9dc-1d74bdf5307c','+201284535366','keycloak',2),(79,'+966',NULL,1676447655954,NULL,'clubsalwademo@mailinator.com','salwa club demo',NULL,NULL,NULL,NULL,NULL,NULL,NULL,'554443331',NULL,'ffe2c473-a581-4fd5-92e7-642ef72384a2',NULL,_binary '\0','ACTIVE',NULL,1676447655954,'600015b0-2b78-424b-9087-132bc879312d','+966554443331','keycloak',2),(81,'+966','65671899-b5bf-4949-8e32-8728b80dff18',1676449059699,'1_STCS_CUST','testnew@mailinator.com','testqq','FEMALE','EMPLOYEE',NULL,'f94e0251-62d1-4aa4-bc55-c4334d3fa114',NULL,NULL,NULL,'555555555',2,'8168e46d-8d63-45e3-92a1-7b230f18ba39',NULL,_binary '\0','ACTIVE','57fbc5d8-fd35-4f70-9108-942797772e18',1676461021555,'dbf4c737-71c2-439f-876b-a185ca563615','+966555555555','keycloak',6),(82,'+966',NULL,1676449882754,NULL,'playersalwa@mailinator.com','لاعب سلوي','FEMALE',NULL,NULL,'f94e0251-62d1-4aa4-bc55-c4334d3fa114','ب','سلوي نبيل',1684670279772,'554443332',NULL,'7939ff23-9066-4393-bd64-940c0d4d5a77','esports/caf697a3-0c97-4ca2-9c89-79cac48286ad__Hi.jpg',_binary '\0','ACTIVE',NULL,1676449882754,'e4f12625-19e9-48ec-a86b-079042aa9e20','+966554443332','keycloak',3),(83,'+966','7bce3c83-721e-46d6-9924-6b30ac9d8e94',1676450401547,'1_STCS_CUST','ahmed0444@mailtothis.com','ahmed','MALE','EMPLOYEE',NULL,'f94e0251-62d1-4aa4-bc55-c4334d3fa114',NULL,NULL,NULL,'554352435',203,'3d520dd9-c05d-4319-b73b-9e812dbcf299',NULL,_binary '\0','ACTIVE','7bce3c83-721e-46d6-9924-6b30ac9d8e94',1676450401547,'38b7a530-a07a-4811-a8f6-f8c76f4364b8','+966554352435','keycloak',6),(84,'+966','93a265f1-26c7-459e-9a37-5ecee4ed5148',1676452158260,'1_STCS_CUST','usertest@mailinator.com','نيو تيست اكسبير','MALE','EMPLOYEE',NULL,'f94e0251-62d1-4aa4-bc55-c4334d3fa114',NULL,NULL,NULL,'552312313',97,'3d520dd9-c05d-4319-b73b-9e812dbcf299',NULL,_binary '\0','ACTIVE','93a265f1-26c7-459e-9a37-5ecee4ed5148',1676452158260,'d331bfa0-8bfe-48a4-9cce-9f8a102cc6e8','+966552312313','keycloak',6),(85,'+966',NULL,1676453540900,NULL,'aaa@gmail.com','Abdullah khaled',NULL,NULL,NULL,NULL,NULL,NULL,NULL,'555555554',NULL,'e38e2872-d469-401c-ae60-8173166d212d',NULL,_binary '\0','ACTIVE',NULL,1676453540900,'d2fbc3bb-a673-4063-9f3c-58339bee1ba4','+966555555554','keycloak',2),(87,'+20',NULL,1676456440217,NULL,'Player12@mailinator.com','لاعب جديد','FEMALE',NULL,NULL,'f94e0251-62d1-4aa4-bc55-c4334d3fa114',NULL,NULL,NULL,'1056556656',124,'7939ff23-9066-4393-bd64-940c0d4d5a77','esports/f7ad021a-6c0a-4fb8-89da-ff22e9213956__02A395EE-8621-4CF1-849B-346DEF74C3F2.png',_binary '\0','ACTIVE',NULL,1676456440217,'f7528ec1-1328-4822-bb1a-12fdd2f240d6','+201056556656','keycloak',3),(88,'+966',NULL,1676456541565,NULL,'marwa.club@mailinator.com','marwa club tany',NULL,NULL,NULL,NULL,NULL,NULL,NULL,'546787989',NULL,'ffe2c473-a581-4fd5-92e7-642ef72384a2',NULL,_binary '\0','ACTIVE',NULL,1676456541565,'f8d031c1-c21e-4748-8663-e5508ae39b98','+966546787989','keycloak',2),(90,'+966','09b95855-2dba-476e-a078-f6241c00ff06',1676457174745,'1_STCS_CUST','Acc@mailinator.com','Demo accd ejejehdhbehdbdbd dhdhdhdbebhehehhehehe dhdhdhebebbdbdbebebbdbendndbdbebebeb','FEMALE','VENDOR',NULL,'f94e0251-62d1-4aa4-bc55-c4334d3fa114','كلمه مرور غير صحيحه','النظام',1676474682407,'512222222',61,'c77efd68-9e5e-4469-84f8-c4c333e2a3cc',NULL,_binary '\0','ACTIVE','09b95855-2dba-476e-a078-f6241c00ff06',1676457174745,'afb57619-16d2-4839-bbb4-5b7fb13ae2fc','+966512222222','keycloak',6),(93,'+966','57fbc5d8-fd35-4f70-9108-942797772e18',1676457699072,'1_STCS_CUST','ahmed@mailinator.com','ahmed','MALE','EMPLOYEE',NULL,'29ba628f-a208-4da6-958a-c7764c413729',NULL,NULL,NULL,'543227665',NULL,'78c8722a-f9ca-402e-90ae-1ba1bf06b706',NULL,_binary '\0','ACTIVE','57fbc5d8-fd35-4f70-9108-942797772e18',1676457699072,'6e1d58ee-c00c-4376-af4d-089b16efbed9','+966543227665','keycloak',6),(95,'+966','ae9e2224-f070-4194-97dd-e17744d0381d',1676459820377,'1_STCS_CUST','ehabsaeedibrahim@gmail.com','gmail','MALE','EMPLOYEE',NULL,'f94e0251-62d1-4aa4-bc55-c4334d3fa114',NULL,NULL,NULL,'555544444',2,'3d520dd9-c05d-4319-b73b-9e812dbcf299',NULL,_binary '\0','ACTIVE','ae9e2224-f070-4194-97dd-e17744d0381d',1676459820377,'37066823-ac94-43be-b521-5939a23dbcfe','+966555544444','keycloak',6),(96,'+966','09b95855-2dba-476e-a078-f6241c00ff06',1676460048064,'1_STCS_CUST','yas@mailinator.com','yas','MALE','EMPLOYEE',NULL,'f94e0251-62d1-4aa4-bc55-c4334d3fa114','كلمه مرور غير صحيحه','النظام',1676463180953,'514243433',NULL,'3d520dd9-c05d-4319-b73b-9e812dbcf299',NULL,_binary '\0','LOCKED','09b95855-2dba-476e-a078-f6241c00ff06',1676460048064,'990431fd-055b-48c3-bd13-d05e68c953f2','+966514243433','keycloak',6),(97,'+966',NULL,1676460080431,NULL,'xnadoox@hotmail.com','nada saeed',NULL,NULL,NULL,NULL,NULL,NULL,NULL,'537102111',NULL,'ffe2c473-a581-4fd5-92e7-642ef72384a2',NULL,_binary '\0','ACTIVE',NULL,1676460080431,'cd4faa2d-1189-4807-a670-71dfc3c0030d','+966537102111','keycloak',2),(98,'+966',NULL,1676460410171,NULL,'ehabsaeed15389@gmail.com','ehabsaeedibrahim',NULL,NULL,NULL,NULL,NULL,NULL,NULL,'566655555',NULL,'e38e2872-d469-401c-ae60-8173166d212d',NULL,_binary '\0','ACTIVE',NULL,1676460410171,'7292762c-f3d4-4a6d-97fd-1a0136737fe6','+966566655555','keycloak',2),(99,'+966','57fbc5d8-fd35-4f70-9108-942797772e18',1676460938908,'1_STCS_CUST','abctest@mailinator.com','abtest','MALE','EMPLOYEE',NULL,'f94e0251-62d1-4aa4-bc55-c4334d3fa114',NULL,NULL,NULL,'554755707',168,'3d520dd9-c05d-4319-b73b-9e812dbcf299','',_binary '\0','ACTIVE','57fbc5d8-fd35-4f70-9108-942797772e18',1676460938908,'9041610a-e360-4f82-98a0-7c797b65cb8c','+966554755707','keycloak',6),(100,'+20','57fbc5d8-fd35-4f70-9108-942797772e18',1676461216610,'1_STCS_CUST','de.mahmoud.ahmed@gmail.com','Mahmoud','MALE','EMPLOYEE',NULL,'f94e0251-62d1-4aa4-bc55-c4334d3fa114',NULL,NULL,NULL,'1147926944',57,'c77efd68-9e5e-4469-84f8-c4c333e2a3cc',NULL,_binary '\0','ACTIVE','57fbc5d8-fd35-4f70-9108-942797772e18',1676461216610,'435c829c-14c8-4989-beda-4c20a9367722','+201147926944','keycloak',6),(102,'+966',NULL,1676461625220,NULL,'abdctest@mailinator.com','abdctest','MALE',NULL,NULL,'f94e0251-62d1-4aa4-bc55-c4334d3fa114',NULL,NULL,NULL,'554755702',168,'7939ff23-9066-4393-bd64-940c0d4d5a77',NULL,_binary '\0','ACTIVE',NULL,1676461625220,'13eb16a1-ef7b-4952-89e8-3eb33ca566ff','+966554755702','keycloak',3),(103,'+966',NULL,1676461799263,NULL,'abcd@mailinator.com','abcd',NULL,NULL,NULL,'f94e0251-62d1-4aa4-bc55-c4334d3fa114',NULL,NULL,NULL,'554755706',168,'7939ff23-9066-4393-bd64-940c0d4d5a77','',_binary '\0','ACTIVE',NULL,1676461799263,'39e19af6-e4e3-4c88-90ed-2cbc11fa31c8','+966554755706','keycloak',3),(105,'+966','09b95855-2dba-476e-a078-f6241c00ff06',1676463293777,'1_STCS_CUST','internal_user@mailinator.com','Internal User','MALE','EMPLOYEE',NULL,'29ba628f-a208-4da6-958a-c7764c413729',NULL,NULL,NULL,'546468796',57,'3d520dd9-c05d-4319-b73b-9e812dbcf299','esports/3d9f2823-b47d-412e-805a-80c8aeff64bd__20230213_223120.jpg',_binary '\0','ACTIVE','0c55640b-f9f8-4068-b1e0-97b20fa147f7',1676474300889,'13dabd1c-347e-415b-995d-bb7cb950a66b','+966546468796','keycloak',6),(107,'+966',NULL,1676464055597,NULL,'test11@mailinator.com','test',NULL,NULL,NULL,NULL,NULL,NULL,NULL,'554755709',NULL,'e38e2872-d469-401c-ae60-8173166d212d',NULL,_binary '\0','ACTIVE',NULL,1676464055597,'a13d19cd-ad60-4ffb-975d-9d404fd3b6e9','+966554755709','keycloak',2),(109,'+966',NULL,1676472590836,NULL,'playertest@mailinator.com','player test','MALE',NULL,NULL,'f94e0251-62d1-4aa4-bc55-c4334d3fa114',NULL,NULL,NULL,'558919819',57,'7939ff23-9066-4393-bd64-940c0d4d5a77',NULL,_binary '\0','ACTIVE',NULL,1676472590836,'ccb0fdfe-a181-48a5-bf6f-10a27cc26682','+966558919819','keycloak',3),(110,'+966',NULL,1676472726051,NULL,'ownertest@mailinator.com','ownertest',NULL,NULL,NULL,NULL,NULL,NULL,NULL,'558971987',NULL,'e38e2872-d469-401c-ae60-8173166d212d',NULL,_binary '\0','ACTIVE',NULL,1676472726051,'64906f58-1bcd-44c0-8730-3b1c1c7fbf88','+966558971987','keycloak',2),(111,'+966',NULL,1676472918672,NULL,'rrurur@ehee.ee','euriuriuriu',NULL,NULL,NULL,NULL,NULL,NULL,NULL,'517273746',NULL,'e38e2872-d469-401c-ae60-8173166d212d',NULL,_binary '\0','ACTIVE',NULL,1676472918672,'e8d8b8c9-9461-4179-8d8c-edb2294dfed2','+966517273746','keycloak',2),(112,'+966','57fbc5d8-fd35-4f70-9108-942797772e18',1676473959524,'1_STCS_CUST','afa@mailinator.com','afa','MALE','EMPLOYEE',NULL,'f94e0251-62d1-4aa4-bc55-c4334d3fa114',NULL,NULL,NULL,'554755802',236,'c77efd68-9e5e-4469-84f8-c4c333e2a3cc','esports/8dd30b90-70d4-455a-ad6c-a6f5f9aea567__Screenshot from 2022-12-12 15-01-37.png',_binary '\0','ACTIVE','57fbc5d8-fd35-4f70-9108-942797772e18',1676473959524,'0c55640b-f9f8-4068-b1e0-97b20fa147f7','+966554755802','keycloak',6),(113,'+966',NULL,1676473990726,NULL,'coachtest@mailinator.com','coach','MALE',NULL,NULL,'f94e0251-62d1-4aa4-bc55-c4334d3fa114',NULL,NULL,NULL,'552929812',6,'afce018e-db73-4491-918a-fdc3f260351c',NULL,_binary '\0','ACTIVE',NULL,1676473990726,'591e2d7f-65f5-4ff6-91de-5708dd7fabb1','+966552929812','keycloak',4),(114,'+966',NULL,1676474096445,NULL,'refereetest@mailinator.com','refereetest','MALE',NULL,NULL,'f94e0251-62d1-4aa4-bc55-c4334d3fa114',NULL,NULL,NULL,'552302901',3,'2441ea00-05a9-49fd-aa0f-68ea4dc838e2',NULL,_binary '\0','ACTIVE',NULL,1676474096445,'b9d7c9ed-9baa-4aa5-ba1a-901ae6c8316c','+966552302901','keycloak',5),(115,'+966',NULL,1676474595311,NULL,'coach1@mailinator.com','coach test','MALE',NULL,NULL,'f94e0251-62d1-4aa4-bc55-c4334d3fa114',NULL,NULL,NULL,'534343444',15,'afce018e-db73-4491-918a-fdc3f260351c',NULL,_binary '\0','ACTIVE',NULL,1676474595311,'19babf05-1b02-4a52-92f0-3f2fb1048e26','+966534343444','keycloak',4),(116,'+966','02d89cb8-07fb-4507-a23a-4676be952382',1676474930378,'1_STCS_CUST','asd@mailinator.com','asd','MALE','EMPLOYEE',NULL,'f94e0251-62d1-4aa4-bc55-c4334d3fa114','كلمه مرور غير صحيحه','النظام',1676479881734,'564654644',NULL,'78c8722a-f9ca-402e-90ae-1ba1bf06b706',NULL,_binary '\0','ACTIVE','02d89cb8-07fb-4507-a23a-4676be952382',1676474930378,'f4394a89-4b38-4b8e-a587-2aa3c43d21a9','+966564654644','keycloak',6),(117,'+966',NULL,1676475624474,NULL,'Test01@gmail.com','Test',NULL,NULL,NULL,NULL,NULL,NULL,NULL,'587845464',NULL,'e38e2872-d469-401c-ae60-8173166d212d',NULL,_binary '\0','ACTIVE',NULL,1676475624474,'cdb97a98-33c8-4d63-80cc-cd14ce5ef036','+966587845464','keycloak',2),(118,'+966',NULL,1676475729822,NULL,'Shshsh@shshsh.dhdh','Shshsh','MALE',NULL,NULL,'f94e0251-62d1-4aa4-bc55-c4334d3fa114',NULL,NULL,NULL,'513737477',203,'afce018e-db73-4491-918a-fdc3f260351c',NULL,_binary '\0','ACTIVE',NULL,1676475729822,'55cf9323-8835-4f0c-96cb-75675a013946','+966513737477','keycloak',4),(119,'+966',NULL,1676477911882,NULL,'ahmednabhan999@gmail.com','ahmed tarek',NULL,NULL,NULL,NULL,NULL,NULL,NULL,'561232123',NULL,'e38e2872-d469-401c-ae60-8173166d212d',NULL,_binary '\0','ACTIVE',NULL,1676477911882,'3593c807-6e2b-46b3-9351-788b01ed667f','+966561232123','keycloak',2),(121,'+966','7bce3c83-721e-46d6-9924-6b30ac9d8e94',1676480038240,'1_STCS_CUST','test999@mailinator.com','test','MALE','EMPLOYEE',NULL,'f94e0251-62d1-4aa4-bc55-c4334d3fa114',NULL,NULL,NULL,'556454656',203,'5bbdbf15-af40-42cf-9e68-65b7f4d1ffc8',NULL,_binary '\0','ACTIVE','7bce3c83-721e-46d6-9924-6b30ac9d8e94',1676480038240,'ab7745fb-73f8-4bd0-a41b-fad6505d0538','+966556454656','keycloak',6),(122,'+966','57fbc5d8-fd35-4f70-9108-942797772e18',1676480387512,'1_STCS_CUST','sntest@mailinator.com','sn test','MALE','EMPLOYEE',NULL,'f94e0251-62d1-4aa4-bc55-c4334d3fa114','Test sn','Salwa',1676540594678,'558008889',NULL,'659bdce7-b2e6-4a70-983c-600d5992d393',NULL,_binary '\0','ACTIVE','57fbc5d8-fd35-4f70-9108-942797772e18',1676480387512,'6bc25062-aa41-432e-8af0-e20c5abebd39','+966558008889','keycloak',6),(123,'+966',NULL,1676480410333,NULL,'ahmed.nabhan999@gmail.com','tarek',NULL,NULL,NULL,NULL,NULL,NULL,NULL,'556454658',NULL,'e38e2872-d469-401c-ae60-8173166d212d',NULL,_binary '\0','ACTIVE',NULL,1676480410333,'9459d48c-7bbd-4ff3-b4ec-dda5809c71f9','+966556454658','keycloak',2),(124,'+966','09b95855-2dba-476e-a078-f6241c00ff06',1676491034735,'1_STCS_CUST','engbassemsalama@gmail.com','bassem','MALE','EMPLOYEE',NULL,'f94e0251-62d1-4aa4-bc55-c4334d3fa114',NULL,NULL,NULL,'532377303',2,'3d520dd9-c05d-4319-b73b-9e812dbcf299',NULL,_binary '\0','ACTIVE','09b95855-2dba-476e-a078-f6241c00ff06',1676491034735,'19fc9845-df0d-423c-b67d-f565182e7369','+966532377303','keycloak',6),(125,'+966',NULL,1676530511072,NULL,'Suliman@suliman.com','Suliman Ali','MALE',NULL,NULL,NULL,NULL,NULL,NULL,'555555512',168,'ffe2c473-a581-4fd5-92e7-642ef72384a2',NULL,_binary '\0','ACTIVE',NULL,1676530511072,'d505791d-0128-4077-b23d-7cecbfe86826','+966555555512','keycloak',2),(126,'+966',NULL,1676530973929,NULL,'test@test.com','rayan','MALE',NULL,NULL,NULL,NULL,NULL,NULL,'555555550',2,'e38e2872-d469-401c-ae60-8173166d212d',NULL,_binary '\0','ACTIVE',NULL,1676530973929,'8c9543ea-7d5e-47bb-ae2b-08f9cbd2756d','+966555555550','keycloak',2),(127,'+966',NULL,1676533491921,NULL,'marwa.maf.saad@gamil.com','Marwa Saad Club','FEMALE',NULL,NULL,NULL,NULL,NULL,NULL,'543678756',57,'e38e2872-d469-401c-ae60-8173166d212d',NULL,_binary '\0','ACTIVE',NULL,1676533491921,'59757636-46ef-4d15-a4da-e0ed731e75f3','+966543678756','keycloak',2),(128,'+966',NULL,1676535149734,NULL,'a.alzaben@gmail.cim','ABDULRAHMAN','MALE',NULL,NULL,NULL,NULL,NULL,NULL,'554324434',168,'ffe2c473-a581-4fd5-92e7-642ef72384a2',NULL,_binary '\0','ACTIVE',NULL,1676535149734,'e175e27a-c11c-4f66-9de3-d66568527a8b','+966554324434','keycloak',2),(129,'+966',NULL,1676535607984,NULL,'Hk@hotmail.com','Hessa','FEMALE',NULL,NULL,'f94e0251-62d1-4aa4-bc55-c4334d3fa114',NULL,NULL,NULL,'581856028',168,'7939ff23-9066-4393-bd64-940c0d4d5a77',NULL,_binary '\0','ACTIVE',NULL,1676535607984,'3e365016-468a-461c-9b99-5df0acd9f6d5','+966581856028','keycloak',3),(130,'+966',NULL,1676535964331,NULL,'Hes_k@hotmail.com','Hessa','FEMALE',NULL,NULL,'f94e0251-62d1-4aa4-bc55-c4334d3fa114',NULL,NULL,NULL,'582787336',168,'7939ff23-9066-4393-bd64-940c0d4d5a77',NULL,_binary '\0','ACTIVE',NULL,1676535964331,'4e5a00f3-3c46-48eb-86fa-0b20df9e30bc','+966582787336','keycloak',3),(131,'+966',NULL,1676536764586,NULL,'Heesk@hotmail.com','hessa','MALE',NULL,NULL,NULL,NULL,NULL,NULL,'578797987',168,'ffe2c473-a581-4fd5-92e7-642ef72384a2',NULL,_binary '\0','ACTIVE',NULL,1676536764586,'97a068e7-c202-4c29-bfc1-4892a0420028','+966578797987','keycloak',2),(132,'+966','57fbc5d8-fd35-4f70-9108-942797772e18',1676540275354,'1_STCS_CUST','email.verify.salwaup@gmail.com','سلوي نبيل','FEMALE','EMPLOYEE',NULL,'f94e0251-62d1-4aa4-bc55-c4334d3fa114','Test','تست مستخدم عربي',1676542025564,'559090999',178,'659bdce7-b2e6-4a70-983c-600d5992d393',NULL,_binary '\0','ACTIVE','faeb2d88-a266-43a8-a5e5-944e135093f6',1686475917812,'91da6a14-5341-4ff6-a42a-03db730bcd8b','+966559090999','keycloak',6),(133,'+966','57fbc5d8-fd35-4f70-9108-942797772e18',1676540353063,'1_STCS_CUST','yasmeen_emad@ttr.com','outlook account update','MALE','VENDOR',NULL,'f94e0251-62d1-4aa4-bc55-c4334d3fa114','كلمه مرور غير صحيحه','النظام',1676544796237,'512233339',9,'c77efd68-9e5e-4469-84f8-c4c333e2a3cc','',_binary '\0','ACTIVE','9e3716e7-a95b-4137-ae42-9834057ba078',1685949474180,'a03fa3c8-34f1-49fc-9cc1-2631da3c1323','+966512233339','keycloak',6),(134,'+966',NULL,1676540448801,NULL,'Nerhf@eyet.hcb','Hchg','MALE',NULL,NULL,'f94e0251-62d1-4aa4-bc55-c4334d3fa114',NULL,NULL,NULL,'567890098',2,'7939ff23-9066-4393-bd64-940c0d4d5a77',NULL,_binary '\0','ACTIVE',NULL,1676540448801,'de269791-b6b4-4bf1-801b-497814da8c93','+966567890098','keycloak',3),(135,'+966',NULL,1676540651539,NULL,'ghh@hdh.ydh','الجديد','MALE',NULL,NULL,'f94e0251-62d1-4aa4-bc55-c4334d3fa114',NULL,NULL,NULL,'555555551',3,'2441ea00-05a9-49fd-aa0f-68ea4dc838e2',NULL,_binary '\0','ACTIVE',NULL,1676540651539,'a86293ee-bb6d-420f-bceb-7e5a6340e03d','+966555555551','keycloak',5),(136,'+966',NULL,1676540670180,NULL,'ahmed.nabh.an.999@gmail.com','owner mailinator','MALE',NULL,NULL,NULL,NULL,NULL,NULL,'513377364',NULL,'e38e2872-d469-401c-ae60-8173166d212d',NULL,_binary '\0','ACTIVE',NULL,1676540670180,'120a813b-8e87-40de-93dd-94094b2301c7','+966513377364','keycloak',2),(137,'+966',NULL,1676540724317,NULL,'marwa2.club@mailinator.com','marwa clubs','MALE',NULL,NULL,NULL,NULL,NULL,NULL,'546676879',3,'ffe2c473-a581-4fd5-92e7-642ef72384a2',NULL,_binary '\0','ACTIVE',NULL,1676540724317,'6d2604e5-e881-4e54-b64d-5b3958174a4a','+966546676879','keycloak',2),(139,'+966',NULL,1676540958263,NULL,'playere@mailinator.com','player ehab','MALE',NULL,NULL,'f94e0251-62d1-4aa4-bc55-c4334d3fa114',NULL,NULL,NULL,'544455550',2,'7939ff23-9066-4393-bd64-940c0d4d5a77',NULL,_binary '\0','ACTIVE',NULL,1676540958263,'d2b46f24-4dc1-4e70-84c5-780d2747ffbf','+966544455550','keycloak',3),(140,'+966',NULL,1676541007731,NULL,'Wpoy@waq.bfy','Fhgc','MALE',NULL,NULL,'f94e0251-62d1-4aa4-bc55-c4334d3fa114',NULL,NULL,NULL,'509809809',220,'afce018e-db73-4491-918a-fdc3f260351c',NULL,_binary '\0','ACTIVE',NULL,1676541007731,'1925852a-bf56-43cf-9702-9396348c6c23','+966509809809','keycloak',4),(141,'+966',NULL,1676541039536,NULL,'refreeehab@mailinator.com','referee ehab','MALE',NULL,NULL,'f94e0251-62d1-4aa4-bc55-c4334d3fa114',NULL,NULL,NULL,'554455444',203,'2441ea00-05a9-49fd-aa0f-68ea4dc838e2',NULL,_binary '\0','ACTIVE',NULL,1676541039536,'c89e4566-d7b8-4822-a9d2-cc84dab0740b','+966554455444','keycloak',5),(142,'+966',NULL,1676541101310,NULL,'coachehab@mailinator.com','coash ehab','MALE',NULL,NULL,'f94e0251-62d1-4aa4-bc55-c4334d3fa114',NULL,NULL,NULL,'543334443',6,'afce018e-db73-4491-918a-fdc3f260351c',NULL,_binary '\0','ACTIVE',NULL,1676541101310,'c7013ca2-498b-4a45-bc8c-20731ac19056','+966543334443','keycloak',4),(145,'+966',NULL,1676541495633,NULL,'Hgg@hf.vom','يارارت','MALE',NULL,NULL,'f94e0251-62d1-4aa4-bc55-c4334d3fa114',NULL,NULL,NULL,'558878536',3,'7939ff23-9066-4393-bd64-940c0d4d5a77',NULL,_binary '\0','ACTIVE',NULL,1676541495633,'213152a2-e621-43f6-ba21-c456a9b9b5cd','+966558878536','keycloak',3),(147,'+966',NULL,1676541620378,NULL,'Jdj@shsh.com','Fnjdj','MALE',NULL,NULL,'f94e0251-62d1-4aa4-bc55-c4334d3fa114',NULL,NULL,NULL,'584646466',3,'7939ff23-9066-4393-bd64-940c0d4d5a77',NULL,_binary '\0','ACTIVE',NULL,1676541620378,'7d631f02-abd4-41bf-8b10-51c2334c5e37','+966584646466','keycloak',3),(149,'+20','57fbc5d8-fd35-4f70-9108-942797772e18',1676541724773,'1_STCS_CUST','salwa_ms19854@live.com','Salwa Nabil','MALE','EMPLOYEE',NULL,'f94e0251-62d1-4aa4-bc55-c4334d3fa114',NULL,NULL,NULL,'1112392400',178,'659bdce7-b2e6-4a70-983c-600d5992d393',NULL,_binary '\0','ACTIVE','faeb2d88-a266-43a8-a5e5-944e135093f6',1686475862437,'6b34e488-feac-492a-a42b-255a04381cbe','+201112392400','keycloak',6),(150,'+966',NULL,1676542511800,NULL,'Hdh@dj.com','Hshxhd','MALE',NULL,NULL,NULL,NULL,NULL,NULL,'564346666',3,'ffe2c473-a581-4fd5-92e7-642ef72384a2',NULL,_binary '\0','ACTIVE',NULL,1676542511800,'525328bd-3e6f-414c-a49e-df8a9cac0b10','+966564346666','keycloak',2),(151,'+966',NULL,1676542526522,NULL,'asdr@mailtothis.com','Asd','FEMALE',NULL,NULL,NULL,NULL,NULL,NULL,'552454245',6,'ffe2c473-a581-4fd5-92e7-642ef72384a2',NULL,_binary '\0','ACTIVE',NULL,1676542526522,'13fd2a67-7a16-437f-9420-8c8882e2687f','+966552454245','keycloak',2),(152,'+966',NULL,1676543172270,NULL,'marwa.saad.club@mailinator.com','marwa saad club','MALE',NULL,NULL,NULL,NULL,NULL,NULL,'546768873',NULL,'e38e2872-d469-401c-ae60-8173166d212d',NULL,_binary '\0','ACTIVE',NULL,1676543172270,'943e268b-3aee-4fa2-9947-e1dd77807cf9','+966546768873','keycloak',2),(154,'+966',NULL,1676545642930,NULL,'helloa@gmail.com','Abdulrahman','MALE',NULL,NULL,NULL,NULL,NULL,NULL,'555555324',168,'ffe2c473-a581-4fd5-92e7-642ef72384a2',NULL,_binary '\0','ACTIVE',NULL,1676545642930,'69470a71-c4a5-4791-88de-71130c9fa07c','+966555555324','keycloak',2),(155,'+966',NULL,1676545857392,NULL,'testb@mailinator.com','test block','MALE',NULL,NULL,NULL,NULL,NULL,NULL,'544433333',6,'e38e2872-d469-401c-ae60-8173166d212d',NULL,_binary '\0','ACTIVE',NULL,1676545857392,'489c5ec3-2361-490c-81e9-4be472db1f27','+966544433333','keycloak',2),(156,'+966',NULL,1676546585822,NULL,'atesttt3@mailinator.com','atest','MALE',NULL,NULL,'f94e0251-62d1-4aa4-bc55-c4334d3fa114',NULL,NULL,NULL,'554755805',168,'7939ff23-9066-4393-bd64-940c0d4d5a77',NULL,_binary '\0','ACTIVE',NULL,1676546585822,'51f17059-96b4-4a24-aebd-db9e4f29e3ab','+966554755805','keycloak',3),(157,'+966',NULL,1676548282523,NULL,'Testpp@mailinator.com','Test',NULL,NULL,NULL,'f94e0251-62d1-4aa4-bc55-c4334d3fa114',NULL,NULL,NULL,'559090661',203,'2441ea00-05a9-49fd-aa0f-68ea4dc838e2',NULL,_binary '\0','ACTIVE',NULL,1676548282523,'da01b5b6-b199-4aba-a523-a6f2bafe5714','+966559090661','keycloak',5),(158,'+966',NULL,1676550392348,NULL,'Shsh@dhd.cbc','Test',NULL,NULL,NULL,'f94e0251-62d1-4aa4-bc55-c4334d3fa114',NULL,NULL,NULL,'514273837',8,'afce018e-db73-4491-918a-fdc3f260351c',NULL,_binary '\0','ACTIVE',NULL,1676550392348,'1c5cc0f1-9e8b-466c-ba15-f62200e5aa6c','+966514273837','keycloak',4),(159,'+966','02d89cb8-07fb-4507-a23a-4676be952382',1676553287816,'1_STCS_CUST','yemad.eg@solutions.com.sa.oo','yasm','MALE','EMPLOYEE',NULL,'f94e0251-62d1-4aa4-bc55-c4334d3fa114',NULL,NULL,NULL,'518383848',NULL,'78c8722a-f9ca-402e-90ae-1ba1bf06b706',NULL,_binary '\0','ACTIVE','9e3716e7-a95b-4137-ae42-9834057ba078',1685885418702,'6a51fd72-509c-4b20-9d79-5bf60f5a9e54','+966518383848','keycloak',6),(160,'+966',NULL,1676555578562,NULL,'ehabsaeedibrahim@outlook.com','ehabsaeed','MALE',NULL,NULL,NULL,NULL,NULL,NULL,'566555444',2,'e38e2872-d469-401c-ae60-8173166d212d',NULL,_binary '\0','ACTIVE',NULL,1676555578562,'6d89c746-37f6-48bf-9dd2-341d1eb1fd61','+966566555444','keycloak',2),(162,'+966',NULL,1676559431203,NULL,'alim@mailinator.com','alim','MALE',NULL,NULL,'f94e0251-62d1-4aa4-bc55-c4334d3fa114',NULL,NULL,NULL,'574734838',13,'7939ff23-9066-4393-bd64-940c0d4d5a77',NULL,_binary '\0','ACTIVE',NULL,1676559431203,'77176876-6728-45c3-90b7-2b225702b34f','+966574734838','keycloak',3),(163,'+966',NULL,1676559660485,NULL,'alib@mailinator.com','alib','MALE',NULL,NULL,'f94e0251-62d1-4aa4-bc55-c4334d3fa114',NULL,NULL,NULL,'536472342',2,'afce018e-db73-4491-918a-fdc3f260351c',NULL,_binary '\0','ACTIVE',NULL,1676559660485,'b3a0e5f0-9829-4e69-aafa-5e8ebb9764e6','+966536472342','keycloak',4),(164,'+966',NULL,1676559799209,NULL,'C@mailinator.com','Coach',NULL,NULL,NULL,'f94e0251-62d1-4aa4-bc55-c4334d3fa114',NULL,NULL,NULL,'513455666',NULL,'afce018e-db73-4491-918a-fdc3f260351c',NULL,_binary '\0','ACTIVE',NULL,1676559799209,'d8c1af14-b365-4c34-9948-e4261b996d6b','+966513455666','keycloak',4),(165,'+966',NULL,1676560220997,NULL,'Ow@mailinator.com','اونر','MALE',NULL,NULL,NULL,NULL,NULL,NULL,'516756555',10,'e38e2872-d469-401c-ae60-8173166d212d',NULL,_binary '\0','ACTIVE',NULL,1676560220997,'09bd8312-a052-472b-9f91-66ea62d84cb6','+966516756555','keycloak',2),(166,'+966',NULL,1676560297500,NULL,'aliv@mailinator.com','aliv','MALE',NULL,NULL,NULL,NULL,NULL,NULL,'542834299',3,'e38e2872-d469-401c-ae60-8173166d212d',NULL,_binary '\0','ACTIVE',NULL,1676560297500,'222a6133-1646-4ce7-a49c-ab8a395f01c5','+966542834299','keycloak',2),(167,'+966','ae9e2224-f070-4194-97dd-e17744d0381d',1676563560581,'1_STCS_CUST','mmd@mailinator.com','mmd','MALE','EMPLOYEE',NULL,'f94e0251-62d1-4aa4-bc55-c4334d3fa114',NULL,NULL,NULL,'534322222',NULL,'78c8722a-f9ca-402e-90ae-1ba1bf06b706',NULL,_binary '\0','ACTIVE','faeb2d88-a266-43a8-a5e5-944e135093f6',1686476722145,'1fa7a09d-1c9c-4b9c-9940-1fdca8df50b9','+966534322222','keycloak',6),(168,'+966','57fbc5d8-fd35-4f70-9108-942797772e18',1676564157479,'1_STCS_CUST','testppp@mailinator.com','testppp','MALE','EMPLOYEE',NULL,'f94e0251-62d1-4aa4-bc55-c4334d3fa114',NULL,NULL,NULL,'556666777',NULL,'659bdce7-b2e6-4a70-983c-600d5992d393',NULL,_binary '\0','ACTIVE','57fbc5d8-fd35-4f70-9108-942797772e18',1676564157479,'a7fbd128-0825-4908-9db0-67cfa5e91b00','+966556666777','keycloak',6),(169,'+966','ae9e2224-f070-4194-97dd-e17744d0381d',1676570307235,'1_STCS_CUST','ehabss@mailinator.com','ehab','MALE','EMPLOYEE',NULL,'f94e0251-62d1-4aa4-bc55-c4334d3fa114',NULL,NULL,NULL,'554444444',2,'3d520dd9-c05d-4319-b73b-9e812dbcf299',NULL,_binary '\0','ACTIVE','ae9e2224-f070-4194-97dd-e17744d0381d',1676570307235,'56b8b791-268a-4098-bd7d-ce1b132d420f','+966554444444','keycloak',6),(170,'+966',NULL,1676589131995,NULL,'Puser@mailinator.com','p user','MALE',NULL,NULL,'f94e0251-62d1-4aa4-bc55-c4334d3fa114',NULL,NULL,NULL,'513443445',NULL,'7939ff23-9066-4393-bd64-940c0d4d5a77',NULL,_binary '\0','ACTIVE',NULL,1676589131995,'47eba971-11d3-41e9-897a-1adb8478fb57','+966513443445','keycloak',3),(171,'+503',NULL,1676641014235,'1_STCS_CUST','Ehabpl@mailinator.con','Ehabdkkkd','MALE',NULL,NULL,'f94e0251-62d1-4aa4-bc55-c4334d3fa114',NULL,NULL,NULL,'2455454545',4,'7939ff23-9066-4393-bd64-940c0d4d5a77','esports/235907ad-9217-491b-83bc-28c7af21107f__Screenshot_20230214-084443_Facebook.jpg',_binary '\0','ACTIVE',NULL,1676641014235,'25da6562-1108-4437-a704-ba8564bab22a','+5032455454545','keycloak',3),(172,'+966',NULL,1676641188972,'1_STCS_CUST','Qqq@mailinator.com','Qqq','MALE',NULL,NULL,'f94e0251-62d1-4aa4-bc55-c4334d3fa114',NULL,NULL,NULL,'566444455',3,'7939ff23-9066-4393-bd64-940c0d4d5a77',NULL,_binary '\0','ACTIVE',NULL,1676641188972,'b4b1fee8-a375-478d-a331-d76050261d41','+966566444455','keycloak',3),(173,'+966',NULL,1676641394574,'1_STCS_CUST','Www@mailinator.com','Www','MALE',NULL,NULL,'f94e0251-62d1-4aa4-bc55-c4334d3fa114',NULL,NULL,NULL,'566655666',3,'2441ea00-05a9-49fd-aa0f-68ea4dc838e2',NULL,_binary '\0','ACTIVE',NULL,1676641394574,'1a4acdde-7340-4269-be45-c5a612e6587b','+966566655666','keycloak',5),(174,'+966',NULL,1676641427770,'1_STCS_CUST','Ehabpl@mailinator.com','يتييتي','FEMALE',NULL,NULL,'f94e0251-62d1-4aa4-bc55-c4334d3fa114',NULL,NULL,NULL,'655454545454',9,'7939ff23-9066-4393-bd64-940c0d4d5a77',NULL,_binary '\0','ACTIVE',NULL,1676641427770,'79b0353d-f471-4690-a050-c5449ac5db60','+966655454545454','keycloak',3),(175,'+966',NULL,1676641634789,'1_STCS_CUST','Eee@mailinator.com','Eee',NULL,NULL,NULL,'f94e0251-62d1-4aa4-bc55-c4334d3fa114',NULL,NULL,NULL,'565445666',3,'afce018e-db73-4491-918a-fdc3f260351c',NULL,_binary '\0','ACTIVE',NULL,1676641634789,'f30b90f5-5eaf-4215-841a-34ae561efae1','+966565445666','keycloak',4),(176,'+966',NULL,1676641823448,'1_STCS_CUST','Ehabref@mailinator.com','Ref','MALE',NULL,NULL,'f94e0251-62d1-4aa4-bc55-c4334d3fa114',NULL,NULL,NULL,'545455456',97,'2441ea00-05a9-49fd-aa0f-68ea4dc838e2',NULL,_binary '\0','ACTIVE',NULL,1676641823448,'86ba8249-ff4e-4da0-8eea-007d8a2b3427','+966545455456','keycloak',5),(177,'+966',NULL,1676641886148,NULL,'Rrr@mailinator.com','Rrr','MALE',NULL,NULL,NULL,NULL,NULL,NULL,'563737777',3,'e38e2872-d469-401c-ae60-8173166d212d',NULL,_binary '\0','ACTIVE',NULL,1676641886148,'cc3e867c-0595-4908-87c9-ec33a5b031ce','+966563737777','keycloak',2),(178,'+966',NULL,1676642055475,'1_STCS_CUST','Aaa@mailinator.com','Aaa','MALE',NULL,NULL,'f94e0251-62d1-4aa4-bc55-c4334d3fa114',NULL,NULL,NULL,'567777666',6,'7939ff23-9066-4393-bd64-940c0d4d5a77',NULL,_binary '\0','ACTIVE',NULL,1676642055475,'b6d77134-5e1f-4048-98cb-537e879f4f5e','+966567777666','keycloak',3),(180,'+966',NULL,1676642303610,'1_STCS_CUST','ehabcoa@mailinator.com','Ehbxhh','FEMALE',NULL,NULL,'f94e0251-62d1-4aa4-bc55-c4334d3fa114',NULL,NULL,NULL,'587887566',4,'afce018e-db73-4491-918a-fdc3f260351c','',_binary '\0','ACTIVE',NULL,1676642303610,'46c1cc8b-e832-4ac9-b109-78fba9600715','+966587887566','keycloak',4),(181,'+966',NULL,1676642965249,NULL,'Ehabow@mailinator.com','Amal','FEMALE',NULL,NULL,NULL,NULL,NULL,NULL,'542754566',2,'e38e2872-d469-401c-ae60-8173166d212d','esports/d164e881-d592-416a-a56c-0e5257a7de84__Screenshot_20230214-072535_Gmail.jpg',_binary '\0','ACTIVE',NULL,1676642965249,'4d375147-e30e-4460-bb3c-bcc7b4039332','+966542754566','keycloak',2),(182,'+966',NULL,1676643789456,'1_STCS_CUST','mossama@player.com','Mohamed Ossama','MALE',NULL,NULL,'f94e0251-62d1-4aa4-bc55-c4334d3fa114',NULL,NULL,NULL,'554433322',168,'7939ff23-9066-4393-bd64-940c0d4d5a77',NULL,_binary '\0','ACTIVE',NULL,1676643789456,'7cc2c12a-4abd-46b8-abe5-bf552cf03a3d','+966554433322','keycloak',3),(183,'+966',NULL,1676645520653,'1_STCS_CUST','ossama@player.com','Ossama','MALE',NULL,NULL,'f94e0251-62d1-4aa4-bc55-c4334d3fa114',NULL,NULL,NULL,'544433321',236,'7939ff23-9066-4393-bd64-940c0d4d5a77','',_binary '\0','ACTIVE',NULL,1676645520653,'01baeca0-c6be-497a-8de6-007647f09bd1','+966544433321','keycloak',3),(184,'+966',NULL,1676653847902,'1_STCS_CUST','test@test33.com','test','MALE',NULL,NULL,'f94e0251-62d1-4aa4-bc55-c4334d3fa114',NULL,NULL,NULL,'559090888',4,'2441ea00-05a9-49fd-aa0f-68ea4dc838e2',NULL,_binary '\0','ACTIVE',NULL,1676653847902,'36587ed9-38ea-40ee-a254-2a8a8c35d4ac','+966559090888','keycloak',5),(185,'+966',NULL,1676653964473,'1_STCS_CUST','moooo@mailinator.com','mooooo','FEMALE',NULL,NULL,'f94e0251-62d1-4aa4-bc55-c4334d3fa114',NULL,NULL,NULL,'556669080',NULL,'7939ff23-9066-4393-bd64-940c0d4d5a77',NULL,_binary '\0','ACTIVE',NULL,1676653964473,'58c2c422-6589-4520-b817-6bd8883e1ac2','+966556669080','keycloak',3),(186,'+966',NULL,1676654304826,'1_STCS_CUST','salwa11@mailinator.com','test','FEMALE',NULL,NULL,'f94e0251-62d1-4aa4-bc55-c4334d3fa114',NULL,NULL,NULL,'556667776',NULL,'afce018e-db73-4491-918a-fdc3f260351c','',_binary '\0','ACTIVE',NULL,1676654304826,'4858ab85-2df8-47d3-ad44-1d1ecd8591cc','+966556667776','keycloak',4),(187,'+20',NULL,1676655669114,'1_STCS_CUST','wassm@test.test','wassem','MALE',NULL,NULL,'f94e0251-62d1-4aa4-bc55-c4334d3fa114',NULL,NULL,NULL,'1222222222',NULL,'7939ff23-9066-4393-bd64-940c0d4d5a77',NULL,_binary '\0','ACTIVE',NULL,1676655669114,'ec3427a8-5d39-48d4-92b1-6b3165542230','+201222222222','keycloak',3),(188,'+966',NULL,1676657599908,'1_STCS_CUST','wsalwa@mailinator.com','wsalwa','FEMALE',NULL,NULL,'f94e0251-62d1-4aa4-bc55-c4334d3fa114','aa','admin@esports.sa',1684662051966,'557766655',NULL,'7939ff23-9066-4393-bd64-940c0d4d5a77',NULL,_binary '\0','DISABLED',NULL,1676657599908,'b870b058-6f71-4441-9543-caf89f8d17c6','+966557766655','keycloak',3),(189,'+966',NULL,1676659876179,'1_STCS_CUST','rest@mailinator.com','rersss',NULL,NULL,NULL,'f94e0251-62d1-4aa4-bc55-c4334d3fa114',NULL,NULL,NULL,'555666662',NULL,'7939ff23-9066-4393-bd64-940c0d4d5a77',NULL,_binary '\0','ACTIVE',NULL,1676659876179,'fe403b7f-03dd-415d-9abf-3be998c104d1','+966555666662','keycloak',3),(190,'+966','57fbc5d8-fd35-4f70-9108-942797772e18',1676899001635,'1_STCS_CUST','amalsaad01@gmail.com','Amal Saad','MALE','EMPLOYEE',NULL,'29ba628f-a208-4da6-958a-c7764c413729','JJJJ','admin test change name',1676909167619,'532632763',3,'3d520dd9-c05d-4319-b73b-9e812dbcf299',NULL,_binary '\0','DISABLED','57fbc5d8-fd35-4f70-9108-942797772e18',1676899208626,'0e616c3f-ef91-4d0f-98cd-4c3c478ca01d','+966532632763','keycloak',6),(192,'+966','57fbc5d8-fd35-4f70-9108-942797772e18',1676904418351,'1_STCS_CUST','Amalsaad01@mailinator.Com','Test','MALE','EMPLOYEE',NULL,'f94e0251-62d1-4aa4-bc55-c4334d3fa114','frrr','admin test change name',1676908506509,'569855545',NULL,'3d520dd9-c05d-4319-b73b-9e812dbcf299',NULL,_binary '\0','DISABLED','57fbc5d8-fd35-4f70-9108-942797772e18',1676904418351,'4ff58f50-8151-4ea5-81be-f8105b6df11d','+966569855545','keycloak',6),(193,'+966',NULL,1676904952928,'1_STCS_CUST','amal@mailinator.com','Amal','FEMALE',NULL,NULL,'f94e0251-62d1-4aa4-bc55-c4334d3fa114',NULL,NULL,NULL,'536464646',4,'7939ff23-9066-4393-bd64-940c0d4d5a77',NULL,_binary '\0','ACTIVE',NULL,1676904952928,'629e2922-577a-4ec1-b348-762cc85afe5e','+966536464646','keycloak',3),(194,'+966','57fbc5d8-fd35-4f70-9108-942797772e18',1676908412233,'1_STCS_CUST','test@g.com','Test','MALE','EMPLOYEE',NULL,'29ba628f-a208-4da6-958a-c7764c413729',NULL,NULL,NULL,'536636374',3,'78c8722a-f9ca-402e-90ae-1ba1bf06b706',NULL,_binary '\0','ACTIVE','57fbc5d8-fd35-4f70-9108-942797772e18',1676908412233,'37804363-d249-47a4-95ee-217e026996b3','+966536636374','keycloak',6),(195,'+966','57fbc5d8-fd35-4f70-9108-942797772e18',1676908473792,'1_STCS_CUST','Amalsaad03@mailinator.Com','ffff','MALE','EMPLOYEE',NULL,'f94e0251-62d1-4aa4-bc55-c4334d3fa114','rrr','admin test change name',1676908512068,'536366363',4,'3d520dd9-c05d-4319-b73b-9e812dbcf299',NULL,_binary '\0','ACTIVE','57fbc5d8-fd35-4f70-9108-942797772e18',1676908473792,'6b694f86-0e77-4936-9eb9-61b9765f6909','+966536366363','keycloak',6),(196,'+20',NULL,1676980748209,NULL,'mahmoud.aboelsoud.p@gmail.com','Mahmoud Shousha','MALE',NULL,NULL,NULL,NULL,NULL,NULL,'1501527706',57,'e38e2872-d469-401c-ae60-8173166d212d',NULL,_binary '\0','ACTIVE',NULL,1676980748209,'12ad3c83-cee9-4695-ab8a-696a78e4c0c8','+201501527706','keycloak',2),(198,'+966',NULL,1676983753698,NULL,'ahmedn.a.b.han999@gmail.com','طارق','MALE',NULL,NULL,NULL,NULL,NULL,NULL,'514232423',27,'e38e2872-d469-401c-ae60-8173166d212d',NULL,_binary '\0','ACTIVE',NULL,1676983753698,'24fc3727-12bf-4150-93cc-294b08baa71c','+966514232423','keycloak',2),(201,'+966','57fbc5d8-fd35-4f70-9108-942797772e18',1676986909744,'1_STCS_CUST','riadh.bel.hadj2004@gmail.com','riadh bel haj salah','MALE','EMPLOYEE',NULL,'f94e0251-62d1-4aa4-bc55-c4334d3fa114',NULL,NULL,NULL,'532773521',195,'e259e4a0-2fc9-4c6b-ad11-63bd64c5222b',NULL,_binary '\0','ACTIVE','57fbc5d8-fd35-4f70-9108-942797772e18',1676986909744,'e021817e-b64c-4c2d-b9d3-5b5d88aa980b','+966532773521','keycloak',6),(202,'+966',NULL,1676989184502,NULL,'marwa.maf.saa.d@gmail.com','test','MALE',NULL,NULL,NULL,NULL,NULL,NULL,'556353656',57,'e38e2872-d469-401c-ae60-8173166d212d',NULL,_binary '\0','ACTIVE',NULL,1676989184502,'e1086323-06dc-44ca-be1d-0f10530c5591','+966556353656','keycloak',2),(204,'+966',NULL,1676991707898,'1_STCS_CUST','playervi@mailinator.com','playerv','MALE',NULL,NULL,'f94e0251-62d1-4aa4-bc55-c4334d3fa114',NULL,NULL,NULL,'566664445',2,'7939ff23-9066-4393-bd64-940c0d4d5a77','esports/d6b7b6a3-2fb5-480f-9393-33f4ced913be__Screenshot_905.png',_binary '\0','ACTIVE',NULL,1676991707898,'386e3e6e-3383-4a48-a1fb-60a54a8e911f','+966566664445','keycloak',3),(208,'+966','57fbc5d8-fd35-4f70-9108-942797772e18',1677162837828,'1_STCS_CUST','repov59949@youke1.com','محمد اسامه','MALE','EMPLOYEE',NULL,'f94e0251-62d1-4aa4-bc55-c4334d3fa114',NULL,NULL,NULL,'543343322',8,'1848ebee-fd23-4257-9c26-ea5ca5bc238b',NULL,_binary '\0','ACTIVE','57fbc5d8-fd35-4f70-9108-942797772e18',1677162837828,'17ba9ea0-a1da-490d-9dd1-cb1d55dbd299','+966543343322','keycloak',6),(214,'+966',NULL,1677400224796,NULL,'a.hmednabhan9.9.9@gmail.com','محمود mahmoud','MALE',NULL,NULL,NULL,NULL,NULL,NULL,'556454645',NULL,'e38e2872-d469-401c-ae60-8173166d212d',NULL,_binary '\0','ACTIVE',NULL,1677400224796,'c78b8bbb-b7d9-49a9-be51-35373f1035fd','+966556454645','keycloak',2),(215,'+966',NULL,1677402208476,NULL,'m.arwa.maf.saad@gmail.com','Marwa CLUB PDF','MALE',NULL,NULL,NULL,'kda block','karim admin',1684749335648,'546786543',203,'e38e2872-d469-401c-ae60-8173166d212d',NULL,_binary '\0','ACTIVE',NULL,1677402208476,'89554a26-232b-4c57-b2f9-b532cb9b69e5','+966546786543','keycloak',2),(217,'+966',NULL,1677421560055,NULL,'a.hme.dn.abhan999@gmail.com','testtt','MALE',NULL,NULL,NULL,NULL,NULL,NULL,'554645467',4,'e38e2872-d469-401c-ae60-8173166d212d',NULL,_binary '\0','ACTIVE',NULL,1677421560055,'f8c2734d-5f7e-41b7-83ec-dee9627524c6','+966554645467','keycloak',2),(219,'+966','57fbc5d8-fd35-4f70-9108-942797772e18',1677423670372,'1_STCS_CUST','testusers@mailinator.com','testusers','MALE','EMPLOYEE',NULL,'f94e0251-62d1-4aa4-bc55-c4334d3fa114',NULL,NULL,NULL,'554755602',168,'81e82bf1-31cc-445b-9b63-cecdc93b3408',NULL,_binary '\0','ACTIVE','57fbc5d8-fd35-4f70-9108-942797772e18',1677423670372,'1d99eb49-abc8-4c2d-9159-7ff881a77ef9','+966554755602','keycloak',6),(221,'+966',NULL,1677510001771,NULL,'ahm.ednabhan.999@gmail.com','asd','FEMALE',NULL,NULL,NULL,NULL,NULL,NULL,'556575657',220,'e38e2872-d469-401c-ae60-8173166d212d',NULL,_binary '\0','ACTIVE',NULL,1677510001771,'0f8a5d98-3e32-4cc1-ac96-8f58f12d22f7','+966556575657','keycloak',2),(222,'+966',NULL,1677510599956,NULL,'eieiei@ejeue.iei','ooooee','MALE',NULL,NULL,NULL,NULL,NULL,NULL,'514243431',2,'ffe2c473-a581-4fd5-92e7-642ef72384a2',NULL,_binary '\0','ACTIVE',NULL,1677510599956,'6cedb46c-549c-4b13-b4f0-8d8c289254c1','+966514243431','keycloak',2),(223,'+20',NULL,1677511543218,NULL,'EdDQd@clubowner.com','srnUDROCZERvHRnABJMP','MALE',NULL,NULL,NULL,NULL,NULL,NULL,'1004297299',58,'ffe2c473-a581-4fd5-92e7-642ef72384a2',NULL,_binary '\0','ACTIVE',NULL,1677511543218,'2908b281-b7fc-40d3-957f-64e0e67e166a','+201004297299','keycloak',2),(225,'+966','57fbc5d8-fd35-4f70-9108-942797772e18',1677569020268,'1_STCS_CUST','marwa.saad@mailinator.com','marwa','MALE','EMPLOYEE',NULL,'f94e0251-62d1-4aa4-bc55-c4334d3fa114',NULL,NULL,NULL,'567678768',203,'f12ce41c-deb3-4bee-ba5c-9e34b74990ea',NULL,_binary '\0','ACTIVE','57fbc5d8-fd35-4f70-9108-942797772e18',1677569020268,'5b690bfa-aa40-436e-8f31-f0ca16d5b565','+966567678768','keycloak',6),(226,'+20',NULL,1677570029803,NULL,'yasmine@clubowner.com','club auto','MALE',NULL,NULL,NULL,NULL,NULL,NULL,'1004297288',58,'ffe2c473-a581-4fd5-92e7-642ef72384a2',NULL,_binary '\0','ACTIVE',NULL,1677570029803,'8a0ededd-b0fd-4ae2-8c6f-134718dab42c','+201004297288','keycloak',2),(227,'+20',NULL,1677584056099,NULL,'yasmine113@clubowner.com','club autoo','MALE',NULL,NULL,NULL,NULL,NULL,NULL,'1004297267',58,'ffe2c473-a581-4fd5-92e7-642ef72384a2',NULL,_binary '\0','ACTIVE',NULL,1677584056099,'d8f6c62d-3df1-44c9-a640-27f7ae7639b9','+201004297267','keycloak',2),(228,'+20',NULL,1677591406324,NULL,'yasmine216@clubowner.com','club autoox','MALE',NULL,NULL,NULL,NULL,NULL,NULL,'1005287234',58,'ffe2c473-a581-4fd5-92e7-642ef72384a2',NULL,_binary '\0','ACTIVE',NULL,1677591406324,'f185c746-f547-4728-b38b-ff958e093d6e','+201005287234','keycloak',2),(229,'+20',NULL,1677592423814,NULL,'yasmine217@clubowner.com','club autoox','MALE',NULL,NULL,NULL,NULL,NULL,NULL,'1005287256',58,'ffe2c473-a581-4fd5-92e7-642ef72384a2',NULL,_binary '\0','ACTIVE',NULL,1677592423814,'7c24f42a-60c4-4946-bff4-899ab7de1bf5','+201005287256','keycloak',2),(230,'+966',NULL,1677593671463,NULL,'testfadel@mailinator.com','testfadel','MALE',NULL,NULL,NULL,NULL,NULL,NULL,'554755505',168,'e38e2872-d469-401c-ae60-8173166d212d',NULL,_binary '\0','ACTIVE',NULL,1677593671463,'320417a2-fee8-49e5-96c9-8f73dd9cc79b','+966554755505','keycloak',2),(233,'+966',NULL,1677745277678,'1_STCS_CUST','player123@mailinator.com','player new','MALE',NULL,NULL,'f94e0251-62d1-4aa4-bc55-c4334d3fa114',NULL,NULL,NULL,'556666666',2,'7939ff23-9066-4393-bd64-940c0d4d5a77',NULL,_binary '\0','ACTIVE',NULL,1677745277678,'b25b27ee-e94c-4565-b4e1-65f31bb7b31b','+966556666666','keycloak',3),(234,'+966',NULL,1677745740840,'1_STCS_CUST','referee123@mailinator.com','referee','MALE',NULL,NULL,'f94e0251-62d1-4aa4-bc55-c4334d3fa114',NULL,NULL,NULL,'565656565',3,'2441ea00-05a9-49fd-aa0f-68ea4dc838e2',NULL,_binary '\0','ACTIVE',NULL,1677745740840,'25395ae5-867e-4b49-9143-1b571e2fb524','+966565656565','keycloak',5),(235,'+966',NULL,1677745908744,NULL,'owner123@mailinator.com','owner','MALE',NULL,NULL,NULL,NULL,NULL,NULL,'545454545',3,'e38e2872-d469-401c-ae60-8173166d212d',NULL,_binary '\0','ACTIVE',NULL,1677745908744,'1df82a67-b928-4f3c-84b7-229a4c5b8779','+966545454545','keycloak',2),(237,'+966','57fbc5d8-fd35-4f70-9108-942797772e18',1677746581783,'1_STCS_CUST','newuser123@mailinator.com','new user','MALE','EMPLOYEE',NULL,'f94e0251-62d1-4aa4-bc55-c4334d3fa114','no','admin test change name',1677746834077,'554466454',3,'ffe92831-6a4c-4f7f-8a78-4e5a18f9ece2',NULL,_binary '\0','ACTIVE','57fbc5d8-fd35-4f70-9108-942797772e18',1677746581783,'05d3fc60-107e-4cf3-a24a-2ae3a5447f26','+966554466454','keycloak',6),(240,'+966','57fbc5d8-fd35-4f70-9108-942797772e18',1678019042171,'1_STCS_CUST','testauto@mailinator.com','testauto','MALE','EMPLOYEE',NULL,'297d796b-30e5-48c1-8ff7-6ac922a8b406',NULL,NULL,NULL,'512345678',57,'3d520dd9-c05d-4319-b73b-9e812dbcf299',NULL,_binary '\0','ACTIVE','57fbc5d8-fd35-4f70-9108-942797772e18',1678019042171,'2ce3133a-8dcc-4d82-b611-14e6e5996a55','+966512345678','keycloak',6),(241,'+966',NULL,1678028927250,NULL,'ehabprod@mailinator.com','ehabprod','MALE',NULL,NULL,NULL,NULL,NULL,NULL,'545678900',2,'ffe2c473-a581-4fd5-92e7-642ef72384a2',NULL,_binary '\0','ACTIVE',NULL,1678028927250,'59bd19ee-2f6e-4885-a317-fb55a51e7211','+966545678900','keycloak',2),(242,'+966','57fbc5d8-fd35-4f70-9108-942797772e18',1678093591053,'1_STCS_CUST','AutoUserXPiq@omailinator.com','AutoUserQOjHK','MALE','EMPLOYEE',NULL,'29ba628f-a208-4da6-958a-c7764c413729',NULL,NULL,NULL,'503649781',168,'c77efd68-9e5e-4469-84f8-c4c333e2a3cc',NULL,_binary '\0','ACTIVE','57fbc5d8-fd35-4f70-9108-942797772e18',1678093591053,'04326648-75d8-4e64-8238-8d02a0e4b8b7','+966503649781','keycloak',6),(244,'+966','57fbc5d8-fd35-4f70-9108-942797772e18',1678094011030,'1_STCS_CUST','AutoUserRZiqo@mailinator.com','AutoUsernwmBa','MALE','EMPLOYEE',NULL,'29ba628f-a208-4da6-958a-c7764c413729',NULL,NULL,NULL,'501449310',168,'d69a993b-0803-492b-b429-cdd0e83e7538',NULL,_binary '\0','ACTIVE','57fbc5d8-fd35-4f70-9108-942797772e18',1678094011030,'432d43c4-00ed-4159-8da3-373125d504cf','+966501449310','keycloak',6),(245,'+966','57fbc5d8-fd35-4f70-9108-942797772e18',1678095109486,'1_STCS_CUST','AutoUserOhSKf@mailinator.com','AutoUserqEYvq','MALE','EMPLOYEE',NULL,'29ba628f-a208-4da6-958a-c7764c413729',NULL,NULL,NULL,'504178107',168,'d69a993b-0803-492b-b429-cdd0e83e7538',NULL,_binary '\0','ACTIVE','57fbc5d8-fd35-4f70-9108-942797772e18',1678095109486,'b4cde435-b828-4109-b9c0-cec06e6ba6a8','+966504178107','keycloak',6),(246,'+966','57fbc5d8-fd35-4f70-9108-942797772e18',1678095540547,'1_STCS_CUST','AutoUserQNDcn@mailinator.com','AutoUserPTmnK','MALE','EMPLOYEE',NULL,'29ba628f-a208-4da6-958a-c7764c413729',NULL,NULL,NULL,'502585675',168,'d69a993b-0803-492b-b429-cdd0e83e7538',NULL,_binary '\0','ACTIVE','57fbc5d8-fd35-4f70-9108-942797772e18',1678095540547,'cffa03d3-dc53-4f7c-8f91-4bb648a7995d','+966502585675','keycloak',6),(247,'+966','57fbc5d8-fd35-4f70-9108-942797772e18',1678096108769,'1_STCS_CUST','AutoUserHBGlt@mailinator.com','AutoUserRrFUK','MALE','EMPLOYEE',NULL,'29ba628f-a208-4da6-958a-c7764c413729',NULL,NULL,NULL,'501695598',168,'d69a993b-0803-492b-b429-cdd0e83e7538',NULL,_binary '\0','ACTIVE','57fbc5d8-fd35-4f70-9108-942797772e18',1678096108769,'09fcb685-a8fe-42c4-ba45-e2ddb72f015d','+966501695598','keycloak',6),(248,'+966','57fbc5d8-fd35-4f70-9108-942797772e18',1678102861970,'1_STCS_CUST','AutoUsercsSsp@mailinator.com','AutoUserYPcZX','MALE','EMPLOYEE',NULL,'29ba628f-a208-4da6-958a-c7764c413729',NULL,NULL,NULL,'504530800',168,'d69a993b-0803-492b-b429-cdd0e83e7538',NULL,_binary '\0','ACTIVE','57fbc5d8-fd35-4f70-9108-942797772e18',1678102861970,'008105b4-0c02-42be-8768-49f32e8f9b5f','+966504530800','keycloak',6),(249,'+966','57fbc5d8-fd35-4f70-9108-942797772e18',1678105538683,'1_STCS_CUST','AutoUserJjoOL@mailinator.com','AutoUsermomWc','MALE','EMPLOYEE',NULL,'29ba628f-a208-4da6-958a-c7764c413729',NULL,NULL,NULL,'501905853',168,'d69a993b-0803-492b-b429-cdd0e83e7538',NULL,_binary '\0','ACTIVE','57fbc5d8-fd35-4f70-9108-942797772e18',1678105538683,'02ba83db-be54-4498-96d8-f31d3573c08a','+966501905853','keycloak',6),(250,'+966','57fbc5d8-fd35-4f70-9108-942797772e18',1678106056577,'1_STCS_CUST','AutoUserFfrYE@mailinator.com','AutoUserozyrm','MALE','EMPLOYEE',NULL,'29ba628f-a208-4da6-958a-c7764c413729',NULL,NULL,NULL,'508833352',168,'d69a993b-0803-492b-b429-cdd0e83e7538',NULL,_binary '\0','ACTIVE','57fbc5d8-fd35-4f70-9108-942797772e18',1678106056577,'93a7a784-3d61-41b3-80c6-1c0625b7ec41','+966508833352','keycloak',6),(251,'+966','57fbc5d8-fd35-4f70-9108-942797772e18',1678106300232,'1_STCS_CUST','AutoUserOMvTA@mailinator.com','AutoUserOSpNF','MALE','EMPLOYEE',NULL,'29ba628f-a208-4da6-958a-c7764c413729',NULL,NULL,NULL,'504851146',168,'d69a993b-0803-492b-b429-cdd0e83e7538',NULL,_binary '\0','ACTIVE','57fbc5d8-fd35-4f70-9108-942797772e18',1678106300232,'b3d2e7de-e317-4298-afda-40fef8110f0c','+966504851146','keycloak',6),(252,'+966','57fbc5d8-fd35-4f70-9108-942797772e18',1678106515376,'1_STCS_CUST','AutoUserQIPdG@mailinator.com','AutoUserzlYlC','MALE','EMPLOYEE',NULL,'29ba628f-a208-4da6-958a-c7764c413729',NULL,NULL,NULL,'507092925',168,'d69a993b-0803-492b-b429-cdd0e83e7538',NULL,_binary '\0','ACTIVE','57fbc5d8-fd35-4f70-9108-942797772e18',1678106515376,'cc480283-b81d-4741-94f6-2668710c5171','+966507092925','keycloak',6),(253,'+966','57fbc5d8-fd35-4f70-9108-942797772e18',1678106723915,'1_STCS_CUST','AutoUsergfukm@mailinator.com','AutoUsermcwsf','MALE','EMPLOYEE',NULL,'29ba628f-a208-4da6-958a-c7764c413729',NULL,NULL,NULL,'506146385',168,'d69a993b-0803-492b-b429-cdd0e83e7538',NULL,_binary '\0','ACTIVE','57fbc5d8-fd35-4f70-9108-942797772e18',1678106723915,'59800167-ee68-4e09-b434-53d263183c95','+966506146385','keycloak',6),(254,'+966','57fbc5d8-fd35-4f70-9108-942797772e18',1678107403567,'1_STCS_CUST','AutoUserwwqYm@mailinator.com','AutoUserpOrnG','MALE','EMPLOYEE',NULL,'29ba628f-a208-4da6-958a-c7764c413729',NULL,NULL,NULL,'500289418',168,'d69a993b-0803-492b-b429-cdd0e83e7538',NULL,_binary '\0','ACTIVE','57fbc5d8-fd35-4f70-9108-942797772e18',1678107403567,'ae349470-c2bb-4644-bc44-6639e7729cf7','+966500289418','keycloak',6),(255,'+966','57fbc5d8-fd35-4f70-9108-942797772e18',1678107751811,'1_STCS_CUST','AutoUserQpepg@mailinator.com','AutoUserLTvyx','MALE','EMPLOYEE',NULL,'29ba628f-a208-4da6-958a-c7764c413729',NULL,NULL,NULL,'504940225',168,'d69a993b-0803-492b-b429-cdd0e83e7538',NULL,_binary '\0','ACTIVE','57fbc5d8-fd35-4f70-9108-942797772e18',1678107751811,'a0209fb2-95ea-4d50-b729-a93e65f9cc25','+966504940225','keycloak',6),(256,'+966','57fbc5d8-fd35-4f70-9108-942797772e18',1678108325753,'1_STCS_CUST','AutoUserjuuct@mailinator.com','AutoUserATJNY','MALE','EMPLOYEE',NULL,'29ba628f-a208-4da6-958a-c7764c413729',NULL,NULL,NULL,'508431618',168,'d69a993b-0803-492b-b429-cdd0e83e7538',NULL,_binary '\0','ACTIVE','57fbc5d8-fd35-4f70-9108-942797772e18',1678108325753,'bd3960cd-9af8-4253-997b-ab4a68d70002','+966508431618','keycloak',6),(258,'+966',NULL,1678112810310,'1_STCS_CUST','player_blocked@mailinator.com','player blocked',NULL,NULL,NULL,'f94e0251-62d1-4aa4-bc55-c4334d3fa114','كلمه مرور غير صحيحه','النظام',1678112902716,'514363777',NULL,'7939ff23-9066-4393-bd64-940c0d4d5a77',NULL,_binary '\0','LOCKED',NULL,1678112810310,'ae2f7a11-c427-4af3-ae84-385b54bce314','+966514363777','keycloak',3),(259,'+966','57fbc5d8-fd35-4f70-9108-942797772e18',1678113955860,'1_STCS_CUST','yasmin@mailinator.com','yasmine','FEMALE','EMPLOYEE',NULL,'f94e0251-62d1-4aa4-bc55-c4334d3fa114',NULL,NULL,NULL,'517373733',203,'c77efd68-9e5e-4469-84f8-c4c333e2a3cc',NULL,_binary '\0','ACTIVE','57fbc5d8-fd35-4f70-9108-942797772e18',1678113955860,'27861bb3-b2e8-47b6-95df-f831bf27e2a4','+966517373733','keycloak',6),(260,'+966',NULL,1678114162388,'1_STCS_CUST','player_stage@mailinator.com','player stage account for test','FEMALE',NULL,NULL,'f94e0251-62d1-4aa4-bc55-c4334d3fa114',NULL,NULL,NULL,'517999999',203,'7939ff23-9066-4393-bd64-940c0d4d5a77',NULL,_binary '\0','ACTIVE',NULL,1678114162388,'3ea5879e-d78f-4925-8694-68a9a60d0e89','+966517999999','keycloak',3),(261,'+966',NULL,1678118344554,NULL,'testowner@mailinator.com','test club','FEMALE',NULL,NULL,NULL,NULL,NULL,NULL,'551432412',3,'ffe2c473-a581-4fd5-92e7-642ef72384a2',NULL,_binary '\0','ACTIVE',NULL,1678118344554,'bec4edfe-c37e-442e-a8e6-ada1af14e4d3','+966551432412','keycloak',2),(264,'+20','57fbc5d8-fd35-4f70-9108-942797772e18',1678131216420,'1_STCS_CUST','stage_one@mailinator.com','stage user test','MALE','EMPLOYEE',NULL,'648313cc-4856-4900-9feb-9f69f2229ab6','user locked for no reasons','stage user again',1678131903152,'1007474774',8,'c77efd68-9e5e-4469-84f8-c4c333e2a3cc',NULL,_binary '\0','DISABLED','57fbc5d8-fd35-4f70-9108-942797772e18',1678131277247,'17bab3f8-fa8e-44c3-9ff4-216386112225','+201007474774','keycloak',6),(265,'+966','57fbc5d8-fd35-4f70-9108-942797772e18',1678131342666,'1_STCS_CUST','stage_test@mailinator.com','yasmine stage user','FEMALE','VENDOR',NULL,'9220d7a3-5a64-4c43-8f4a-01dca5cb336f','tsees','yasmine',1678191947707,'544444444',NULL,'c77efd68-9e5e-4469-84f8-c4c333e2a3cc','esports/01fc5f49-06b4-46e8-a839-02d33b94e68b__IMG_3396.png',_binary '\0','DISABLED','57fbc5d8-fd35-4f70-9108-942797772e18',1678138612464,'44ac17c3-3f09-49cf-8565-18087e1b5e73','+966544444444','keycloak',6),(266,'+966',NULL,1678131915354,NULL,'newclubowner@mailinator.com','new club owner','MALE',NULL,NULL,NULL,NULL,NULL,NULL,'555555444',12,'ffe2c473-a581-4fd5-92e7-642ef72384a2',NULL,_binary '\0','ACTIVE',NULL,1678131915354,'a4f2d17e-f182-43f9-a2e8-39733e14478c','+966555555444','keycloak',2),(267,'+966',NULL,1678132423130,NULL,'Amrtawfek@gmail.com','محمد احمد اكرام عبدالحليم','FEMALE',NULL,NULL,NULL,NULL,NULL,NULL,'569503182',57,'e38e2872-d469-401c-ae60-8173166d212d',NULL,_binary '\0','ACTIVE',NULL,1678132423130,'ceaafea1-cff2-4ed5-bbc9-44a6b77e83d8','+966569503182','keycloak',2),(268,'+966',NULL,1678133436658,NULL,'karimabdelkader231@outlook.com','karim ahmed','MALE',NULL,NULL,NULL,NULL,NULL,NULL,'552412413',168,'e38e2872-d469-401c-ae60-8173166d212d',NULL,_binary '\0','ACTIVE',NULL,1678133436658,'95b0b931-347e-4a7c-b1cf-53a8cc2d06ac','+966552412413','keycloak',2),(269,'+966',NULL,1678134010760,NULL,'userclub@mailinator.com','user club','MALE',NULL,NULL,NULL,NULL,NULL,NULL,'555455545',220,'e38e2872-d469-401c-ae60-8173166d212d',NULL,_binary '\0','ACTIVE',NULL,1678134010760,'28af7d4e-23cd-4dec-9bd0-2137ef6212a2','+966555455545','keycloak',2),(271,'+966','93a265f1-26c7-459e-9a37-5ecee4ed5148',1678135694438,'1_STCS_CUST','karimabdelkader232@outlook.com','karim','MALE','EMPLOYEE',NULL,'f94e0251-62d1-4aa4-bc55-c4334d3fa114',NULL,NULL,NULL,'517373777',3,'659bdce7-b2e6-4a70-983c-600d5992d393',NULL,_binary '\0','ACTIVE','57fbc5d8-fd35-4f70-9108-942797772e18',1678194279182,'e3228326-184c-4738-a790-e4fe9509184b','+966517373777','keycloak',6),(272,'+966','57fbc5d8-fd35-4f70-9108-942797772e18',1678136546704,'1_STCS_CUST','resend@mailinator.com','new user','MALE','EMPLOYEE',NULL,'648313cc-4856-4900-9feb-9f69f2229ab6','كلمه مرور غير صحيحه','النظام',1678137389974,'566646666',190,'5d1393ff-c3fd-4beb-b25d-1e9eb4744256',NULL,_binary '\0','ACTIVE','57fbc5d8-fd35-4f70-9108-942797772e18',1678140948587,'d1aba0e0-a5fb-49e5-b315-95af2f44e6a1','+966566646666','keycloak',6),(274,'+966',NULL,1678140063266,'1_STCS_CUST','playersmoky@mailinator.com','player smokyy','FEMALE',NULL,NULL,'f94e0251-62d1-4aa4-bc55-c4334d3fa114',NULL,NULL,NULL,'566565556',190,'7939ff23-9066-4393-bd64-940c0d4d5a77','',_binary '\0','ACTIVE',NULL,1678140063266,'356a7374-8301-4246-9701-9c26ecd1c4b5','+966566565556','keycloak',3),(275,'+966','57fbc5d8-fd35-4f70-9108-942797772e18',1678140284191,'1_STCS_CUST','btst@mailinator.com','Bassem','MALE','EMPLOYEE',NULL,'f94e0251-62d1-4aa4-bc55-c4334d3fa114',NULL,NULL,NULL,'532366545',2,'3d520dd9-c05d-4319-b73b-9e812dbcf299',NULL,_binary '\0','ACTIVE','57fbc5d8-fd35-4f70-9108-942797772e18',1678140284191,'e0955d43-7329-49f1-9db4-1f941c6a8fec','+966532366545','keycloak',6),(276,'+966','57fbc5d8-fd35-4f70-9108-942797772e18',1678140750455,'1_STCS_CUST','account@mailinator.com','user account','MALE','EMPLOYEE',NULL,'29ba628f-a208-4da6-958a-c7764c413729',NULL,NULL,NULL,'519393939',NULL,'c77efd68-9e5e-4469-84f8-c4c333e2a3cc',NULL,_binary '\0','ACTIVE','57fbc5d8-fd35-4f70-9108-942797772e18',1678140750455,'134d087b-8b6a-47f0-bc7d-4534d3cf357f','+966519393939','keycloak',6),(279,'+20',NULL,1678142040602,'1_STCS_CUST','refreesmoke@mailinator.com','refreesmoky','MALE',NULL,NULL,'f94e0251-62d1-4aa4-bc55-c4334d3fa114',NULL,NULL,NULL,'1062521766',8,'2441ea00-05a9-49fd-aa0f-68ea4dc838e2','',_binary '\0','ACTIVE',NULL,1678142040602,'cd1356b1-80d8-4489-adde-cd7851c16f38','+201062521766','keycloak',5),(280,'+966',NULL,1678142667753,NULL,'mahmoud.abo.elsoud.p@gmail.com','Mahmoud','MALE',NULL,NULL,NULL,NULL,NULL,NULL,'566789543',4,'e38e2872-d469-401c-ae60-8173166d212d',NULL,_binary '\0','ACTIVE',NULL,1678142667753,'b8cd6ce9-5a21-470a-8002-184614325c4a','+966566789543','keycloak',2),(281,'+20',NULL,1678142987754,'1_STCS_CUST','coachsmoke@mailinator.com','coachsmoke','MALE',NULL,NULL,'f94e0251-62d1-4aa4-bc55-c4334d3fa114',NULL,NULL,NULL,'1062521767',146,'afce018e-db73-4491-918a-fdc3f260351c','esports/45f81329-85a8-445e-a4e5-53127fdb7237__the-key-launch-opt1.png',_binary '\0','ACTIVE',NULL,1678142987754,'cb0484e4-d785-468d-8b1d-01b81a250237','+201062521767','keycloak',4),(282,'+20',NULL,1678144122846,NULL,'karimabdelkader23@gmail.com','mohamed ahmed','MALE',NULL,NULL,NULL,NULL,NULL,NULL,'1014950728',166,'e38e2872-d469-401c-ae60-8173166d212d',NULL,_binary '\0','ACTIVE',NULL,1678144122846,'2e0f0f2d-71f4-4995-9969-310ba6436ea5','+201014950728','keycloak',2),(283,'+20',NULL,1678144343423,NULL,'xawogo4238@maazios.com','cosmo','MALE',NULL,NULL,NULL,NULL,NULL,NULL,'1062521765',3,'e38e2872-d469-401c-ae60-8173166d212d',NULL,_binary '\0','ACTIVE',NULL,1678144343423,'155cfc08-af1f-48e5-95a9-5853f3d74360','+201062521765','keycloak',2),(286,'+966','93a265f1-26c7-459e-9a37-5ecee4ed5148',1678192073165,'1_STCS_CUST','mohamed1@yopmail.com','محمد','MALE','EMPLOYEE',NULL,'f94e0251-62d1-4aa4-bc55-c4334d3fa114',NULL,NULL,NULL,'552612612',8,'659bdce7-b2e6-4a70-983c-600d5992d393',NULL,_binary '\0','ACTIVE','93a265f1-26c7-459e-9a37-5ecee4ed5148',1678192073165,'1a73a669-8bb4-4a54-881e-2cb14964fa22','+966552612612','keycloak',6),(287,'+20',NULL,1678192622339,NULL,'mohamedmourad@yopmail.com','محمد مراد','MALE',NULL,NULL,NULL,NULL,NULL,NULL,'1010642916',8,'e38e2872-d469-401c-ae60-8173166d212d',NULL,_binary '\0','ACTIVE',NULL,1678192622339,'ccb32e35-b28a-468b-ba25-57ea56e8f041','+201010642916','keycloak',2),(288,'+966','93a265f1-26c7-459e-9a37-5ecee4ed5148',1678193188124,'1_STCS_CUST','internaluser@yopmail.com','newinternal','MALE','EMPLOYEE',NULL,'f94e0251-62d1-4aa4-bc55-c4334d3fa114',NULL,NULL,NULL,'552432431',8,'659bdce7-b2e6-4a70-983c-600d5992d393',NULL,_binary '\0','ACTIVE','93a265f1-26c7-459e-9a37-5ecee4ed5148',1678193188124,'295b793d-68a7-45bf-9cf9-54e7eb5c36fe','+966552432431','keycloak',6),(289,'+20',NULL,1678225681094,NULL,'marwaclub.summery@mailinator.com','marwa club summery','MALE',NULL,NULL,NULL,NULL,NULL,NULL,'1285435366',3,'e38e2872-d469-401c-ae60-8173166d212d',NULL,_binary '\0','ACTIVE',NULL,1678225681094,'df6f97dd-046a-4d1a-aa51-85c3d9bfe091','+201285435366','keycloak',2),(290,'+966','57fbc5d8-fd35-4f70-9108-942797772e18',1678260103883,'1_STCS_CUST','marwa.email@mailinator.com','marwa email','MALE','EMPLOYEE',NULL,'f94e0251-62d1-4aa4-bc55-c4334d3fa114',NULL,NULL,NULL,'576657787',NULL,'659bdce7-b2e6-4a70-983c-600d5992d393',NULL,_binary '\0','ACTIVE','57fbc5d8-fd35-4f70-9108-942797772e18',1678260103883,'85e2c452-5395-4b21-9622-3c108b2a004d','+966576657787','keycloak',6),(291,'+966','93a265f1-26c7-459e-9a37-5ecee4ed5148',1678261058345,'1_STCS_CUST','newuser@yopmail.com','newusernew','MALE','EMPLOYEE',NULL,'f94e0251-62d1-4aa4-bc55-c4334d3fa114',NULL,NULL,NULL,'552612312',8,'659bdce7-b2e6-4a70-983c-600d5992d393',NULL,_binary '\0','ACTIVE','7bce3c83-721e-46d6-9924-6b30ac9d8e94',1678452890365,'b3afd0dd-21a1-44a4-a29f-7219701ea01a','+966552612312','keycloak',6),(292,'+966','57fbc5d8-fd35-4f70-9108-942797772e18',1678264447674,'1_STCS_CUST','AutoUserFqgMT@mailinator.com','AutoUserslxVc','MALE','EMPLOYEE',NULL,'29ba628f-a208-4da6-958a-c7764c413729',NULL,NULL,NULL,'506958980',NULL,'d69a993b-0803-492b-b429-cdd0e83e7538',NULL,_binary '\0','ACTIVE','57fbc5d8-fd35-4f70-9108-942797772e18',1678264447674,'a96c1f52-74cf-4f3a-8531-761e5e95ecb3','+966506958980','keycloak',6),(293,'+966','57fbc5d8-fd35-4f70-9108-942797772e18',1678265442179,'1_STCS_CUST','AutoUserRFrFt@mailinator.com','AutoUserhUrKQ','MALE','EMPLOYEE',NULL,'29ba628f-a208-4da6-958a-c7764c413729',NULL,NULL,NULL,'500691705',168,'d69a993b-0803-492b-b429-cdd0e83e7538',NULL,_binary '\0','ACTIVE','57fbc5d8-fd35-4f70-9108-942797772e18',1678265442179,'7534e65a-1c19-485b-99bc-9fcd6c94a6cc','+966500691705','keycloak',6),(294,'+966','57fbc5d8-fd35-4f70-9108-942797772e18',1678266163543,'1_STCS_CUST','AutoUserNZvqP@mailinator.com','AutoUserOICJm','MALE','EMPLOYEE',NULL,'29ba628f-a208-4da6-958a-c7764c413729','nnn','Mahmoud Internal',1690713250881,'507532140',168,'d69a993b-0803-492b-b429-cdd0e83e7538',NULL,_binary '\0','ACTIVE','57fbc5d8-fd35-4f70-9108-942797772e18',1678266163543,'b477aeda-f284-4999-b38f-3525a0ab9bca','+966507532140','keycloak',6),(295,'+966','57fbc5d8-fd35-4f70-9108-942797772e18',1678266718807,'1_STCS_CUST','AutoUserSlRNA@mailinator.com','AutoUserFOtOh','MALE','EMPLOYEE',NULL,'29ba628f-a208-4da6-958a-c7764c413729',NULL,NULL,NULL,'500850165',168,'d69a993b-0803-492b-b429-cdd0e83e7538',NULL,_binary '\0','ACTIVE','57fbc5d8-fd35-4f70-9108-942797772e18',1678266718807,'b35575d6-ddb3-41e2-8bf4-0313b4299f17','+966500850165','keycloak',6),(296,'+966',NULL,1678271166478,NULL,'marwa.owner@mailinator.com','Marwa club owner','MALE',NULL,NULL,NULL,NULL,NULL,NULL,'546768787',2,'ffe2c473-a581-4fd5-92e7-642ef72384a2',NULL,_binary '\0','ACTIVE',NULL,1678271166478,'78dcc4fc-f1ef-4e44-8fa7-37b4662aeb8c','+966546768787','keycloak',2),(297,'+966',NULL,1678272361028,NULL,'marwa.saad@gmail.com','Marwa mobile login','MALE',NULL,NULL,NULL,NULL,NULL,NULL,'567879899',3,'ffe2c473-a581-4fd5-92e7-642ef72384a2',NULL,_binary '\0','ACTIVE',NULL,1678272361028,'c227e3f9-c295-4aa9-bbc8-c67fc9732ee9','+966567879899','keycloak',2),(299,'+966',NULL,1678273508841,NULL,'clubownermail@yopmail.com','malek nady','MALE',NULL,NULL,NULL,NULL,NULL,NULL,'551495072',8,'e38e2872-d469-401c-ae60-8173166d212d',NULL,_binary '\0','ACTIVE',NULL,1678273508841,'a5220376-4ee1-4932-b054-92a32f166cb4','+966551495072','keycloak',2),(301,'+966','57fbc5d8-fd35-4f70-9108-942797772e18',1678616048487,'1_STCS_CUST','AutoUserdQnJo@mailinator.com','AutoUserGORPg','MALE','EMPLOYEE',NULL,'29ba628f-a208-4da6-958a-c7764c413729',NULL,NULL,NULL,'506964277',168,'d69a993b-0803-492b-b429-cdd0e83e7538',NULL,_binary '\0','ACTIVE','57fbc5d8-fd35-4f70-9108-942797772e18',1678616048487,'2b73a68f-8e4f-4e53-a017-49735146eb46','+966506964277','keycloak',6),(302,'+966','57fbc5d8-fd35-4f70-9108-942797772e18',1678616771384,'1_STCS_CUST','AutoUserMenyR@mailinator.com','AutoUserqsgfD','MALE','EMPLOYEE',NULL,'29ba628f-a208-4da6-958a-c7764c413729',NULL,NULL,NULL,'505319031',168,'d69a993b-0803-492b-b429-cdd0e83e7538',NULL,_binary '\0','ACTIVE','57fbc5d8-fd35-4f70-9108-942797772e18',1678616771384,'3e572a4a-571c-43b0-8796-ea6fd64a9530','+966505319031','keycloak',6),(303,'+966',NULL,1678628781577,NULL,'riadh_bel_hadj2004@hotmail.com','riadh bel haj salah','MALE',NULL,NULL,NULL,NULL,NULL,NULL,'532773544',195,'e38e2872-d469-401c-ae60-8173166d212d',NULL,_binary '\0','ACTIVE',NULL,1678628781577,'4e557d40-95e5-4830-a304-45980e43b426','+966532773544','keycloak',2),(304,'+966',NULL,1678653172871,'1_STCS_CUST','rururu@erurur.rir','rurur','MALE',NULL,NULL,'f94e0251-62d1-4aa4-bc55-c4334d3fa114',NULL,NULL,NULL,'514678585',NULL,'7939ff23-9066-4393-bd64-940c0d4d5a77',NULL,_binary '\0','ACTIVE',NULL,1678653172871,'1a3e9451-2488-4ee3-b791-c854533fd4d0','+966514678585','keycloak',3),(305,'+966',NULL,1678653584560,'1_STCS_CUST','rrururu@ejrjr.ri','hrhrhrh','MALE',NULL,NULL,'f94e0251-62d1-4aa4-bc55-c4334d3fa114',NULL,NULL,NULL,'514363773',NULL,'7939ff23-9066-4393-bd64-940c0d4d5a77',NULL,_binary '\0','ACTIVE',NULL,1678653584560,'3caddb05-b81f-47c1-ae3c-b1762b31c190','+966514363773','keycloak',3),(310,'+966',NULL,1678780431781,NULL,'a.h.m.ednabhan999@gmail.com','ahmed','MALE',NULL,NULL,NULL,NULL,NULL,NULL,'556454649',24,'e38e2872-d469-401c-ae60-8173166d212d',NULL,_binary '\0','ACTIVE',NULL,1678780431781,'fe804d93-7d74-4d1d-8fde-bdd41204a158','+966556454649','keycloak',2),(312,'+966',NULL,1678781426769,'1_STCS_CUST','roqos61@mailinator.com','KHHFM','MALE',NULL,NULL,'f94e0251-62d1-4aa4-bc55-c4334d3fa114',NULL,NULL,NULL,'537982910',168,'7939ff23-9066-4393-bd64-940c0d4d5a77',NULL,_binary '\0','ACTIVE',NULL,1678781426769,'6bedfba0-3cd4-4fa9-aa1c-295a497fae6e','+966537982910','keycloak',3),(313,'+966',NULL,1678785909360,NULL,'quz@mailinator.com','quz','MALE',NULL,NULL,NULL,'test','admin@esports.sa',1684664071789,'564564564',NULL,'e38e2872-d469-401c-ae60-8173166d212d',NULL,_binary '\0','ACTIVE',NULL,1678785909360,'d30e2406-71db-4844-a75b-f02abf804e49','+966564564564','keycloak',2),(316,'+966','57fbc5d8-fd35-4f70-9108-942797772e18',1678790634212,'1_STCS_CUST','newone@mailinator.com','newone','MALE','EMPLOYEE',NULL,'f94e0251-62d1-4aa4-bc55-c4334d3fa114',NULL,NULL,NULL,'543245234',168,'78c8722a-f9ca-402e-90ae-1ba1bf06b706',NULL,_binary '\0','ACTIVE','57fbc5d8-fd35-4f70-9108-942797772e18',1678790634212,'37a41139-5b34-4e05-b8d8-f770c6a07f58','+966543245234','keycloak',6),(317,'+20','57fbc5d8-fd35-4f70-9108-942797772e18',1678797470468,'1_STCS_CUST','restuser@mailinator.com','reset pasword','MALE','EMPLOYEE',NULL,'f94e0251-62d1-4aa4-bc55-c4334d3fa114',NULL,NULL,NULL,'1062521768',57,'cdcf9050-03c0-48a8-892b-360b8debbd7c',NULL,_binary '\0','ACTIVE','57fbc5d8-fd35-4f70-9108-942797772e18',1678798460969,'51166935-2f39-4245-b687-a52b51360c7a','+201062521768','keycloak',6),(319,'+966',NULL,1678801001032,NULL,'resetco@mailinator.com','ehab','MALE',NULL,NULL,NULL,NULL,NULL,NULL,'555444444',2,'e38e2872-d469-401c-ae60-8173166d212d',NULL,_binary '\0','ACTIVE',NULL,1678801001032,'7981b767-b6b4-460a-b490-39645d6955e0','+966555444444','keycloak',2),(320,'+973','57fbc5d8-fd35-4f70-9108-942797772e18',1678802895731,'1_STCS_CUST','newuseraya@mailinator.com','newuserayaصص','FEMALE','EMPLOYEE',NULL,'67c23c7b-e390-411e-9a8c-e7a8a4e81f2e','اوك','admin test change names',1678803626151,'1233456',203,'c77efd68-9e5e-4469-84f8-c4c333e2a3cc',NULL,_binary '\0','DISABLED','57fbc5d8-fd35-4f70-9108-942797772e18',1678803608547,'1c0b9bfb-f55a-407c-816d-59e12c1d6214','+9731233456','keycloak',6),(321,'+966',NULL,1678805013938,'1_STCS_CUST','Salwareferee@mailinator.com','Salwa','FEMALE',NULL,NULL,'f94e0251-62d1-4aa4-bc55-c4334d3fa114',NULL,NULL,NULL,'551010222',8,'2441ea00-05a9-49fd-aa0f-68ea4dc838e2','esports/0531f312-2aa2-4e5e-87d3-6a0245f1cd34__1678805203754.jpg',_binary '\0','ACTIVE',NULL,1678805013938,'2ee77e1e-2247-41c9-8c20-eaa7cb755fab','+966551010222','keycloak',5),(323,'+966',NULL,1678806691576,'1_STCS_CUST','Salwaplayer@mailinator.com','Salwa player','MALE',NULL,NULL,'f94e0251-62d1-4aa4-bc55-c4334d3fa114','ss','admin@esports.sa',1687335636339,'551010221',203,'7939ff23-9066-4393-bd64-940c0d4d5a77','esports/a35faf6e-380e-47b5-8b47-bb64b7b100aa__7 .JPG',_binary '\0','ACTIVE',NULL,1678806691576,'2a6465eb-c2cb-4916-a4dc-20276e8bb5fe','+966551010221','keycloak',3),(324,'+966',NULL,1678806999521,'1_STCS_CUST','Salwacoash@mailinator.com','Salwa',NULL,NULL,NULL,'f94e0251-62d1-4aa4-bc55-c4334d3fa114',NULL,NULL,NULL,'551010223',12,'afce018e-db73-4491-918a-fdc3f260351c',NULL,_binary '\0','ACTIVE',NULL,1678806999521,'cb558273-ddd7-4d48-aed8-6aa32ac7362b','+966551010223','keycloak',4),(325,'+966',NULL,1678810176093,NULL,'Action@mailinator.com','Action account test','MALE',NULL,NULL,NULL,NULL,NULL,NULL,'540464948',3,'ffe2c473-a581-4fd5-92e7-642ef72384a2',NULL,_binary '\0','ACTIVE',NULL,1678810176093,'3060c441-7e51-49ac-a7d7-6f3d13abbc04','+966540464948','keycloak',2),(326,'+966',NULL,1678810628829,NULL,'riririr@euueue.cjj','ririirorro','MALE',NULL,NULL,NULL,NULL,NULL,NULL,'516263738',4,'ffe2c473-a581-4fd5-92e7-642ef72384a2',NULL,_binary '\0','ACTIVE',NULL,1678810628829,'94c34998-a3bc-430b-a4c0-f026fbe12bb5','+966516263738','keycloak',2),(327,'+966',NULL,1678810859067,NULL,'Salwaclubowner@mailinator.com','Salwa','MALE',NULL,NULL,NULL,NULL,NULL,NULL,'551010224',239,'ffe2c473-a581-4fd5-92e7-642ef72384a2',NULL,_binary '\0','ACTIVE',NULL,1678810859067,'c09c596f-f47a-4ac0-8366-23df52acc329','+966551010224','keycloak',2),(328,'+966',NULL,1678811331819,NULL,'Salwa9090@mailinator.com','سلوووي','FEMALE',NULL,NULL,NULL,'skillprecision and a healthy dose of madness But even the most seasoned writers can get a little lost in the word jungle, and typos and grammatical blunders can sneak up on them like ninjas in فريق سلوي اسم طويل بصرف النظر عن عد الكلمات والأحرف  يمكن أن يساعدك محررنا على الإنترنت في تحسين اختيار الكلمات وأسلوب الكتابة  ويساعدك اختياريا على اكتشاف الأخطاء النحوية والسرق اختبار كلمات معينة الأدبية للتحقق من عدد الكلمات  ما عليك سوى وضع المؤشر في مربع النص','سلوي نبيل',1684668142335,'551010333',NULL,'e38e2872-d469-401c-ae60-8173166d212d',NULL,_binary '\0','ACTIVE',NULL,1678811331819,'80c75aaa-ac72-4839-92d5-03d418a56384','+966551010333','keycloak',2),(329,'+966',NULL,1678811522469,'1_STCS_CUST','yjklk88@mailinator.com','jzGmW','MALE',NULL,NULL,'f94e0251-62d1-4aa4-bc55-c4334d3fa114',NULL,NULL,NULL,'531163664',168,'7939ff23-9066-4393-bd64-940c0d4d5a77',NULL,_binary '\0','ACTIVE',NULL,1678811522469,'b9da6058-6639-4086-9a45-1af7bd6f2520','+966531163664','keycloak',3),(330,'+966',NULL,1678824230557,'1_STCS_CUST','bmbep27@mailinator.com','vPIxI','MALE',NULL,NULL,'f94e0251-62d1-4aa4-bc55-c4334d3fa114',NULL,NULL,NULL,'554259070',168,'7939ff23-9066-4393-bd64-940c0d4d5a77',NULL,_binary '\0','ACTIVE',NULL,1678824230557,'c4a9b76c-8d33-4b76-9649-5fa5fb54cd34','+966554259070','keycloak',3),(331,'+966',NULL,1678824395485,'1_STCS_CUST','eeueue@ejeje.eee','weueue','MALE',NULL,NULL,'f94e0251-62d1-4aa4-bc55-c4334d3fa114',NULL,NULL,NULL,'518282838',NULL,'7939ff23-9066-4393-bd64-940c0d4d5a77',NULL,_binary '\0','ACTIVE',NULL,1678824395485,'01dd8357-5b11-441f-ac20-d0fe0888b044','+966518282838','keycloak',3),(332,'+966',NULL,1678824830259,'1_STCS_CUST','opuyq78@mailinator.com','lfarq','MALE',NULL,NULL,'f94e0251-62d1-4aa4-bc55-c4334d3fa114',NULL,NULL,NULL,'567859731',168,'7939ff23-9066-4393-bd64-940c0d4d5a77',NULL,_binary '\0','ACTIVE',NULL,1678824830259,'b51188c0-203f-409e-b39c-8c96922ad71e','+966567859731','keycloak',3),(333,'+966',NULL,1678825279955,'1_STCS_CUST','anxkw9@mailinator.com','gcuXn','MALE',NULL,NULL,'f94e0251-62d1-4aa4-bc55-c4334d3fa114',NULL,NULL,NULL,'595818311',NULL,'7939ff23-9066-4393-bd64-940c0d4d5a77',NULL,_binary '\0','ACTIVE',NULL,1678825279955,'880b107b-cfcd-483d-9106-74346110c874','+966595818311','keycloak',3),(335,'+966',NULL,1678835899862,NULL,'ttt@mailinator.com','qqqqq','MALE',NULL,NULL,NULL,NULL,NULL,NULL,'588883983',203,'ffe2c473-a581-4fd5-92e7-642ef72384a2',NULL,_binary '\0','ACTIVE',NULL,1678835899862,'7f73a860-455c-48dd-8437-d927b4daaa6c','+966588883983','keycloak',2),(336,'+966',NULL,1678866729718,'1_STCS_CUST','pdfth26@mailinator.com','rijeq','MALE',NULL,NULL,'f94e0251-62d1-4aa4-bc55-c4334d3fa114',NULL,NULL,NULL,'567176597',NULL,'7939ff23-9066-4393-bd64-940c0d4d5a77',NULL,_binary '\0','ACTIVE',NULL,1678866729718,'9c46121b-09e0-4c18-a562-63b86096213d','+966567176597','keycloak',3),(337,'+966',NULL,1678866794877,'1_STCS_CUST','ryyrry@rhrhr.rir','rttr','MALE',NULL,NULL,'f94e0251-62d1-4aa4-bc55-c4334d3fa114',NULL,NULL,NULL,'516363646',NULL,'2441ea00-05a9-49fd-aa0f-68ea4dc838e2',NULL,_binary '\0','ACTIVE',NULL,1678866794877,'8cc6d25d-a7fd-4d82-bc50-4101438fe537','+966516363646','keycloak',5),(338,'+966','57fbc5d8-fd35-4f70-9108-942797772e18',1678868610452,'1_STCS_CUST','AutoUserQPyRQ@mailinator.com','AutoUsergnpou','MALE','EMPLOYEE',NULL,'29ba628f-a208-4da6-958a-c7764c413729',NULL,NULL,NULL,'504662589',168,'d69a993b-0803-492b-b429-cdd0e83e7538',NULL,_binary '\0','ACTIVE','57fbc5d8-fd35-4f70-9108-942797772e18',1678868610452,'e4f59399-d751-4cd6-96a2-ae98e5234639','+966504662589','keycloak',6),(339,'+966','57fbc5d8-fd35-4f70-9108-942797772e18',1678868774439,'1_STCS_CUST','AutoUseriqMwG@mailinator.com','AutoUserEgQCv','MALE','EMPLOYEE',NULL,'29ba628f-a208-4da6-958a-c7764c413729',NULL,NULL,NULL,'506298979',168,'d69a993b-0803-492b-b429-cdd0e83e7538',NULL,_binary '\0','ACTIVE','57fbc5d8-fd35-4f70-9108-942797772e18',1678868774439,'72d2c244-b3d3-4efe-9fd9-21dae17a5c73','+966506298979','keycloak',6),(340,'+20',NULL,1678874574756,NULL,'ayaomarstag@mailinator.com','ayaomarstag','MALE',NULL,NULL,NULL,'test','admin@esports.sa',1684666212183,'1010688447',3,'e38e2872-d469-401c-ae60-8173166d212d',NULL,_binary '\0','ACTIVE',NULL,1678874574756,'0842a332-ba77-4d15-84d0-0842f8ba3846','+201010688447','keycloak',2),(341,'+966','57fbc5d8-fd35-4f70-9108-942797772e18',1678901190019,'1_STCS_CUST','plo@mailinator.com','plo','MALE','EMPLOYEE',NULL,'f94e0251-62d1-4aa4-bc55-c4334d3fa114',NULL,NULL,NULL,'545345333',NULL,'78c8722a-f9ca-402e-90ae-1ba1bf06b706',NULL,_binary '\0','ACTIVE','57fbc5d8-fd35-4f70-9108-942797772e18',1678901190019,'f56100c9-61bd-4b27-afb4-7de07928c85e','+966545345333','keycloak',6),(342,'+966',NULL,1678904481121,'1_STCS_CUST','zaysr50@mailinator.com','YzPPB','MALE',NULL,NULL,'f94e0251-62d1-4aa4-bc55-c4334d3fa114',NULL,NULL,NULL,'569593891',NULL,'7939ff23-9066-4393-bd64-940c0d4d5a77',NULL,_binary '\0','ACTIVE',NULL,1678904481121,'cf5a8a84-8641-410f-a171-32d7b462076e','+966569593891','keycloak',3),(343,'+966',NULL,1678905112111,'1_STCS_CUST','qumna89@mailinator.com','uPrdx','MALE',NULL,NULL,'f94e0251-62d1-4aa4-bc55-c4334d3fa114',NULL,NULL,NULL,'560546515',168,'7939ff23-9066-4393-bd64-940c0d4d5a77',NULL,_binary '\0','ACTIVE',NULL,1678905112111,'008c05c7-136f-469e-bb59-d910fa16e81c','+966560546515','keycloak',3),(344,'+966',NULL,1678905473621,'1_STCS_CUST','zztrf54@mailinator.com','DqnvW','MALE',NULL,NULL,'f94e0251-62d1-4aa4-bc55-c4334d3fa114',NULL,NULL,NULL,'564997466',168,'7939ff23-9066-4393-bd64-940c0d4d5a77',NULL,_binary '\0','ACTIVE',NULL,1678905473621,'edf8d785-a23e-4247-97f1-8a777c62277c','+966564997466','keycloak',3),(345,'+966','57fbc5d8-fd35-4f70-9108-942797772e18',1678911783057,'1_STCS_CUST','ema@mailinator.com','ema','MALE','EMPLOYEE',NULL,'f94e0251-62d1-4aa4-bc55-c4334d3fa114',NULL,NULL,NULL,'534544433',NULL,'78c8722a-f9ca-402e-90ae-1ba1bf06b706',NULL,_binary '\0','ACTIVE','57fbc5d8-fd35-4f70-9108-942797772e18',1678911783057,'e768109e-5fb3-49c2-bb79-e845ad355be9','+966534544433','keycloak',6),(346,'+966',NULL,1678913071086,'1_STCS_CUST','tamqj28@mailinator.com','ZEqPq','MALE',NULL,NULL,'f94e0251-62d1-4aa4-bc55-c4334d3fa114',NULL,NULL,NULL,'561900086',168,'7939ff23-9066-4393-bd64-940c0d4d5a77',NULL,_binary '\0','ACTIVE',NULL,1678913071086,'c229b7f8-f8d5-456e-9c05-c37424d31aac','+966561900086','keycloak',3),(347,'+966',NULL,1678915308821,'1_STCS_CUST','ksoyo49@mailinator.com','ToKwV','MALE',NULL,NULL,'f94e0251-62d1-4aa4-bc55-c4334d3fa114',NULL,NULL,NULL,'565686730',168,'7939ff23-9066-4393-bd64-940c0d4d5a77',NULL,_binary '\0','ACTIVE',NULL,1678915308821,'1c096293-904c-4672-95bd-fd3a786f141f','+966565686730','keycloak',3),(348,'+966',NULL,1678918237636,'1_STCS_CUST','iekhm15@mailinator.com','mwuDP','MALE',NULL,NULL,'f94e0251-62d1-4aa4-bc55-c4334d3fa114',NULL,NULL,NULL,'565767795',168,'afce018e-db73-4491-918a-fdc3f260351c',NULL,_binary '\0','ACTIVE',NULL,1678918237636,'68fe5784-94ac-4b7a-b08b-6986e90b4b35','+966565767795','keycloak',4),(349,'+966',NULL,1678969422880,NULL,'yasmine345@clubowner.com','club autooxxx','MALE',NULL,NULL,NULL,NULL,NULL,NULL,'545698764',58,'ffe2c473-a581-4fd5-92e7-642ef72384a2',NULL,_binary '\0','ACTIVE',NULL,1678969422880,'114a8380-974d-48c0-975c-88d903e70b2a','+966545698764','keycloak',2),(350,'+966',NULL,1678973586705,NULL,'tutwp92@mailinator.com','pNtFO','MALE',NULL,NULL,NULL,NULL,NULL,NULL,'516321572',58,'ffe2c473-a581-4fd5-92e7-642ef72384a2',NULL,_binary '\0','ACTIVE',NULL,1678973586705,'860bc2dd-1532-4dfb-96d2-85fb0658d48d','+966516321572','keycloak',2),(351,'+966',NULL,1678975314326,'1_STCS_CUST','qsxct54@mailinator.com','gCXkn','MALE',NULL,NULL,'f94e0251-62d1-4aa4-bc55-c4334d3fa114',NULL,NULL,NULL,'569911010',168,'afce018e-db73-4491-918a-fdc3f260351c',NULL,_binary '\0','ACTIVE',NULL,1678975314326,'e70f5628-4b46-4687-8e65-4b83b4a1c5e2','+966569911010','keycloak',4),(352,'+966',NULL,1678976609672,'1_STCS_CUST','vxomh65@mailinator.com','XdLjU','MALE',NULL,NULL,'f94e0251-62d1-4aa4-bc55-c4334d3fa114',NULL,NULL,NULL,'564290060',168,'afce018e-db73-4491-918a-fdc3f260351c',NULL,_binary '\0','ACTIVE',NULL,1678976609672,'d3aaf4c8-9b88-415d-896a-73ef0deb24c6','+966564290060','keycloak',4),(353,'+966',NULL,1678977212894,'1_STCS_CUST','tpvpa44@mailinator.com','FVzHP','MALE',NULL,NULL,'f94e0251-62d1-4aa4-bc55-c4334d3fa114',NULL,NULL,NULL,'560143237',168,'afce018e-db73-4491-918a-fdc3f260351c',NULL,_binary '\0','ACTIVE',NULL,1678977212894,'59a9b978-6bb8-4305-aaf2-3ff637b66fbb','+966560143237','keycloak',4),(354,'+966',NULL,1678977716729,'1_STCS_CUST','trdps87@mailinator.com','ezMjX','MALE',NULL,NULL,'f94e0251-62d1-4aa4-bc55-c4334d3fa114',NULL,NULL,NULL,'564175294',168,'afce018e-db73-4491-918a-fdc3f260351c',NULL,_binary '\0','ACTIVE',NULL,1678977716729,'52597102-b685-4a74-80a4-9d0fed7968b7','+966564175294','keycloak',4),(355,'+966',NULL,1678978067478,'1_STCS_CUST','dxskp10@mailinator.com','sUAeI','MALE',NULL,NULL,'f94e0251-62d1-4aa4-bc55-c4334d3fa114',NULL,NULL,NULL,'560384974',168,'afce018e-db73-4491-918a-fdc3f260351c',NULL,_binary '\0','ACTIVE',NULL,1678978067478,'d9158b2a-39e1-408a-b23b-8f3098f9a76b','+966560384974','keycloak',4),(356,'+966',NULL,1679216194145,'1_STCS_CUST','bqptp92@mailinator.com','RNYhi','MALE',NULL,NULL,'f94e0251-62d1-4aa4-bc55-c4334d3fa114',NULL,NULL,NULL,'566946558',168,'afce018e-db73-4491-918a-fdc3f260351c',NULL,_binary '\0','ACTIVE',NULL,1679216194145,'73f7beb2-bff5-40bc-8f8b-c37b68dc0045','+966566946558','keycloak',4),(357,'+966',NULL,1679224235315,NULL,'flagr93@mailinator.com','YHZQP','MALE',NULL,NULL,NULL,NULL,NULL,NULL,'562019467',58,'ffe2c473-a581-4fd5-92e7-642ef72384a2',NULL,_binary '\0','ACTIVE',NULL,1679224235315,'b0718307-0ded-4ca2-8347-2f75145ed44a','+966562019467','keycloak',2),(358,'+966',NULL,1679224853984,NULL,'tckzl57@mailinator.com','EAKth','MALE',NULL,NULL,NULL,NULL,NULL,NULL,'569780607',58,'ffe2c473-a581-4fd5-92e7-642ef72384a2',NULL,_binary '\0','ACTIVE',NULL,1679224853984,'b7a1cef8-da54-4721-a27f-be8d990e2f1b','+966569780607','keycloak',2),(359,'+966',NULL,1679228164030,NULL,'twtfj64@mailinator.com','VGjAk','MALE',NULL,NULL,NULL,NULL,NULL,NULL,'568294095',58,'ffe2c473-a581-4fd5-92e7-642ef72384a2',NULL,_binary '\0','ACTIVE',NULL,1679228164030,'1b8a4246-54e3-413e-a1ed-cbd45cf8bd69','+966568294095','keycloak',2),(360,'+966',NULL,1679228396380,NULL,'ivcfu61@mailinator.com','hAmwg','MALE',NULL,NULL,NULL,NULL,NULL,NULL,'564944080',58,'ffe2c473-a581-4fd5-92e7-642ef72384a2',NULL,_binary '\0','ACTIVE',NULL,1679228396380,'d252eed9-f119-48e1-b7c1-186e9b3702ac','+966564944080','keycloak',2),(361,'+20',NULL,1679254808711,'1_STCS_CUST','player1235@mailinator.com','player p','MALE',NULL,NULL,'f94e0251-62d1-4aa4-bc55-c4334d3fa114',NULL,NULL,NULL,'1014950729',NULL,'7939ff23-9066-4393-bd64-940c0d4d5a77',NULL,_binary '\0','ACTIVE',NULL,1679254808711,'3729aa24-c748-4ed0-8ac9-b858cb735b64','+201014950729','keycloak',3),(362,'+966',NULL,1679485882589,NULL,'socialclub@mailinator.com','socialclub','MALE',NULL,NULL,NULL,NULL,NULL,NULL,'537734773',168,'ffe2c473-a581-4fd5-92e7-642ef72384a2',NULL,_binary '\0','ACTIVE',NULL,1679485882589,'9ffdfd10-3cf8-4b75-a551-9d4c8fbe255d','+966537734773','keycloak',2),(363,'+966',NULL,1679779699198,NULL,'lpgvs94@mailinator.com','plgIS','FEMALE',NULL,NULL,NULL,NULL,NULL,NULL,'564813748',168,'ffe2c473-a581-4fd5-92e7-642ef72384a2',NULL,_binary '\0','ACTIVE',NULL,1679779699198,'62a6ef59-bf51-449e-9663-d2f75d1ec6ea','+966564813748','keycloak',2),(364,'+966',NULL,1679779942422,NULL,'fzawt23@mailinator.com','GQjAS','FEMALE',NULL,NULL,NULL,NULL,NULL,NULL,'562979314',168,'ffe2c473-a581-4fd5-92e7-642ef72384a2',NULL,_binary '\0','ACTIVE',NULL,1679779942422,'4f65d74c-a6b1-459d-ac26-665ad7b89799','+966562979314','keycloak',2),(365,'+966',NULL,1679824990543,NULL,'ltsns38@mailinator.com','GaKnR','FEMALE',NULL,NULL,NULL,NULL,NULL,NULL,'562875931',168,'ffe2c473-a581-4fd5-92e7-642ef72384a2',NULL,_binary '\0','ACTIVE',NULL,1679824990543,'366cb5d4-013d-46f7-acd3-0bb577f66b85','+966562875931','keycloak',2),(366,'+966',NULL,1679825588508,NULL,'neoeg15@mailinator.com','Pjadb','FEMALE',NULL,NULL,NULL,NULL,NULL,NULL,'561519854',168,'ffe2c473-a581-4fd5-92e7-642ef72384a2',NULL,_binary '\0','ACTIVE',NULL,1679825588508,'495e06d7-ee67-41c5-9f7b-6edf26a705be','+966561519854','keycloak',2),(367,'+966',NULL,1679825956508,NULL,'uocgg71@mailinator.com','JyNYm','FEMALE',NULL,NULL,NULL,NULL,NULL,NULL,'567377673',168,'ffe2c473-a581-4fd5-92e7-642ef72384a2',NULL,_binary '\0','ACTIVE',NULL,1679825956508,'dcc1c4fd-4a4e-4220-8481-24c509cfe0b6','+966567377673','keycloak',2),(368,'+966',NULL,1679826418284,NULL,'ojjek12@mailinator.com','cAlyc','FEMALE',NULL,NULL,NULL,NULL,NULL,NULL,'560133439',168,'ffe2c473-a581-4fd5-92e7-642ef72384a2',NULL,_binary '\0','ACTIVE',NULL,1679826418284,'b9056df2-5a3b-4993-8c67-6298dac25e8e','+966560133439','keycloak',2),(369,'+966',NULL,1679827547386,NULL,'ivkfy75@mailinator.com','pKNBW','FEMALE',NULL,NULL,NULL,NULL,NULL,NULL,'560593708',168,'ffe2c473-a581-4fd5-92e7-642ef72384a2',NULL,_binary '\0','ACTIVE',NULL,1679827547386,'9ca00941-dec6-4935-b8c3-4683dd687e68','+966560593708','keycloak',2),(370,'+966',NULL,1679903245050,NULL,'jghpq88@mailinator.com','yBUYa','FEMALE',NULL,NULL,NULL,NULL,NULL,NULL,'563522644',168,'ffe2c473-a581-4fd5-92e7-642ef72384a2',NULL,_binary '\0','ACTIVE',NULL,1679903245050,'0414e43f-22da-4be8-8ba9-97823e9231d6','+966563522644','keycloak',2),(371,'+966',NULL,1679903537580,NULL,'resch13@mailinator.com','mNRSc','FEMALE',NULL,NULL,NULL,NULL,NULL,NULL,'564697382',168,'ffe2c473-a581-4fd5-92e7-642ef72384a2',NULL,_binary '\0','ACTIVE',NULL,1679903537580,'2c756631-5d0c-4edc-a77f-04ea564edeb5','+966564697382','keycloak',2),(372,'+966',NULL,1679903705614,NULL,'hsvef87@mailinator.com','Chqvj','FEMALE',NULL,NULL,NULL,NULL,NULL,NULL,'568859234',168,'ffe2c473-a581-4fd5-92e7-642ef72384a2',NULL,_binary '\0','ACTIVE',NULL,1679903705614,'0bd426dc-b369-4e0d-b9e7-78e3b115296b','+966568859234','keycloak',2),(373,'+966',NULL,1679904154807,'1_STCS_CUST','anrtu63@mailinator.com','Zfzap','MALE',NULL,NULL,'f94e0251-62d1-4aa4-bc55-c4334d3fa114',NULL,NULL,NULL,'561556077',168,'afce018e-db73-4491-918a-fdc3f260351c',NULL,_binary '\0','ACTIVE',NULL,1679904154807,'2405e1e6-2d64-4478-a62e-546ff005a0df','+966561556077','keycloak',4),(374,'+966',NULL,1679904365165,'1_STCS_CUST','ysrbi62@mailinator.com','HGFwK','MALE',NULL,NULL,'f94e0251-62d1-4aa4-bc55-c4334d3fa114',NULL,NULL,NULL,'565239988',168,'afce018e-db73-4491-918a-fdc3f260351c',NULL,_binary '\0','ACTIVE',NULL,1679904365165,'e216643a-d4c3-47b9-a629-28625eb3e044','+966565239988','keycloak',4),(375,'+966',NULL,1679904663659,'1_STCS_CUST','ihaes9@mailinator.com','jFKrq','MALE',NULL,NULL,'f94e0251-62d1-4aa4-bc55-c4334d3fa114',NULL,NULL,NULL,'565144109',168,'afce018e-db73-4491-918a-fdc3f260351c',NULL,_binary '\0','ACTIVE',NULL,1679904663659,'bb0b6dfb-cd07-422c-abae-3eaec6bcbdc5','+966565144109','keycloak',4),(376,'+966',NULL,1679904791592,NULL,'akzxe44@mailinator.com','gQfLc','FEMALE',NULL,NULL,NULL,NULL,NULL,NULL,'561026099',168,'ffe2c473-a581-4fd5-92e7-642ef72384a2',NULL,_binary '\0','ACTIVE',NULL,1679904791593,'d0864a88-80ed-4db2-aab6-99545d70d6dd','+966561026099','keycloak',2),(377,'+966',NULL,1679904996747,NULL,'gfuvk27@mailinator.com','BRFIB','FEMALE',NULL,NULL,NULL,NULL,NULL,NULL,'563138967',168,'ffe2c473-a581-4fd5-92e7-642ef72384a2',NULL,_binary '\0','ACTIVE',NULL,1679904996747,'cac09281-8fa9-4c98-9fb8-d0759092d9ca','+966563138967','keycloak',2),(378,'+966',NULL,1679918798880,NULL,'wigze52@mailinator.com','fcUuS','MALE',NULL,NULL,NULL,NULL,NULL,NULL,'567751713',58,'ffe2c473-a581-4fd5-92e7-642ef72384a2',NULL,_binary '\0','ACTIVE',NULL,1679918798880,'ecfed6c6-6009-4d04-9de7-10b090132757','+966567751713','keycloak',2),(379,'+20',NULL,1679924917632,NULL,'ayaclubowner@mailinator.com','ayaclubowner','FEMALE',NULL,NULL,NULL,NULL,NULL,NULL,'1037645636',3,'e38e2872-d469-401c-ae60-8173166d212d',NULL,_binary '\0','ACTIVE',NULL,1679924917632,'2c6f068e-7e78-43a5-a49e-1ec47ec2f8ed','+201037645636','keycloak',2),(380,'+966',NULL,1679990505694,NULL,'atojo12@mailinator.com','tyZSd','MALE',NULL,NULL,NULL,NULL,NULL,NULL,'562761849',58,'ffe2c473-a581-4fd5-92e7-642ef72384a2',NULL,_binary '\0','ACTIVE',NULL,1679990505694,'d503575c-5965-4e75-af40-f31344770850','+966562761849','keycloak',2),(381,'+966',NULL,1679990561777,NULL,'iernx63@mailinator.com','nkvUb','MALE',NULL,NULL,NULL,NULL,NULL,NULL,'565999739',58,'ffe2c473-a581-4fd5-92e7-642ef72384a2',NULL,_binary '\0','ACTIVE',NULL,1679990561777,'0a37db97-0fb8-4e70-85ac-fc884936f904','+966565999739','keycloak',2),(382,'+966',NULL,1679991052790,NULL,'mtqyo41@mailinator.com','BIODj','MALE',NULL,NULL,NULL,NULL,NULL,NULL,'561724314',58,'ffe2c473-a581-4fd5-92e7-642ef72384a2',NULL,_binary '\0','ACTIVE',NULL,1679991052790,'33dbbafe-3d1e-44b2-a458-c2c5caa7ea9d','+966561724314','keycloak',2),(383,'+966',NULL,1679994139248,'1_STCS_CUST','waqyx30@mailinator.com','TdwKX','MALE',NULL,NULL,'f94e0251-62d1-4aa4-bc55-c4334d3fa114',NULL,NULL,NULL,'565241107',168,'afce018e-db73-4491-918a-fdc3f260351c',NULL,_binary '\0','ACTIVE',NULL,1679994139248,'e70b58e7-ce4b-4c8f-8dc6-f1d4df151161','+966565241107','keycloak',4),(384,'+966',NULL,1679994437293,'1_STCS_CUST','cswjr73@mailinator.com','LcMUI','MALE',NULL,NULL,'f94e0251-62d1-4aa4-bc55-c4334d3fa114',NULL,NULL,NULL,'563257552',168,'afce018e-db73-4491-918a-fdc3f260351c',NULL,_binary '\0','ACTIVE',NULL,1679994437293,'878638d7-195a-4213-b89e-9375031d81b6','+966563257552','keycloak',4),(385,'+966',NULL,1679994819664,'1_STCS_CUST','mnvfq76@mailinator.com','gzifL','MALE',NULL,NULL,'f94e0251-62d1-4aa4-bc55-c4334d3fa114',NULL,NULL,NULL,'566345272',168,'afce018e-db73-4491-918a-fdc3f260351c',NULL,_binary '\0','ACTIVE',NULL,1679994819664,'392734a4-9a9a-4617-acb3-eba71c2c1e88','+966566345272','keycloak',4),(386,'+966',NULL,1680000781028,NULL,'tznbn58@mailinator.com','tiXCl','FEMALE',NULL,NULL,NULL,NULL,NULL,NULL,'568249136',168,'ffe2c473-a581-4fd5-92e7-642ef72384a2',NULL,_binary '\0','ACTIVE',NULL,1680000781028,'69390d75-ea9c-446a-956c-ae46afd1c46a','+966568249136','keycloak',2),(387,'+966',NULL,1680002264631,NULL,'nsyun73@mailinator.com','KLyZC','FEMALE',NULL,NULL,NULL,NULL,NULL,NULL,'562447544',168,'ffe2c473-a581-4fd5-92e7-642ef72384a2',NULL,_binary '\0','ACTIVE',NULL,1680002264631,'370b31f3-65fd-4fa6-b39f-c3cf6fe66bb5','+966562447544','keycloak',2),(388,'+966',NULL,1680002375783,'1_STCS_CUST','hurxo57@mailinator.com','Qgtll','MALE',NULL,NULL,'f94e0251-62d1-4aa4-bc55-c4334d3fa114',NULL,NULL,NULL,'561511254',168,'7939ff23-9066-4393-bd64-940c0d4d5a77',NULL,_binary '\0','ACTIVE',NULL,1680002375783,'fb1df1e0-0644-4b25-b6d4-0ce6ea23cbef','+966561511254','keycloak',3),(389,'+966',NULL,1680002461419,'1_STCS_CUST','syqbx48@mailinator.com','sonok','MALE',NULL,NULL,'f94e0251-62d1-4aa4-bc55-c4334d3fa114',NULL,NULL,NULL,'561732127',168,'afce018e-db73-4491-918a-fdc3f260351c',NULL,_binary '\0','ACTIVE',NULL,1680002461419,'2791479e-8eb5-4841-8ee3-9b66cebd87c8','+966561732127','keycloak',4),(390,'+966',NULL,1680002544908,'1_STCS_CUST','hlgpl30@mailinator.com','JCDpA','MALE',NULL,NULL,'f94e0251-62d1-4aa4-bc55-c4334d3fa114',NULL,NULL,NULL,'560808351',168,'2441ea00-05a9-49fd-aa0f-68ea4dc838e2',NULL,_binary '\0','ACTIVE',NULL,1680002544908,'1883ecc1-a261-492a-abd9-bfa762355fe2','+966560808351','keycloak',5),(391,'+966',NULL,1680003605015,NULL,'zdhsd54@mailinator.com','SAwur','FEMALE',NULL,NULL,NULL,NULL,NULL,NULL,'567317136',168,'ffe2c473-a581-4fd5-92e7-642ef72384a2',NULL,_binary '\0','ACTIVE',NULL,1680003605015,'5fc25e14-bfde-4e84-9353-732e94697b93','+966567317136','keycloak',2),(392,'+966',NULL,1680003708352,'1_STCS_CUST','ulaxi75@mailinator.com','IQoMy','MALE',NULL,NULL,'f94e0251-62d1-4aa4-bc55-c4334d3fa114',NULL,NULL,NULL,'566290597',168,'7939ff23-9066-4393-bd64-940c0d4d5a77',NULL,_binary '\0','ACTIVE',NULL,1680003708352,'e80f7f4c-a173-4e98-9ca2-0929a0f26ab2','+966566290597','keycloak',3),(393,'+966',NULL,1680003795246,'1_STCS_CUST','iocni64@mailinator.com','cVxcW','MALE',NULL,NULL,'f94e0251-62d1-4aa4-bc55-c4334d3fa114',NULL,NULL,NULL,'568343390',168,'afce018e-db73-4491-918a-fdc3f260351c',NULL,_binary '\0','ACTIVE',NULL,1680003795246,'a1f5fc74-0261-4810-aea5-706c502bbb81','+966568343390','keycloak',4),(394,'+966',NULL,1680004381841,'1_STCS_CUST','ytfny95@mailinator.com','xLupr','MALE',NULL,NULL,'f94e0251-62d1-4aa4-bc55-c4334d3fa114',NULL,NULL,NULL,'563557126',168,'2441ea00-05a9-49fd-aa0f-68ea4dc838e2',NULL,_binary '\0','ACTIVE',NULL,1680004381841,'438947b8-332f-4a79-b7b5-9b5097cd6e0d','+966563557126','keycloak',5),(395,'+966',NULL,1680005231706,NULL,'pzbvt46@mailinator.com','lnDOa','FEMALE',NULL,NULL,NULL,NULL,NULL,NULL,'569513554',168,'ffe2c473-a581-4fd5-92e7-642ef72384a2',NULL,_binary '\0','ACTIVE',NULL,1680005231706,'e1d30275-e8a0-44d7-8ad7-af45521f19fc','+966569513554','keycloak',2),(396,'+966',NULL,1680005326060,'1_STCS_CUST','bisqu82@mailinator.com','Hihuz','MALE',NULL,NULL,'f94e0251-62d1-4aa4-bc55-c4334d3fa114',NULL,NULL,NULL,'566484160',168,'7939ff23-9066-4393-bd64-940c0d4d5a77',NULL,_binary '\0','ACTIVE',NULL,1680005326060,'64da5e9c-7937-420b-849f-2a9e7f91c9cd','+966566484160','keycloak',3),(397,'+966',NULL,1680005810200,NULL,'sysul50@mailinator.com','MphVC','FEMALE',NULL,NULL,NULL,NULL,NULL,NULL,'564569226',168,'ffe2c473-a581-4fd5-92e7-642ef72384a2',NULL,_binary '\0','ACTIVE',NULL,1680005810200,'f52fe9e5-14bf-44a3-a47e-59f3c4dd4c45','+966564569226','keycloak',2),(398,'+966',NULL,1680005908092,'1_STCS_CUST','pqgfv10@mailinator.com','JKJVv','MALE',NULL,NULL,'f94e0251-62d1-4aa4-bc55-c4334d3fa114',NULL,NULL,NULL,'563881233',168,'7939ff23-9066-4393-bd64-940c0d4d5a77',NULL,_binary '\0','ACTIVE',NULL,1680005908092,'48367fba-a642-4770-8894-1217679846e4','+966563881233','keycloak',3),(399,'+966',NULL,1680005916489,'1_STCS_CUST','zmvkv39@mailinator.com','gwQuV','MALE',NULL,NULL,'f94e0251-62d1-4aa4-bc55-c4334d3fa114',NULL,NULL,NULL,'563734469',168,'afce018e-db73-4491-918a-fdc3f260351c',NULL,_binary '\0','ACTIVE',NULL,1680005916489,'e2a055a3-8261-433e-8c3b-4fb4fa37280e','+966563734469','keycloak',4),(400,'+966',NULL,1680005979462,'1_STCS_CUST','pqsls53@mailinator.com','CxgoH','MALE',NULL,NULL,'f94e0251-62d1-4aa4-bc55-c4334d3fa114',NULL,NULL,NULL,'565883566',168,'afce018e-db73-4491-918a-fdc3f260351c',NULL,_binary '\0','ACTIVE',NULL,1680005979462,'6037470f-9536-4bed-9b6a-7fc02453397b','+966565883566','keycloak',4),(401,'+966',NULL,1680006062841,'1_STCS_CUST','xuelk30@mailinator.com','zaYxd','MALE',NULL,NULL,'f94e0251-62d1-4aa4-bc55-c4334d3fa114',NULL,NULL,NULL,'569613033',168,'2441ea00-05a9-49fd-aa0f-68ea4dc838e2',NULL,_binary '\0','ACTIVE',NULL,1680006062841,'c97bf996-b854-4964-ad5d-f7b6889fea3b','+966569613033','keycloak',5),(402,'+966',NULL,1680006456677,NULL,'ydews55@mailinator.com','ardOC','FEMALE',NULL,NULL,NULL,NULL,NULL,NULL,'560369935',168,'ffe2c473-a581-4fd5-92e7-642ef72384a2',NULL,_binary '\0','ACTIVE',NULL,1680006456677,'f79816c3-bd58-49a1-8343-c6aff7c8f61d','+966560369935','keycloak',2),(403,'+966',NULL,1680006504139,'1_STCS_CUST','jprhz52@mailinator.com','yNvqU','MALE',NULL,NULL,'f94e0251-62d1-4aa4-bc55-c4334d3fa114',NULL,NULL,NULL,'566049605',168,'2441ea00-05a9-49fd-aa0f-68ea4dc838e2',NULL,_binary '\0','ACTIVE',NULL,1680006504139,'a3dff4ed-b258-4512-a146-9b3ab4be4014','+966566049605','keycloak',5),(404,'+966',NULL,1680006552831,'1_STCS_CUST','xzicj58@mailinator.com','KLSzG','MALE',NULL,NULL,'f94e0251-62d1-4aa4-bc55-c4334d3fa114',NULL,NULL,NULL,'563264949',168,'7939ff23-9066-4393-bd64-940c0d4d5a77',NULL,_binary '\0','ACTIVE',NULL,1680006552831,'b6852b4b-ef29-46d7-9238-d3fae4a6666e','+966563264949','keycloak',3),(405,'+966',NULL,1680006635382,'1_STCS_CUST','xmqpr86@mailinator.com','NcZgN','MALE',NULL,NULL,'f94e0251-62d1-4aa4-bc55-c4334d3fa114',NULL,NULL,NULL,'569925640',168,'afce018e-db73-4491-918a-fdc3f260351c',NULL,_binary '\0','ACTIVE',NULL,1680006635382,'7a79ef3d-c83d-43dc-ac5f-9d2e050e922e','+966569925640','keycloak',4),(406,'+966',NULL,1680006710737,'1_STCS_CUST','bweau98@mailinator.com','pWxVS','MALE',NULL,NULL,'f94e0251-62d1-4aa4-bc55-c4334d3fa114',NULL,NULL,NULL,'561708938',168,'2441ea00-05a9-49fd-aa0f-68ea4dc838e2',NULL,_binary '\0','ACTIVE',NULL,1680006710737,'b05594ab-06e8-4502-a9bf-bff2c43de817','+966561708938','keycloak',5),(407,'+966',NULL,1680007291151,NULL,'zrzlp61@mailinator.com','Krdjc','FEMALE',NULL,NULL,NULL,NULL,NULL,NULL,'563294459',168,'ffe2c473-a581-4fd5-92e7-642ef72384a2',NULL,_binary '\0','ACTIVE',NULL,1680007291151,'c3d9d882-5a74-466f-a259-0a9da1bb8826','+966563294459','keycloak',2),(408,'+966',NULL,1680007386573,'1_STCS_CUST','gfxfp56@mailinator.com','EMYpD','MALE',NULL,NULL,'f94e0251-62d1-4aa4-bc55-c4334d3fa114',NULL,NULL,NULL,'568557911',168,'7939ff23-9066-4393-bd64-940c0d4d5a77',NULL,_binary '\0','ACTIVE',NULL,1680007386573,'f735057e-3b2b-4631-bb76-9dddeec55e3f','+966568557911','keycloak',3),(409,'+966',NULL,1680007474404,'1_STCS_CUST','zilmx52@mailinator.com','ULzoA','MALE',NULL,NULL,'f94e0251-62d1-4aa4-bc55-c4334d3fa114',NULL,NULL,NULL,'569515732',168,'afce018e-db73-4491-918a-fdc3f260351c',NULL,_binary '\0','ACTIVE',NULL,1680007474404,'2bc0c321-26a9-4785-a5a6-bb1328a4bee3','+966569515732','keycloak',4),(410,'+966',NULL,1680007564841,'1_STCS_CUST','uxbqg90@mailinator.com','lFeYD','MALE',NULL,NULL,'f94e0251-62d1-4aa4-bc55-c4334d3fa114',NULL,NULL,NULL,'560159192',168,'2441ea00-05a9-49fd-aa0f-68ea4dc838e2',NULL,_binary '\0','ACTIVE',NULL,1680007564841,'915904ad-bd41-45d1-b07e-e1064fbbb44b','+966560159192','keycloak',5),(411,'+966',NULL,1680083112319,NULL,'thouk47@mailinator.com','yUlAJ','FEMALE',NULL,NULL,NULL,NULL,NULL,NULL,'564481017',168,'ffe2c473-a581-4fd5-92e7-642ef72384a2',NULL,_binary '\0','ACTIVE',NULL,1680083112319,'ee608f55-6fe9-4d8b-81a4-5b70769ddbb9','+966564481017','keycloak',2),(413,'+966',NULL,1680168843867,NULL,'epkqu48@mailinator.com','UzVYp','FEMALE',NULL,NULL,NULL,NULL,NULL,NULL,'565774472',168,'ffe2c473-a581-4fd5-92e7-642ef72384a2',NULL,_binary '\0','ACTIVE',NULL,1680168843867,'1905c7ae-ce99-4975-8ffc-ecaa5d381ff7','+966565774472','keycloak',2),(414,'+966','faeb2d88-a266-43a8-a5e5-944e135093f6',1680597356022,'1_STCS_CUST','autousercrm@mailinator.com','AutoUserCRM','MALE','EMPLOYEE',NULL,'a898d9a5-dccf-4925-9641-29df90b278b7',NULL,NULL,NULL,'567854321',57,'d69a993b-0803-492b-b429-cdd0e83e7538',NULL,_binary '\0','ACTIVE','faeb2d88-a266-43a8-a5e5-944e135093f6',1680597356022,'14427fde-a337-437e-b19e-8342c1268f48','+966567854321','keycloak',6),(416,'+966',NULL,1680685374873,NULL,'osicq62@mailinator.com','jCeFa','MALE',NULL,NULL,NULL,NULL,NULL,NULL,'561173580',58,'ffe2c473-a581-4fd5-92e7-642ef72384a2',NULL,_binary '\0','ACTIVE',NULL,1680685374873,'4b90041d-fad8-4fd6-885e-386efc95fa91','+966561173580','keycloak',2),(417,'+966',NULL,1680685787540,NULL,'txbro20@mailinator.com','wOpKH','MALE',NULL,NULL,NULL,NULL,NULL,NULL,'568423475',58,'ffe2c473-a581-4fd5-92e7-642ef72384a2',NULL,_binary '\0','ACTIVE',NULL,1680685787540,'65061733-5759-4f23-86b1-0d3c7045d925','+966568423475','keycloak',2),(418,'+966',NULL,1680685986047,NULL,'bkadw59@mailinator.com','blYUq','MALE',NULL,NULL,NULL,NULL,NULL,NULL,'560026230',58,'ffe2c473-a581-4fd5-92e7-642ef72384a2',NULL,_binary '\0','ACTIVE',NULL,1680685986047,'3d23e481-20b9-4daf-b5a7-9abdf4d2f38d','+966560026230','keycloak',2),(419,'+966',NULL,1680686298579,NULL,'lblwu51@mailinator.com','SrcoW','MALE',NULL,NULL,NULL,NULL,NULL,NULL,'565091484',58,'ffe2c473-a581-4fd5-92e7-642ef72384a2',NULL,_binary '\0','ACTIVE',NULL,1680686298579,'64255bcc-4fe6-44ff-a8b9-c62e88a332d8','+966565091484','keycloak',2),(420,'+966',NULL,1680686553556,NULL,'yhhcb96@mailinator.com','apbph','MALE',NULL,NULL,NULL,NULL,NULL,NULL,'569679930',58,'ffe2c473-a581-4fd5-92e7-642ef72384a2',NULL,_binary '\0','ACTIVE',NULL,1680686553556,'b180112f-c198-449a-8300-9e1ee503ab57','+966569679930','keycloak',2),(423,'+966',NULL,1680687488781,NULL,'tfukf93@mailinator.com','EZwav','MALE',NULL,NULL,NULL,NULL,NULL,NULL,'560640471',58,'ffe2c473-a581-4fd5-92e7-642ef72384a2',NULL,_binary '\0','ACTIVE',NULL,1680687488781,'6d57b950-7b33-43ac-bd3f-52326ff8e40f','+966560640471','keycloak',2),(427,'+966',NULL,1680693750450,NULL,'vztiz25@mailinator.com','yTOkI','MALE',NULL,NULL,NULL,NULL,NULL,NULL,'562197702',58,'ffe2c473-a581-4fd5-92e7-642ef72384a2',NULL,_binary '\0','ACTIVE',NULL,1680693750450,'98050c4c-f5ae-4b54-baa5-c25028711f10','+966562197702','keycloak',2),(431,'+966',NULL,1680696550998,NULL,'usqsu2@mailinator.com','jPPai','MALE',NULL,NULL,NULL,NULL,NULL,NULL,'561329872',58,'ffe2c473-a581-4fd5-92e7-642ef72384a2',NULL,_binary '\0','ACTIVE',NULL,1680696550998,'fa7bc1ed-e6b3-4fbd-ab69-5a47efbcd16b','+966561329872','keycloak',2),(433,'+966',NULL,1680697391508,NULL,'nvzwi98@mailinator.com','RzrEQ','MALE',NULL,NULL,NULL,NULL,NULL,NULL,'563540971',58,'ffe2c473-a581-4fd5-92e7-642ef72384a2',NULL,_binary '\0','ACTIVE',NULL,1680697391508,'44ffc0a4-a3cc-428e-9a77-2eb5272c65a8','+966563540971','keycloak',2),(434,'+966',NULL,1680697614289,NULL,'vjwei4@mailinator.com','itlyJ','MALE',NULL,NULL,NULL,NULL,NULL,NULL,'563693079',58,'ffe2c473-a581-4fd5-92e7-642ef72384a2',NULL,_binary '\0','ACTIVE',NULL,1680697614289,'4cfeaecd-2b31-4e60-a9c1-1fc129f2efa7','+966563693079','keycloak',2),(436,'+966',NULL,1680767531044,NULL,'wmizf8@mailinator.com','jkQrL','MALE',NULL,NULL,NULL,NULL,NULL,NULL,'566590493',58,'ffe2c473-a581-4fd5-92e7-642ef72384a2',NULL,_binary '\0','ACTIVE',NULL,1680767531044,'04899a37-98e7-4695-92d0-8dd1ee9278e1','+966566590493','keycloak',2),(440,'+966',NULL,1680768710353,NULL,'gzdrq46@mailinator.com','QyEOc','MALE',NULL,NULL,NULL,NULL,NULL,NULL,'567294754',58,'ffe2c473-a581-4fd5-92e7-642ef72384a2',NULL,_binary '\0','ACTIVE',NULL,1680768710353,'0867ffc8-a51d-4507-8106-ff8919b82e2f','+966567294754','keycloak',2),(449,'+966',NULL,1680773019983,NULL,'bdokr21@mailinator.com','TUYqh','MALE',NULL,NULL,NULL,NULL,NULL,NULL,'563403444',58,'ffe2c473-a581-4fd5-92e7-642ef72384a2',NULL,_binary '\0','ACTIVE',NULL,1680773019983,'16c2403d-f37c-4a17-8357-8b7f55119be7','+966563403444','keycloak',2),(454,'+966',NULL,1680774084463,NULL,'yqltd80@mailinator.com','jlmZj','MALE',NULL,NULL,NULL,NULL,NULL,NULL,'563826104',58,'e38e2872-d469-401c-ae60-8173166d212d',NULL,_binary '\0','ACTIVE',NULL,1680774084463,'291355ec-b1d3-4888-bee4-13c62a7cd149','+966563826104','keycloak',2),(455,'+966',NULL,1680775213427,NULL,'iwceh4@mailinator.com','evrGq','MALE',NULL,NULL,NULL,NULL,NULL,NULL,'566138837',58,'ffe2c473-a581-4fd5-92e7-642ef72384a2',NULL,_binary '\0','ACTIVE',NULL,1680775213427,'5c4523a9-5c38-4797-b263-23355a52505a','+966566138837','keycloak',2),(456,'+966',NULL,1680775959480,NULL,'approvedclub@mailinator.com','approveclub','MALE',NULL,NULL,NULL,NULL,NULL,NULL,'566655558',2,'e38e2872-d469-401c-ae60-8173166d212d',NULL,_binary '\0','ACTIVE',NULL,1680775959480,'f8c6dabd-6f3a-46f3-bf75-ea2005cd94f8','+966566655558','keycloak',2),(458,'+966',NULL,1680776684602,NULL,'actiontaken@miliantor.com','actiontaken','MALE',NULL,NULL,NULL,NULL,NULL,NULL,'555656666',2,'ffe2c473-a581-4fd5-92e7-642ef72384a2',NULL,_binary '\0','ACTIVE',NULL,1680776684602,'eb21293c-f78e-4993-9710-e472bd3904a1','+966555656666','keycloak',2),(459,'+966',NULL,1681116283417,NULL,'ktnzl4@mailinator.com','KsnVw','MALE',NULL,NULL,NULL,NULL,NULL,NULL,'565382290',58,'ffe2c473-a581-4fd5-92e7-642ef72384a2',NULL,_binary '\0','ACTIVE',NULL,1681116283417,'f17184e1-f384-4bbc-971b-c393bb2fa72c','+966565382290','keycloak',2),(460,'+966',NULL,1681117223503,NULL,'zpgxd18@mailinator.com','LwZOR','MALE',NULL,NULL,NULL,NULL,NULL,NULL,'561577429',58,'ffe2c473-a581-4fd5-92e7-642ef72384a2',NULL,_binary '\0','ACTIVE',NULL,1681117223503,'44cbb21e-6b6f-4edf-a9fa-accd5b32649e','+966561577429','keycloak',2),(461,'+966',NULL,1681118521642,NULL,'vhbwc21@mailinator.com','iWHUa','MALE',NULL,NULL,NULL,NULL,NULL,NULL,'563543332',58,'ffe2c473-a581-4fd5-92e7-642ef72384a2',NULL,_binary '\0','ACTIVE',NULL,1681118521642,'61bf1c7c-e646-4ac7-aafb-2ba8816fefc7','+966563543332','keycloak',2),(462,'+966',NULL,1681120152226,NULL,'luasw62@mailinator.com','ttqdj','MALE',NULL,NULL,NULL,NULL,NULL,NULL,'564665972',58,'ffe2c473-a581-4fd5-92e7-642ef72384a2',NULL,_binary '\0','ACTIVE',NULL,1681120152226,'b38a0032-5079-426f-ab9f-3e61826df638','+966564665972','keycloak',2),(463,'+966',NULL,1681120244675,NULL,'aclex0@mailinator.com','RNIVH','MALE',NULL,NULL,NULL,NULL,NULL,NULL,'561391807',58,'ffe2c473-a581-4fd5-92e7-642ef72384a2',NULL,_binary '\0','ACTIVE',NULL,1681120244675,'d14cace9-fd6b-45a9-866a-9a158ae94908','+966561391807','keycloak',2),(464,'+966',NULL,1681120417293,NULL,'dmuuy43@mailinator.com','fTIwH','MALE',NULL,NULL,NULL,NULL,NULL,NULL,'565578228',58,'ffe2c473-a581-4fd5-92e7-642ef72384a2',NULL,_binary '\0','ACTIVE',NULL,1681120417293,'1c4f41b7-f634-4c1a-8751-03e6e869692c','+966565578228','keycloak',2),(465,'+966',NULL,1681121104224,NULL,'dmoaf39@mailinator.com','jyVzw','MALE',NULL,NULL,NULL,NULL,NULL,NULL,'565039264',58,'ffe2c473-a581-4fd5-92e7-642ef72384a2',NULL,_binary '\0','ACTIVE',NULL,1681121104224,'1bafac01-01fd-4559-9ea3-543a4afd53a9','+966565039264','keycloak',2),(466,'+966',NULL,1681121226294,NULL,'ovkne50@mailinator.com','kPXCW','MALE',NULL,NULL,NULL,NULL,NULL,NULL,'564370242',58,'e38e2872-d469-401c-ae60-8173166d212d',NULL,_binary '\0','ACTIVE',NULL,1681121226294,'00680053-b835-42e4-b3ec-1a16c5fd061d','+966564370242','keycloak',2),(467,'+966',NULL,1681121381143,NULL,'cfzaf21@mailinator.com','EhTxI','MALE',NULL,NULL,NULL,NULL,NULL,NULL,'567053970',58,'e38e2872-d469-401c-ae60-8173166d212d',NULL,_binary '\0','ACTIVE',NULL,1681121381143,'96a3e8cd-e3f6-4473-b4c7-c963719f2971','+966567053970','keycloak',2),(468,'+966',NULL,1681127253631,NULL,'urxdz60@mailinator.com','WxEAD','MALE',NULL,NULL,NULL,NULL,NULL,NULL,'567215805',58,'e38e2872-d469-401c-ae60-8173166d212d',NULL,_binary '\0','ACTIVE',NULL,1681127253631,'3552c923-c881-48cc-bf01-2222cbd60491','+966567215805','keycloak',2),(469,'+966',NULL,1681129992449,NULL,'irvqz15@mailinator.com','jDecf','FEMALE',NULL,NULL,NULL,NULL,NULL,NULL,'569100116',168,'ffe2c473-a581-4fd5-92e7-642ef72384a2',NULL,_binary '\0','ACTIVE',NULL,1681129992449,'b5704d85-78bc-4308-95bc-9e03bc68cee7','+966569100116','keycloak',2),(470,'+966',NULL,1681130100285,'1_STCS_CUST','tkvak58@mailinator.com','ukVXj','MALE',NULL,NULL,'f94e0251-62d1-4aa4-bc55-c4334d3fa114',NULL,NULL,NULL,'560035015',168,'7939ff23-9066-4393-bd64-940c0d4d5a77',NULL,_binary '\0','ACTIVE',NULL,1681130100285,'1b24c621-168b-46ae-b5f7-f20dd9467e12','+966560035015','keycloak',3),(471,'+966',NULL,1681130189971,'1_STCS_CUST','dvdjd18@mailinator.com','czceC','MALE',NULL,NULL,'f94e0251-62d1-4aa4-bc55-c4334d3fa114',NULL,NULL,NULL,'563163833',168,'afce018e-db73-4491-918a-fdc3f260351c',NULL,_binary '\0','ACTIVE',NULL,1681130189971,'a30e3191-4a55-44a2-87cc-64d069779a23','+966563163833','keycloak',4),(472,'+966',NULL,1681130280252,'1_STCS_CUST','mxqxs56@mailinator.com','fRMkq','MALE',NULL,NULL,'f94e0251-62d1-4aa4-bc55-c4334d3fa114',NULL,NULL,NULL,'562931261',168,'2441ea00-05a9-49fd-aa0f-68ea4dc838e2',NULL,_binary '\0','ACTIVE',NULL,1681130280252,'343d5152-1f4e-441f-af02-61b87c49b191','+966562931261','keycloak',5),(475,'+966',NULL,1681131475380,NULL,'eziuq94@mailinator.com','eEuGQ','FEMALE',NULL,NULL,NULL,NULL,NULL,NULL,'562591335',168,'ffe2c473-a581-4fd5-92e7-642ef72384a2',NULL,_binary '\0','ACTIVE',NULL,1681131475380,'e3ec8640-9f04-4792-9aab-dad362e9e6e5','+966562591335','keycloak',2),(476,'+966',NULL,1681131584085,'1_STCS_CUST','ivzfn59@mailinator.com','IGAQn','MALE',NULL,NULL,'f94e0251-62d1-4aa4-bc55-c4334d3fa114',NULL,NULL,NULL,'562496005',168,'7939ff23-9066-4393-bd64-940c0d4d5a77',NULL,_binary '\0','ACTIVE',NULL,1681131584085,'d56e8680-e36b-44b7-9951-45f1dc67d6ec','+966562496005','keycloak',3),(477,'+966',NULL,1681131672844,'1_STCS_CUST','uhmbf15@mailinator.com','AQgFE','MALE',NULL,NULL,'f94e0251-62d1-4aa4-bc55-c4334d3fa114',NULL,NULL,NULL,'564872983',168,'afce018e-db73-4491-918a-fdc3f260351c',NULL,_binary '\0','ACTIVE',NULL,1681131672844,'c1a9f0a9-c13e-41f2-9926-afb15eff5ff3','+966564872983','keycloak',4),(478,'+966',NULL,1681131760634,'1_STCS_CUST','hbsuh97@mailinator.com','YIzgf','MALE',NULL,NULL,'f94e0251-62d1-4aa4-bc55-c4334d3fa114',NULL,NULL,NULL,'563951110',168,'2441ea00-05a9-49fd-aa0f-68ea4dc838e2',NULL,_binary '\0','ACTIVE',NULL,1681131760634,'136af737-506a-44e1-9324-33604edbf7c1','+966563951110','keycloak',5),(479,'+966',NULL,1681131793325,NULL,'sfxol73@mailinator.com','HhjqH','MALE',NULL,NULL,NULL,NULL,NULL,NULL,'567807162',58,'e38e2872-d469-401c-ae60-8173166d212d',NULL,_binary '\0','ACTIVE',NULL,1681131793325,'e68663e8-0533-4d79-9839-294b637e12b6','+966567807162','keycloak',2),(480,'+966',NULL,1681131859592,NULL,'aclir69@mailinator.com','RbhAn','MALE',NULL,NULL,NULL,NULL,NULL,NULL,'561213221',58,'e38e2872-d469-401c-ae60-8173166d212d',NULL,_binary '\0','ACTIVE',NULL,1681131859592,'5758cc76-fc12-439a-b0f9-db5952f5ae09','+966561213221','keycloak',2),(481,'+966',NULL,1681131995767,NULL,'chpez88@mailinator.com','lVabS','MALE',NULL,NULL,NULL,NULL,NULL,NULL,'562670169',58,'ffe2c473-a581-4fd5-92e7-642ef72384a2',NULL,_binary '\0','ACTIVE',NULL,1681131995767,'2add1f82-0c81-47e4-b308-304bd7c48b83','+966562670169','keycloak',2),(482,'+966',NULL,1681200332750,NULL,'tvbdp95@mailinator.com','jTCdp','FEMALE',NULL,NULL,NULL,NULL,NULL,NULL,'568910829',168,'ffe2c473-a581-4fd5-92e7-642ef72384a2',NULL,_binary '\0','ACTIVE',NULL,1681200332750,'eed79c51-a477-484b-87b7-ab1b3f60c268','+966568910829','keycloak',2),(483,'+966',NULL,1681200431591,'1_STCS_CUST','lbhed49@mailinator.com','XSzJJ','MALE',NULL,NULL,'f94e0251-62d1-4aa4-bc55-c4334d3fa114',NULL,NULL,NULL,'566246629',168,'7939ff23-9066-4393-bd64-940c0d4d5a77',NULL,_binary '\0','ACTIVE',NULL,1681200431591,'307a0fdc-2c83-4af9-b20c-076b492848ae','+966566246629','keycloak',3),(484,'+966',NULL,1681200520090,'1_STCS_CUST','jzpey54@mailinator.com','oSnfQ','MALE',NULL,NULL,'f94e0251-62d1-4aa4-bc55-c4334d3fa114',NULL,NULL,NULL,'566228349',168,'afce018e-db73-4491-918a-fdc3f260351c',NULL,_binary '\0','ACTIVE',NULL,1681200520090,'905103c9-d2c5-4bbe-b60f-87030f1b02fa','+966566228349','keycloak',4),(485,'+966',NULL,1681200608041,'1_STCS_CUST','viyhf88@mailinator.com','ZzTyg','MALE',NULL,NULL,'f94e0251-62d1-4aa4-bc55-c4334d3fa114',NULL,NULL,NULL,'566601146',168,'2441ea00-05a9-49fd-aa0f-68ea4dc838e2',NULL,_binary '\0','ACTIVE',NULL,1681200608041,'ba4e990b-ff09-4b5a-93be-04ad122428f4','+966566601146','keycloak',5),(486,'+966',NULL,1681200641262,NULL,'ztuyz92@mailinator.com','ibcdh','MALE',NULL,NULL,NULL,'dddddddddddddd','admin@esports.sa',1684663346320,'560098000',NULL,'e38e2872-d469-401c-ae60-8173166d212d',NULL,_binary '\0','ACTIVE',NULL,1681200641262,'7762d325-037a-4ecf-be92-74ffcf1f1651','+966560098000','keycloak',2),(487,'+966',NULL,1681200779209,NULL,'bopxv7@mailinator.com','iRXhR','MALE',NULL,NULL,NULL,NULL,NULL,NULL,'569446915',58,'ffe2c473-a581-4fd5-92e7-642ef72384a2',NULL,_binary '\0','ACTIVE',NULL,1681200779209,'2473f20a-8934-49a6-9c30-aab2b9e761b1','+966569446915','keycloak',2),(490,'+966',NULL,1681218599342,NULL,'izlfi36@mailinator.com','AVYkr','MALE',NULL,NULL,NULL,NULL,NULL,NULL,'567247570',58,'ffe2c473-a581-4fd5-92e7-642ef72384a2',NULL,_binary '\0','ACTIVE',NULL,1681218599342,'a38ee872-6894-4b5f-b6ee-8a8b815b2f69','+966567247570','keycloak',2),(491,'+966',NULL,1681218676986,NULL,'qlofp44@mailinator.com','hQKgj','MALE',NULL,NULL,NULL,NULL,NULL,NULL,'566509477',58,'ffe2c473-a581-4fd5-92e7-642ef72384a2',NULL,_binary '\0','ACTIVE',NULL,1681218676986,'ced884ae-2d9f-446c-8c03-d513253102f5','+966566509477','keycloak',2),(495,'+966',NULL,1681293521208,'1_STCS_CUST','aqbfx51@mailinator.com','UyHmZ','MALE',NULL,NULL,'f94e0251-62d1-4aa4-bc55-c4334d3fa114',NULL,NULL,NULL,'562862197',168,'7939ff23-9066-4393-bd64-940c0d4d5a77',NULL,_binary '\0','ACTIVE',NULL,1681293521208,'cea11677-e283-4d38-ae8b-d11e85739ae2','+966562862197','keycloak',3),(496,'+966',NULL,1681295675468,NULL,'oqhrt90@mailinator.com','oeKls','MALE',NULL,NULL,NULL,NULL,NULL,NULL,'563099425',58,'ffe2c473-a581-4fd5-92e7-642ef72384a2',NULL,_binary '\0','ACTIVE',NULL,1681295675468,'be10a743-c938-4cd7-8c98-f613cae9a56c','+966563099425','keycloak',2),(497,'+966',NULL,1681295723458,NULL,'dwjvq89@mailinator.com','mttmV','MALE',NULL,NULL,NULL,NULL,NULL,NULL,'566108337',58,'ffe2c473-a581-4fd5-92e7-642ef72384a2',NULL,_binary '\0','ACTIVE',NULL,1681295723458,'a0887736-bf8d-4b01-89d9-6b2258663a42','+966566108337','keycloak',2),(498,'+966',NULL,1681295907181,NULL,'jaruu51@mailinator.com','ynUlK','MALE',NULL,NULL,NULL,NULL,NULL,NULL,'568623133',58,'ffe2c473-a581-4fd5-92e7-642ef72384a2',NULL,_binary '\0','ACTIVE',NULL,1681295907181,'d98fb7fb-b949-4039-b02d-e5c2f3d7be45','+966568623133','keycloak',2),(499,'+966',NULL,1681296251537,NULL,'panze96@mailinator.com','jfPKu','MALE',NULL,NULL,NULL,NULL,NULL,NULL,'563710901',58,'ffe2c473-a581-4fd5-92e7-642ef72384a2',NULL,_binary '\0','ACTIVE',NULL,1681296251537,'674fe5e7-c8c4-4e09-90df-7768c31224af','+966563710901','keycloak',2),(501,'+966',NULL,1681296950096,NULL,'pmdwj35@mailinator.com','nzpFP','MALE',NULL,NULL,NULL,NULL,NULL,NULL,'568601093',58,'ffe2c473-a581-4fd5-92e7-642ef72384a2',NULL,_binary '\0','ACTIVE',NULL,1681296950096,'3d065ff9-d3fe-4af8-8fed-f9653b25277f','+966568601093','keycloak',2),(504,'+966',NULL,1681297683099,NULL,'varfe36@mailinator.com','iNgRj','FEMALE',NULL,NULL,NULL,NULL,NULL,NULL,'563158697',168,'ffe2c473-a581-4fd5-92e7-642ef72384a2',NULL,_binary '\0','ACTIVE',NULL,1681297683099,'c7692baf-fcb9-4473-bdc2-60fb44f898e6','+966563158697','keycloak',2),(507,'+966',NULL,1681376889923,NULL,'lxouf23@mailinator.com','KLKtx','MALE',NULL,NULL,NULL,NULL,NULL,NULL,'566961566',58,'ffe2c473-a581-4fd5-92e7-642ef72384a2',NULL,_binary '\0','ACTIVE',NULL,1681376889923,'dfc3ae99-ebfb-44d8-a6b6-6a00b1ba1c22','+966566961566','keycloak',2),(508,'+966',NULL,1681377457797,NULL,'qynpp94@mailinator.com','QPKAe','MALE',NULL,NULL,NULL,NULL,NULL,NULL,'560159422',58,'ffe2c473-a581-4fd5-92e7-642ef72384a2',NULL,_binary '\0','ACTIVE',NULL,1681377457797,'fa04b2e7-9579-45e5-b41d-5253725ccc6c','+966560159422','keycloak',2),(509,'+966',NULL,1681377689762,NULL,'jyxbp86@mailinator.com','znGZC','MALE',NULL,NULL,NULL,NULL,NULL,NULL,'563195061',58,'e38e2872-d469-401c-ae60-8173166d212d',NULL,_binary '\0','ACTIVE',NULL,1681377689762,'04f00851-0a85-485c-b05c-fd3574ccba3a','+966563195061','keycloak',2),(515,'+966',NULL,1681381271939,NULL,'ltyot45@mailinator.com','RIubU','MALE',NULL,NULL,NULL,NULL,NULL,NULL,'564331077',58,'ffe2c473-a581-4fd5-92e7-642ef72384a2',NULL,_binary '\0','ACTIVE',NULL,1681381271939,'577bdfbf-fd72-40ff-8128-2dff8cfd6f33','+966564331077','keycloak',2),(516,'+966',NULL,1681381410582,NULL,'zurwo74@mailinator.com','WVNit','MALE',NULL,NULL,NULL,NULL,NULL,NULL,'568359579',58,'ffe2c473-a581-4fd5-92e7-642ef72384a2',NULL,_binary '\0','ACTIVE',NULL,1681381410582,'fb0679f8-e1ec-4b02-8877-3510cc227135','+966568359579','keycloak',2),(518,'+966',NULL,1681382324362,NULL,'nqjrh61@mailinator.com','YkKsD','MALE',NULL,NULL,NULL,NULL,NULL,NULL,'561532020',58,'ffe2c473-a581-4fd5-92e7-642ef72384a2',NULL,_binary '\0','ACTIVE',NULL,1681382324362,'8d0cfc16-7af2-4465-a2a3-c9654e7de894','+966561532020','keycloak',2),(520,'+966',NULL,1681382420667,NULL,'cxvgq59@mailinator.com','huDOK','MALE',NULL,NULL,NULL,NULL,NULL,NULL,'560450251',58,'ffe2c473-a581-4fd5-92e7-642ef72384a2',NULL,_binary '\0','ACTIVE',NULL,1681382420667,'6598085c-ec18-47bb-ba4a-fa160c3dc0ba','+966560450251','keycloak',2),(521,'+966',NULL,1681382548050,NULL,'jifmn35@mailinator.com','HdTdG','MALE',NULL,NULL,NULL,NULL,NULL,NULL,'564521254',58,'ffe2c473-a581-4fd5-92e7-642ef72384a2',NULL,_binary '\0','ACTIVE',NULL,1681382548050,'d9519328-d9df-439d-a37b-2e5b598f97c5','+966564521254','keycloak',2),(523,'+966',NULL,1681382925022,NULL,'gusli39@mailinator.com','YSSJN','FEMALE',NULL,NULL,NULL,NULL,NULL,NULL,'565347354',168,'ffe2c473-a581-4fd5-92e7-642ef72384a2',NULL,_binary '\0','ACTIVE',NULL,1681382925022,'4d6bec5a-509c-491c-a643-11f2710d77ef','+966565347354','keycloak',2),(525,'+966',NULL,1681383372171,NULL,'qalen10@mailinator.com','ByUbt','MALE',NULL,NULL,NULL,NULL,NULL,NULL,'561283278',58,'ffe2c473-a581-4fd5-92e7-642ef72384a2',NULL,_binary '\0','ACTIVE',NULL,1681383372171,'bf164181-ba67-4913-a12a-90008a0ff3b9','+966561283278','keycloak',2),(526,'+966',NULL,1681383662773,NULL,'dtrde11@mailinator.com','MgtYr','MALE',NULL,NULL,NULL,NULL,NULL,NULL,'568685136',58,'e38e2872-d469-401c-ae60-8173166d212d',NULL,_binary '\0','ACTIVE',NULL,1681383662773,'b843e0ef-405a-4330-8622-b7affc859842','+966568685136','keycloak',2),(527,'+966',NULL,1681384336577,NULL,'gqbku76@mailinator.com','FXnQe','MALE',NULL,NULL,NULL,NULL,NULL,NULL,'564878672',58,'ffe2c473-a581-4fd5-92e7-642ef72384a2',NULL,_binary '\0','ACTIVE',NULL,1681384336577,'39925ede-a53e-47bd-9c83-2c2163f60526','+966564878672','keycloak',2),(528,'+966',NULL,1681384564825,NULL,'seeiy86@mailinator.com','BYcdf','MALE',NULL,NULL,NULL,NULL,NULL,NULL,'566342712',58,'e38e2872-d469-401c-ae60-8173166d212d',NULL,_binary '\0','ACTIVE',NULL,1681384564825,'5176db1e-0e56-4dda-97df-4701937443d0','+966566342712','keycloak',2),(529,'+966',NULL,1681385075645,NULL,'xxtax33@mailinator.com','JunPQ','FEMALE',NULL,NULL,NULL,NULL,NULL,NULL,'560466193',168,'ffe2c473-a581-4fd5-92e7-642ef72384a2',NULL,_binary '\0','ACTIVE',NULL,1681385075645,'4f9f4f83-e6e5-4435-a0c9-5c31beec67e8','+966560466193','keycloak',2),(530,'+966',NULL,1681385182472,'1_STCS_CUST','vlqjw9@mailinator.com','mZZqe','MALE',NULL,NULL,'f94e0251-62d1-4aa4-bc55-c4334d3fa114',NULL,NULL,NULL,'564468059',168,'7939ff23-9066-4393-bd64-940c0d4d5a77',NULL,_binary '\0','ACTIVE',NULL,1681385182472,'f02193a5-5870-45ed-b187-18fbcc375a03','+966564468059','keycloak',3),(531,'+966',NULL,1681385268900,'1_STCS_CUST','zaqpo10@mailinator.com','MzGvs','MALE',NULL,NULL,'f94e0251-62d1-4aa4-bc55-c4334d3fa114',NULL,NULL,NULL,'560392380',168,'afce018e-db73-4491-918a-fdc3f260351c',NULL,_binary '\0','ACTIVE',NULL,1681385268900,'f3aea8f1-9510-4a7f-90b7-795b1ea088bd','+966560392380','keycloak',4),(532,'+966',NULL,1681385357515,'1_STCS_CUST','nwchu53@mailinator.com','DHald','MALE',NULL,NULL,'f94e0251-62d1-4aa4-bc55-c4334d3fa114',NULL,NULL,NULL,'563641930',168,'2441ea00-05a9-49fd-aa0f-68ea4dc838e2',NULL,_binary '\0','ACTIVE',NULL,1681385357515,'1c46092a-f883-48e2-b41f-3c0a903550aa','+966563641930','keycloak',5),(533,'+966',NULL,1681385390103,NULL,'ketaf7@mailinator.com','XEPhx','MALE',NULL,NULL,NULL,NULL,NULL,NULL,'562523494',58,'e38e2872-d469-401c-ae60-8173166d212d',NULL,_binary '\0','ACTIVE',NULL,1681385390103,'334bbb51-7e3d-472e-8c6a-c1e190b5cded','+966562523494','keycloak',2),(534,'+966',NULL,1681385535960,NULL,'dafpa49@mailinator.com','KWMKf','MALE',NULL,NULL,NULL,NULL,NULL,NULL,'568183467',58,'ffe2c473-a581-4fd5-92e7-642ef72384a2',NULL,_binary '\0','ACTIVE',NULL,1681385535960,'b2692ee8-e43f-4962-8bbf-34eae17ca3a7','+966568183467','keycloak',2),(535,'+966',NULL,1681385697431,NULL,'acfiz96@mailinator.com','VVYuh','MALE',NULL,NULL,NULL,NULL,NULL,NULL,'561583227',58,'ffe2c473-a581-4fd5-92e7-642ef72384a2',NULL,_binary '\0','ACTIVE',NULL,1681385697431,'ff354cdf-4ac3-4523-aff9-40c832cbda6d','+966561583227','keycloak',2),(537,'+966',NULL,1681385881766,NULL,'fijjd80@mailinator.com','Wxeyx','FEMALE',NULL,NULL,NULL,NULL,NULL,NULL,'560021733',168,'ffe2c473-a581-4fd5-92e7-642ef72384a2',NULL,_binary '\0','ACTIVE',NULL,1681385881766,'1a2a76c5-d754-4848-a997-09c3ebd33a74','+966560021733','keycloak',2),(539,'+966',NULL,1681648431474,NULL,'vitgv24@mailinator.com','CGTfk','FEMALE',NULL,NULL,NULL,NULL,NULL,NULL,'567482555',168,'ffe2c473-a581-4fd5-92e7-642ef72384a2',NULL,_binary '\0','ACTIVE',NULL,1681648431474,'be3de545-b70e-4d1d-914b-d138927e9a54','+966567482555','keycloak',2),(540,'+966',NULL,1681648646700,NULL,'zjihl28@mailinator.com','aEkfI','FEMALE',NULL,NULL,NULL,NULL,NULL,NULL,'568435473',168,'ffe2c473-a581-4fd5-92e7-642ef72384a2',NULL,_binary '\0','ACTIVE',NULL,1681648646700,'75e78d1e-3a71-49b7-b589-3b648f35f170','+966568435473','keycloak',2),(541,'+966',NULL,1681649287689,NULL,'ebflo8@mailinator.com','EDXBu','FEMALE',NULL,NULL,NULL,NULL,NULL,NULL,'563782600',168,'ffe2c473-a581-4fd5-92e7-642ef72384a2',NULL,_binary '\0','ACTIVE',NULL,1681649287689,'b7941d3d-6ce7-4018-87c7-a2ff65e9886e','+966563782600','keycloak',2),(542,'+966',NULL,1681649799593,NULL,'aqyky67@mailinator.com','PaIZO','FEMALE',NULL,NULL,NULL,NULL,NULL,NULL,'566699137',168,'ffe2c473-a581-4fd5-92e7-642ef72384a2',NULL,_binary '\0','ACTIVE',NULL,1681649799593,'e3600b96-f66c-4977-bbaf-f50cda908478','+966566699137','keycloak',2),(543,'+966',NULL,1681650849431,NULL,'qiton69@mailinator.com','fBQej','FEMALE',NULL,NULL,NULL,NULL,NULL,NULL,'560847163',168,'ffe2c473-a581-4fd5-92e7-642ef72384a2',NULL,_binary '\0','ACTIVE',NULL,1681650849431,'c63fd599-acdf-4983-b10a-1a4db5395e9d','+966560847163','keycloak',2),(544,'+966',NULL,1681651770797,NULL,'zsijt62@mailinator.com','uzKht','FEMALE',NULL,NULL,NULL,NULL,NULL,NULL,'568234998',168,'ffe2c473-a581-4fd5-92e7-642ef72384a2',NULL,_binary '\0','ACTIVE',NULL,1681651770797,'4d92b7ea-38ee-425d-81b6-0bba685c46df','+966568234998','keycloak',2),(545,'+966',NULL,1681805956480,NULL,'wudzv98@mailinator.com','UYpBP','FEMALE',NULL,NULL,NULL,NULL,NULL,NULL,'561142221',168,'ffe2c473-a581-4fd5-92e7-642ef72384a2',NULL,_binary '\0','ACTIVE',NULL,1681805956480,'b65a58b5-c671-4101-9d7f-128a70ce2476','+966561142221','keycloak',2),(546,'+966',NULL,1681808308838,NULL,'wyazj73@mailinator.com','wpXen','MALE',NULL,NULL,NULL,NULL,NULL,NULL,'562464882',58,'ffe2c473-a581-4fd5-92e7-642ef72384a2',NULL,_binary '\0','ACTIVE',NULL,1681808308838,'e2da397d-7c7d-47cf-8517-f136b251c31d','+966562464882','keycloak',2),(547,'+966',NULL,1681808408095,NULL,'kjfql56@mailinator.com','dPIxP','FEMALE',NULL,NULL,NULL,NULL,NULL,NULL,'564778456',168,'ffe2c473-a581-4fd5-92e7-642ef72384a2',NULL,_binary '\0','ACTIVE',NULL,1681808408095,'9228674e-4f4c-4182-b275-49f9991c1413','+966564778456','keycloak',2),(548,'+966',NULL,1681811289924,NULL,'cjkvi22@mailinator.com','bTGQF','FEMALE',NULL,NULL,NULL,NULL,NULL,NULL,'567820707',168,'ffe2c473-a581-4fd5-92e7-642ef72384a2',NULL,_binary '\0','ACTIVE',NULL,1681811289924,'dd740438-28bf-4907-ba39-aba026d07de9','+966567820707','keycloak',2),(549,'+966',NULL,1681812776527,NULL,'elala36@mailinator.com','NCpby','FEMALE',NULL,NULL,NULL,NULL,NULL,NULL,'568516947',168,'ffe2c473-a581-4fd5-92e7-642ef72384a2',NULL,_binary '\0','ACTIVE',NULL,1681812776527,'477dc3e0-ea85-4fe6-9179-fa1a1de3bb84','+966568516947','keycloak',2),(550,'+966',NULL,1681813495768,NULL,'smufl26@mailinator.com','RbRKF','FEMALE',NULL,NULL,NULL,NULL,NULL,NULL,'562444924',168,'ffe2c473-a581-4fd5-92e7-642ef72384a2',NULL,_binary '\0','ACTIVE',NULL,1681813495768,'eba11cd1-302a-4f49-bb17-69cc3cdfb88e','+966562444924','keycloak',2),(551,'+966',NULL,1681814106142,NULL,'gqjqn70@mailinator.com','PXaez','FEMALE',NULL,NULL,NULL,NULL,NULL,NULL,'561846066',168,'ffe2c473-a581-4fd5-92e7-642ef72384a2',NULL,_binary '\0','ACTIVE',NULL,1681814106142,'29a5679b-e21e-4af3-9985-807cbc0345db','+966561846066','keycloak',2),(552,'+966',NULL,1681814214230,'1_STCS_CUST','nrmji3@mailinator.com','XecZZ','MALE',NULL,NULL,'f94e0251-62d1-4aa4-bc55-c4334d3fa114',NULL,NULL,NULL,'566881749',168,'7939ff23-9066-4393-bd64-940c0d4d5a77',NULL,_binary '\0','ACTIVE',NULL,1681814214230,'a5d99f33-99ad-4dfd-be9c-59f94ef422f6','+966566881749','keycloak',3),(553,'+966',NULL,1681814304328,'1_STCS_CUST','qwuwk40@mailinator.com','rhZvZ','MALE',NULL,NULL,'f94e0251-62d1-4aa4-bc55-c4334d3fa114',NULL,NULL,NULL,'562967870',168,'afce018e-db73-4491-918a-fdc3f260351c',NULL,_binary '\0','ACTIVE',NULL,1681814304328,'9b0d87d4-606a-433c-8e39-3836dadd8250','+966562967870','keycloak',4),(554,'+966',NULL,1681814394820,'1_STCS_CUST','uzmkp31@mailinator.com','LyvRV','MALE',NULL,NULL,'f94e0251-62d1-4aa4-bc55-c4334d3fa114',NULL,NULL,NULL,'562714472',168,'2441ea00-05a9-49fd-aa0f-68ea4dc838e2',NULL,_binary '\0','ACTIVE',NULL,1681814394820,'1f1fbe8e-2e22-4985-8e3a-d8a07f53e69b','+966562714472','keycloak',5),(555,'+966',NULL,1681814429115,NULL,'chmxm60@mailinator.com','pzOcp','MALE',NULL,NULL,NULL,NULL,NULL,NULL,'564386420',58,'e38e2872-d469-401c-ae60-8173166d212d',NULL,_binary '\0','ACTIVE',NULL,1681814429115,'6210ebe6-7063-4612-8af7-65363ff5038e','+966564386420','keycloak',2),(557,'+966',NULL,1681814710769,NULL,'bykzc26@mailinator.com','kIYZm','MALE',NULL,NULL,NULL,NULL,NULL,NULL,'565090614',58,'ffe2c473-a581-4fd5-92e7-642ef72384a2',NULL,_binary '\0','ACTIVE',NULL,1681814710769,'d53c2643-9a97-49b4-9042-f0d1537bf36a','+966565090614','keycloak',2),(558,'+966',NULL,1681814748098,NULL,'ptkny11@mailinator.com','QrzcY','MALE',NULL,NULL,NULL,NULL,NULL,NULL,'562036576',58,'ffe2c473-a581-4fd5-92e7-642ef72384a2',NULL,_binary '\0','ACTIVE',NULL,1681814748098,'a6012856-5b68-4748-bd27-e9d0f17eaae0','+966562036576','keycloak',2),(560,'+966',NULL,1681815040550,NULL,'bctcs72@mailinator.com','yMRfg','FEMALE',NULL,NULL,NULL,NULL,NULL,NULL,'567181189',168,'ffe2c473-a581-4fd5-92e7-642ef72384a2',NULL,_binary '\0','ACTIVE',NULL,1681815040550,'370c5c64-5c9a-4cfd-966b-98a19c6c82fe','+966567181189','keycloak',2),(561,'+966',NULL,1681815155523,NULL,'qnbvt21@mailinator.com','kRBFw','FEMALE',NULL,NULL,NULL,NULL,NULL,NULL,'564352453',168,'ffe2c473-a581-4fd5-92e7-642ef72384a2',NULL,_binary '\0','ACTIVE',NULL,1681815155523,'c9b76dd8-a492-41de-8782-adb76fce27c8','+966564352453','keycloak',2),(562,'+966',NULL,1681815898953,NULL,'whnpr3@mailinator.com','CLJdy','MALE',NULL,NULL,NULL,NULL,NULL,NULL,'567123282',58,'ffe2c473-a581-4fd5-92e7-642ef72384a2',NULL,_binary '\0','ACTIVE',NULL,1681815898953,'01a47334-1226-4e7a-9e84-468d2fa48680','+966567123282','keycloak',2),(563,'+966',NULL,1681816244214,NULL,'nhpgr92@mailinator.com','OBFaM','FEMALE',NULL,NULL,NULL,NULL,NULL,NULL,'563821896',168,'ffe2c473-a581-4fd5-92e7-642ef72384a2',NULL,_binary '\0','ACTIVE',NULL,1681816244214,'19b20a3c-b137-4abf-bfed-6a146c525163','+966563821896','keycloak',2),(564,'+966',NULL,1681816346788,'1_STCS_CUST','rjveq5@mailinator.com','mLfoa','MALE',NULL,NULL,'f94e0251-62d1-4aa4-bc55-c4334d3fa114',NULL,NULL,NULL,'561364019',168,'7939ff23-9066-4393-bd64-940c0d4d5a77',NULL,_binary '\0','ACTIVE',NULL,1681816346788,'2ee1e8b0-bbbf-43ae-8712-60b6b8ecae48','+966561364019','keycloak',3),(565,'+966',NULL,1681816434033,'1_STCS_CUST','mdgtm66@mailinator.com','FDOzg','MALE',NULL,NULL,'f94e0251-62d1-4aa4-bc55-c4334d3fa114',NULL,NULL,NULL,'560036953',168,'afce018e-db73-4491-918a-fdc3f260351c',NULL,_binary '\0','ACTIVE',NULL,1681816434033,'a9f7f33c-ad32-499e-abb7-0d775bda4c08','+966560036953','keycloak',4),(566,'+966',NULL,1681816522327,'1_STCS_CUST','pbrkz96@mailinator.com','kQKHi','MALE',NULL,NULL,'f94e0251-62d1-4aa4-bc55-c4334d3fa114',NULL,NULL,NULL,'564166406',168,'2441ea00-05a9-49fd-aa0f-68ea4dc838e2',NULL,_binary '\0','ACTIVE',NULL,1681816522327,'9e39b9d3-9bbb-4152-ae04-b540cd5e556e','+966564166406','keycloak',5),(567,'+966',NULL,1681816555949,NULL,'ujbtr8@mailinator.com','LhlkX','MALE',NULL,NULL,NULL,'test HWmMgdbZKQ','admin@esports.sa',1684663848167,'566064675',58,'e38e2872-d469-401c-ae60-8173166d212d',NULL,_binary '\0','ACTIVE',NULL,1681816555949,'e5736ed4-41ed-42bb-99ed-55270053a8d1','+966566064675','keycloak',2),(569,'+966',NULL,1681816840161,NULL,'lakdt49@mailinator.com','DLNEo','MALE',NULL,NULL,NULL,NULL,NULL,NULL,'562506012',58,'ffe2c473-a581-4fd5-92e7-642ef72384a2',NULL,_binary '\0','ACTIVE',NULL,1681816840161,'412fd73a-b74b-4b27-b11a-988c2e77a6ae','+966562506012','keycloak',2),(570,'+966',NULL,1681816879245,NULL,'gramf53@mailinator.com','lzyvU','MALE',NULL,NULL,NULL,NULL,NULL,NULL,'565416500',58,'ffe2c473-a581-4fd5-92e7-642ef72384a2',NULL,_binary '\0','ACTIVE',NULL,1681816879245,'ad8ea278-ba58-471b-bb50-b3d68d827197','+966565416500','keycloak',2),(572,'+966',NULL,1681817069591,NULL,'ppidm17@mailinator.com','SSFrr','FEMALE',NULL,NULL,NULL,NULL,NULL,NULL,'565833712',168,'ffe2c473-a581-4fd5-92e7-642ef72384a2',NULL,_binary '\0','ACTIVE',NULL,1681817069591,'b15af2a9-9cc7-4674-993d-9afb65841bf2','+966565833712','keycloak',2),(574,'+966',NULL,1681817336813,NULL,'wkrrl88@mailinator.com','SNRZT','FEMALE',NULL,NULL,NULL,NULL,NULL,NULL,'565143206',168,'ffe2c473-a581-4fd5-92e7-642ef72384a2',NULL,_binary '\0','ACTIVE',NULL,1681817336813,'4fa9ab66-c776-4154-874c-e76c6c8998af','+966565143206','keycloak',2),(575,'+966',NULL,1681817974739,NULL,'nelcf35@mailinator.com','fXNJz','FEMALE',NULL,NULL,NULL,NULL,NULL,NULL,'564583030',168,'ffe2c473-a581-4fd5-92e7-642ef72384a2',NULL,_binary '\0','ACTIVE',NULL,1681817974739,'76d48172-67fc-4378-99a2-34fe5d36093a','+966564583030','keycloak',2),(576,'+966',NULL,1681818078648,'1_STCS_CUST','qsauw71@mailinator.com','oWawz','MALE',NULL,NULL,'f94e0251-62d1-4aa4-bc55-c4334d3fa114',NULL,NULL,NULL,'561634022',168,'7939ff23-9066-4393-bd64-940c0d4d5a77',NULL,_binary '\0','ACTIVE',NULL,1681818078648,'26110cff-28f1-41ff-964a-478700ae3ae0','+966561634022','keycloak',3),(577,'+966',NULL,1681818168057,'1_STCS_CUST','yvbgu75@mailinator.com','WIaKh','MALE',NULL,NULL,'f94e0251-62d1-4aa4-bc55-c4334d3fa114',NULL,NULL,NULL,'569558203',168,'afce018e-db73-4491-918a-fdc3f260351c',NULL,_binary '\0','ACTIVE',NULL,1681818168057,'4a5079f6-1df3-41f2-b333-f6ec4402883d','+966569558203','keycloak',4),(578,'+966',NULL,1681818257353,'1_STCS_CUST','zxgih9@mailinator.com','CIbMg','MALE',NULL,NULL,'f94e0251-62d1-4aa4-bc55-c4334d3fa114',NULL,NULL,NULL,'561974272',168,'2441ea00-05a9-49fd-aa0f-68ea4dc838e2',NULL,_binary '\0','ACTIVE',NULL,1681818257353,'6688ca01-3af9-408e-bb5c-0a804e287f9a','+966561974272','keycloak',5),(579,'+966',NULL,1681818291205,NULL,'cmuha58@mailinator.com','UWWhu','MALE',NULL,NULL,NULL,'test','admin@esports.sa',1684663957329,'563212597',58,'e38e2872-d469-401c-ae60-8173166d212d',NULL,_binary '\0','ACTIVE',NULL,1681818291205,'0f8886a4-0212-4e37-ba75-e1122f06c98b','+966563212597','keycloak',2),(583,'+966',NULL,1681818860360,NULL,'ctcpc29@mailinator.com','dBTyl','FEMALE',NULL,NULL,NULL,NULL,NULL,NULL,'562960072',168,'ffe2c473-a581-4fd5-92e7-642ef72384a2',NULL,_binary '\0','ACTIVE',NULL,1681818860360,'cdf1db57-1393-43e0-8e47-6c31c485efb5','+966562960072','keycloak',2),(585,'+966',NULL,1681819132468,NULL,'hqohl77@mailinator.com','UrCAP','FEMALE',NULL,NULL,NULL,NULL,NULL,NULL,'568673476',168,'ffe2c473-a581-4fd5-92e7-642ef72384a2',NULL,_binary '\0','ACTIVE',NULL,1681819132468,'9ed34ca5-f601-44ac-8a66-78dff34ca069','+966568673476','keycloak',2),(588,'+966',NULL,1681822201768,NULL,'liibf54@mailinator.com','hogML','MALE',NULL,NULL,NULL,NULL,NULL,NULL,'562836492',58,'ffe2c473-a581-4fd5-92e7-642ef72384a2',NULL,_binary '\0','ACTIVE',NULL,1681822201768,'710b189e-de68-457a-88a9-5232bd1aef3f','+966562836492','keycloak',2),(592,'+966',NULL,1681823669658,NULL,'ccksd12@mailinator.com','FeBzc','MALE',NULL,NULL,NULL,NULL,NULL,NULL,'565605347',58,'ffe2c473-a581-4fd5-92e7-642ef72384a2',NULL,_binary '\0','ACTIVE',NULL,1681823669658,'800cb5fd-a0d9-41b0-af81-c1e5868c5c74','+966565605347','keycloak',2),(595,'+966',NULL,1681824799433,NULL,'vlsbj88@mailinator.com','oTBxZ','MALE',NULL,NULL,NULL,NULL,NULL,NULL,'565881113',58,'ffe2c473-a581-4fd5-92e7-642ef72384a2',NULL,_binary '\0','ACTIVE',NULL,1681824799433,'fdd1f41d-0c4d-48c6-943e-2edf9f2df2dd','+966565881113','keycloak',2),(602,'+966',NULL,1681893592492,NULL,'znrry68@mailinator.com','gwbCj','MALE',NULL,NULL,NULL,NULL,NULL,NULL,'569926962',58,'ffe2c473-a581-4fd5-92e7-642ef72384a2',NULL,_binary '\0','ACTIVE',NULL,1681893592492,'97f05535-ba0c-4e89-a9e0-bbc5c74301f4','+966569926962','keycloak',2),(607,'+966',NULL,1681897388801,NULL,'wcfri90@mailinator.com','FKvbh','FEMALE',NULL,NULL,NULL,NULL,NULL,NULL,'563115537',168,'ffe2c473-a581-4fd5-92e7-642ef72384a2',NULL,_binary '\0','ACTIVE',NULL,1681897388801,'45ed0c25-e5f7-4741-a79c-4c8e735f4a3e','+966563115537','keycloak',2),(608,'+966',NULL,1681897487881,NULL,'lmqwx13@mailinator.com','CQiZw','FEMALE',NULL,NULL,NULL,NULL,NULL,NULL,'560035714',168,'ffe2c473-a581-4fd5-92e7-642ef72384a2',NULL,_binary '\0','ACTIVE',NULL,1681897487881,'0faae65f-1266-4c32-9e67-0142050ecf15','+966560035714','keycloak',2),(609,'+966',NULL,1681897665748,NULL,'dcdom64@mailinator.com','ystGx','FEMALE',NULL,NULL,NULL,NULL,NULL,NULL,'565164538',168,'ffe2c473-a581-4fd5-92e7-642ef72384a2',NULL,_binary '\0','ACTIVE',NULL,1681897665748,'bd62ae72-394e-4821-ab65-836efa0e4aaf','+966565164538','keycloak',2),(610,'+966',NULL,1681897682396,NULL,'idykm20@mailinator.com','AOXzW','FEMALE',NULL,NULL,NULL,NULL,NULL,NULL,'562508773',168,'ffe2c473-a581-4fd5-92e7-642ef72384a2',NULL,_binary '\0','ACTIVE',NULL,1681897682396,'fed4824b-7b57-4828-a2e4-73f085c2dbd1','+966562508773','keycloak',2),(611,'+966',NULL,1681897956409,NULL,'otsqz47@mailinator.com','xgYqk','MALE',NULL,NULL,NULL,NULL,NULL,NULL,'561547187',58,'ffe2c473-a581-4fd5-92e7-642ef72384a2',NULL,_binary '\0','ACTIVE',NULL,1681897956409,'ffcba2ad-b6e8-442e-bde5-7e069cfc6b2a','+966561547187','keycloak',2),(612,'+966',NULL,1681898304856,NULL,'scbge51@mailinator.com','ItuYP','FEMALE',NULL,NULL,NULL,NULL,NULL,NULL,'564823511',168,'ffe2c473-a581-4fd5-92e7-642ef72384a2',NULL,_binary '\0','ACTIVE',NULL,1681898304856,'1032173a-b6e5-44fb-b752-764de1e1c547','+966564823511','keycloak',2),(613,'+966',NULL,1681898357086,NULL,'astxj78@mailinator.com','YBabQ','MALE',NULL,NULL,NULL,NULL,NULL,NULL,'560553901',58,'ffe2c473-a581-4fd5-92e7-642ef72384a2',NULL,_binary '\0','ACTIVE',NULL,1681898357086,'cdb2665b-b655-4fa2-8602-9f3349d16e96','+966560553901','keycloak',2),(614,'+966',NULL,1681898795640,NULL,'hybdf2@mailinator.com','AtEyJ','FEMALE',NULL,NULL,NULL,NULL,NULL,NULL,'566159948',168,'ffe2c473-a581-4fd5-92e7-642ef72384a2',NULL,_binary '\0','ACTIVE',NULL,1681898795640,'799cdf19-6573-47ea-bdae-33607458835b','+966566159948','keycloak',2),(615,'+966',NULL,1681898898016,'1_STCS_CUST','kvgua76@mailinator.com','FajSq','MALE',NULL,NULL,'f94e0251-62d1-4aa4-bc55-c4334d3fa114',NULL,NULL,NULL,'562575414',168,'7939ff23-9066-4393-bd64-940c0d4d5a77',NULL,_binary '\0','ACTIVE',NULL,1681898898016,'49370d0f-ac25-4846-bbfa-88c13a649f37','+966562575414','keycloak',3),(616,'+966',NULL,1681898984904,'1_STCS_CUST','aatia90@mailinator.com','Phptw','MALE',NULL,NULL,'f94e0251-62d1-4aa4-bc55-c4334d3fa114',NULL,NULL,NULL,'560887137',168,'afce018e-db73-4491-918a-fdc3f260351c',NULL,_binary '\0','ACTIVE',NULL,1681898984904,'47eaa590-73ae-4652-9ae1-1afc94b4c375','+966560887137','keycloak',4),(617,'+966',NULL,1681899072691,'1_STCS_CUST','jkxwq7@mailinator.com','UhQJw','MALE',NULL,NULL,'f94e0251-62d1-4aa4-bc55-c4334d3fa114',NULL,NULL,NULL,'566404974',168,'2441ea00-05a9-49fd-aa0f-68ea4dc838e2',NULL,_binary '\0','ACTIVE',NULL,1681899072691,'f537bf79-292d-4bd9-8561-10248f1e094c','+966566404974','keycloak',5),(618,'+966',NULL,1681899105476,NULL,'zhkky3@mailinator.com','MuHbZ','MALE',NULL,NULL,NULL,NULL,NULL,NULL,'566164876',58,'ffe2c473-a581-4fd5-92e7-642ef72384a2',NULL,_binary '\0','ACTIVE',NULL,1681899105476,'1072269c-c525-4ef7-be4f-6129413f6a74','+966566164876','keycloak',2),(619,'+966',NULL,1681899291034,NULL,'ckojk60@mailinator.com','bVUWk','MALE',NULL,NULL,NULL,NULL,NULL,NULL,'569480485',58,'e38e2872-d469-401c-ae60-8173166d212d',NULL,_binary '\0','ACTIVE',NULL,1681899291034,'1dc83abe-8801-4377-8085-dd64db270070','+966569480485','keycloak',2),(621,'+966',NULL,1681899553048,NULL,'udkek92@mailinator.com','ecGNA','FEMALE',NULL,NULL,NULL,NULL,NULL,NULL,'566538042',168,'ffe2c473-a581-4fd5-92e7-642ef72384a2',NULL,_binary '\0','ACTIVE',NULL,1681899553048,'e316b0bd-accc-45bd-ba10-ff9d99a8f134','+966566538042','keycloak',2),(623,'+966',NULL,1681899821184,NULL,'vhuax35@mailinator.com','dOWim','FEMALE',NULL,NULL,NULL,NULL,NULL,NULL,'563335089',168,'ffe2c473-a581-4fd5-92e7-642ef72384a2',NULL,_binary '\0','ACTIVE',NULL,1681899821184,'6ce081e0-5471-4212-9197-f9d5a1574f52','+966563335089','keycloak',2),(624,'+966',NULL,1681900737933,NULL,'hurbv77@mailinator.com','hQfCP','FEMALE',NULL,NULL,NULL,NULL,NULL,NULL,'562437174',168,'ffe2c473-a581-4fd5-92e7-642ef72384a2',NULL,_binary '\0','ACTIVE',NULL,1681900737933,'3f9d7434-ac1c-4418-8cc3-6b09b03c6c0e','+966562437174','keycloak',2),(625,'+966',NULL,1681900846288,'1_STCS_CUST','gacui50@mailinator.com','LvvQg','MALE',NULL,NULL,'f94e0251-62d1-4aa4-bc55-c4334d3fa114',NULL,NULL,NULL,'564066272',168,'7939ff23-9066-4393-bd64-940c0d4d5a77',NULL,_binary '\0','ACTIVE',NULL,1681900846288,'efac2e44-eff4-40c6-a2ac-db21910f8089','+966564066272','keycloak',3),(626,'+966',NULL,1681900931903,'1_STCS_CUST','pqmes36@mailinator.com','jPyJo','MALE',NULL,NULL,'f94e0251-62d1-4aa4-bc55-c4334d3fa114',NULL,NULL,NULL,'569210898',168,'afce018e-db73-4491-918a-fdc3f260351c',NULL,_binary '\0','ACTIVE',NULL,1681900931903,'eea63c31-741f-4488-b75a-7f66587afc4e','+966569210898','keycloak',4),(627,'+966',NULL,1681901019773,'1_STCS_CUST','yamjd60@mailinator.com','HXZkU','MALE',NULL,NULL,'f94e0251-62d1-4aa4-bc55-c4334d3fa114',NULL,NULL,NULL,'563921057',168,'2441ea00-05a9-49fd-aa0f-68ea4dc838e2',NULL,_binary '\0','ACTIVE',NULL,1681901019773,'6c9e817e-67b2-40fe-9170-0cb4b3a57c03','+966563921057','keycloak',5),(628,'+966',NULL,1681901051649,NULL,'wekab44@mailinator.com','mMuZV','MALE',NULL,NULL,NULL,NULL,NULL,NULL,'560940799',58,'ffe2c473-a581-4fd5-92e7-642ef72384a2',NULL,_binary '\0','ACTIVE',NULL,1681901051649,'de8fdd0f-8f03-4183-94d3-4a8efe29fbfc','+966560940799','keycloak',2),(629,'+966',NULL,1681901213534,NULL,'lrpvr62@mailinator.com','xeeQJ','MALE',NULL,NULL,NULL,NULL,NULL,NULL,'562946165',58,'e38e2872-d469-401c-ae60-8173166d212d',NULL,_binary '\0','ACTIVE',NULL,1681901213534,'86dcb2ad-ff76-4951-af0b-2688d7d9422b','+966562946165','keycloak',2),(631,'+966',NULL,1681901506672,NULL,'yhapw4@mailinator.com','pMTYz','FEMALE',NULL,NULL,NULL,NULL,NULL,NULL,'560138224',168,'e38e2872-d469-401c-ae60-8173166d212d',NULL,_binary '\0','ACTIVE',NULL,1681901506672,'43dd9811-c8e0-40d3-8619-acd5e5805427','+966560138224','keycloak',2),(633,'+966',NULL,1681901785693,NULL,'eokyf90@mailinator.com','osrBI','FEMALE',NULL,NULL,NULL,NULL,NULL,NULL,'563104403',168,'e38e2872-d469-401c-ae60-8173166d212d',NULL,_binary '\0','ACTIVE',NULL,1681901785693,'750f676b-91ca-4b2e-81d1-6a592853258c','+966563104403','keycloak',2),(634,'+966',NULL,1681902123318,NULL,'lowwm5@mailinator.com','GFtDt','FEMALE',NULL,NULL,NULL,NULL,NULL,NULL,'564671953',168,'ffe2c473-a581-4fd5-92e7-642ef72384a2',NULL,_binary '\0','ACTIVE',NULL,1681902123318,'1f6b5c63-53af-460c-ab6f-e64f62c4813a','+966564671953','keycloak',2),(635,'+966',NULL,1681902233099,'1_STCS_CUST','lpzov85@mailinator.com','IiKBV','MALE',NULL,NULL,'f94e0251-62d1-4aa4-bc55-c4334d3fa114',NULL,NULL,NULL,'568004601',168,'7939ff23-9066-4393-bd64-940c0d4d5a77',NULL,_binary '\0','ACTIVE',NULL,1681902233099,'f18e5d69-9e44-4c2d-b7c8-f1f6dea0eb9d','+966568004601','keycloak',3),(636,'+966',NULL,1681902320658,'1_STCS_CUST','norkg16@mailinator.com','SyvaM','MALE',NULL,NULL,'f94e0251-62d1-4aa4-bc55-c4334d3fa114',NULL,NULL,NULL,'566349972',168,'afce018e-db73-4491-918a-fdc3f260351c',NULL,_binary '\0','ACTIVE',NULL,1681902320658,'2bd55908-c615-4ad0-9db4-366846446884','+966566349972','keycloak',4),(637,'+966',NULL,1681902408539,'1_STCS_CUST','gwdik49@mailinator.com','jaiyr','MALE',NULL,NULL,'f94e0251-62d1-4aa4-bc55-c4334d3fa114',NULL,NULL,NULL,'566180162',168,'2441ea00-05a9-49fd-aa0f-68ea4dc838e2',NULL,_binary '\0','ACTIVE',NULL,1681902408539,'4f986280-9a06-4d5a-8d36-a2ef0204f937','+966566180162','keycloak',5),(638,'+966',NULL,1681902441466,NULL,'fvcnk42@mailinator.com','cXbYB','MALE',NULL,NULL,NULL,NULL,NULL,NULL,'565328702',58,'ffe2c473-a581-4fd5-92e7-642ef72384a2',NULL,_binary '\0','ACTIVE',NULL,1681902441466,'600d6b32-a91a-4199-9505-5b845913746a','+966565328702','keycloak',2),(639,'+966',NULL,1681902621746,NULL,'myyyk76@mailinator.com','KPXhF','MALE',NULL,NULL,NULL,NULL,NULL,NULL,'564034784',NULL,'e38e2872-d469-401c-ae60-8173166d212d',NULL,_binary '\0','ACTIVE',NULL,1681902621746,'e68f67b0-535b-485b-b818-d53123f66d20','+966564034784','keycloak',2),(641,'+966',NULL,1681902915651,NULL,'bknmc16@mailinator.com','oyazX','FEMALE',NULL,NULL,NULL,NULL,NULL,NULL,'567381337',168,'ffe2c473-a581-4fd5-92e7-642ef72384a2',NULL,_binary '\0','ACTIVE',NULL,1681902915651,'a4be6f52-79ea-40ad-bf67-126b7e3ba34e','+966567381337','keycloak',2),(642,'+966',NULL,1681902931784,NULL,'eulrt14@mailinator.com','hbsAL','MALE',NULL,NULL,NULL,'block','admin@esports.sa',1684685091883,'568375124',58,'e38e2872-d469-401c-ae60-8173166d212d',NULL,_binary '\0','DISABLED',NULL,1681902931784,'0658c665-f5f7-4d5a-98ab-ab8f15448113','+966568375124','keycloak',2),(644,'+966',NULL,1681903225480,NULL,'ehab.saeed.ibrahim@gmail.com','OZuOZ','FEMALE',NULL,NULL,NULL,NULL,NULL,NULL,'567505857',168,'e38e2872-d469-401c-ae60-8173166d212d',NULL,_binary '\0','ACTIVE',NULL,1681903225480,'85655204-44c9-4f81-85ab-51509d96a8d7','+966567505857','keycloak',2),(645,'+966',NULL,1681904101354,NULL,'aszgy63@mailinator.com','TRJQy','MALE',NULL,NULL,NULL,NULL,NULL,NULL,'567783614',58,'e38e2872-d469-401c-ae60-8173166d212d',NULL,_binary '\0','ACTIVE',NULL,1681904101354,'5bb2b959-c233-44c9-8038-76b5b54390df','+966567783614','keycloak',2),(646,'+966',NULL,1681905389183,NULL,'vmocs34@mailinator.com','vETbu','MALE',NULL,NULL,NULL,'test','admin@esports.sa',1684663999395,'568347140',NULL,'e38e2872-d469-401c-ae60-8173166d212d',NULL,_binary '\0','ACTIVE',NULL,1681905389183,'4f0a2901-193e-48f4-9c01-8fd5803ebd0c','+966568347140','keycloak',2),(647,'+966',NULL,1681905750072,NULL,'ckatx37@mailinator.com','dbqMA','FEMALE',NULL,NULL,NULL,NULL,NULL,NULL,'566696007',168,'ffe2c473-a581-4fd5-92e7-642ef72384a2',NULL,_binary '\0','ACTIVE',NULL,1681905750072,'4b4be0a1-cd7e-4962-8e77-8bce24cc74ac','+966566696007','keycloak',2),(648,'+966',NULL,1681905858555,'1_STCS_CUST','kdcyh92@mailinator.com','zDBmw','MALE',NULL,NULL,'f94e0251-62d1-4aa4-bc55-c4334d3fa114',NULL,NULL,NULL,'564070946',168,'7939ff23-9066-4393-bd64-940c0d4d5a77',NULL,_binary '\0','ACTIVE',NULL,1681905858555,'cd9a5d07-58ec-4a47-9d4f-48d288c5941e','+966564070946','keycloak',3),(649,'+966',NULL,1681905945043,'1_STCS_CUST','dhteo19@mailinator.com','SBgft','MALE',NULL,NULL,'f94e0251-62d1-4aa4-bc55-c4334d3fa114',NULL,NULL,NULL,'565018107',168,'afce018e-db73-4491-918a-fdc3f260351c',NULL,_binary '\0','ACTIVE',NULL,1681905945043,'e8165fd5-77a8-4b7c-89da-4052e668670c','+966565018107','keycloak',4),(650,'+966',NULL,1681906032993,'1_STCS_CUST','zaanx91@mailinator.com','JWCpy','MALE',NULL,NULL,'f94e0251-62d1-4aa4-bc55-c4334d3fa114',NULL,NULL,NULL,'564504716',168,'2441ea00-05a9-49fd-aa0f-68ea4dc838e2',NULL,_binary '\0','ACTIVE',NULL,1681906032993,'cccd3176-474e-4638-baba-ae39a54f67c0','+966564504716','keycloak',5),(651,'+966',NULL,1681906066247,NULL,'hclvj62@mailinator.com','IPuCw','MALE',NULL,NULL,NULL,NULL,NULL,NULL,'565288512',58,'ffe2c473-a581-4fd5-92e7-642ef72384a2',NULL,_binary '\0','ACTIVE',NULL,1681906066247,'de5f1bde-458a-4280-a3b5-f76b8781752a','+966565288512','keycloak',2),(652,'+966',NULL,1681906104075,NULL,'evksv11@mailinator.com','BOGdB','MALE',NULL,NULL,NULL,NULL,NULL,NULL,'564913452',58,'ffe2c473-a581-4fd5-92e7-642ef72384a2',NULL,_binary '\0','ACTIVE',NULL,1681906104075,'1505c35b-540d-4848-a3f4-5f4b9fc42eec','+966564913452','keycloak',2),(653,'+966',NULL,1681906269109,NULL,'upnms20@mailinator.com','uFStH','MALE',NULL,NULL,NULL,NULL,NULL,NULL,'562439983',NULL,'e38e2872-d469-401c-ae60-8173166d212d',NULL,_binary '\0','ACTIVE',NULL,1681906269109,'e2bf889b-59b5-49ff-af9e-c9f0c9e90398','+966562439983','keycloak',2),(655,'+966',NULL,1681906561334,NULL,'tqxff72@mailinator.com','CPcDB','FEMALE',NULL,NULL,NULL,NULL,NULL,NULL,'567919936',168,'e38e2872-d469-401c-ae60-8173166d212d',NULL,_binary '\0','ACTIVE',NULL,1681906561334,'1e480926-e9ba-4e1b-ac2b-fa1fc425588f','+966567919936','keycloak',2),(657,'+966',NULL,1681906832120,NULL,'xlwlw62@mailinator.com','FXTZt','FEMALE',NULL,NULL,NULL,NULL,NULL,NULL,'567375511',168,'e38e2872-d469-401c-ae60-8173166d212d',NULL,_binary '\0','ACTIVE',NULL,1681906832120,'f7ac018c-2099-4e24-8669-79eb5b4b60ac','+966567375511','keycloak',2),(658,'+966','faeb2d88-a266-43a8-a5e5-944e135093f6',1683458561595,'1_STCS_CUST','dsfsdf@das.com','tests','MALE','EMPLOYEE',NULL,'f94e0251-62d1-4aa4-bc55-c4334d3fa114',NULL,NULL,NULL,'541323333',3,'3d520dd9-c05d-4319-b73b-9e812dbcf299',NULL,_binary '\0','ACTIVE','faeb2d88-a266-43a8-a5e5-944e135093f6',1683458561595,'34c2d598-4a96-46b5-96d2-bb12dce4e840','+966541323333','keycloak',6),(659,'+966',NULL,1684078633457,'1_STCS_CUST','SUGAR@GMAIL.COM','SUGAR','MALE',NULL,NULL,'f94e0251-62d1-4aa4-bc55-c4334d3fa114',NULL,NULL,NULL,'0532444443',168,'7939ff23-9066-4393-bd64-940c0d4d5a77',NULL,_binary '\0','ACTIVE',NULL,1684078633457,'01e4e02e-3382-4e7b-bad3-69ed44d52dc7','+9660532444443','keycloak',3),(660,'+966',NULL,1684468394673,NULL,'appco@mailinator.com','Approved club owner','MALE',NULL,NULL,NULL,'block','admin@esports.sa',1684666515333,'554444455',NULL,'e38e2872-d469-401c-ae60-8173166d212d',NULL,_binary '\0','ACTIVE',NULL,1684468394673,'7f7e7549-f4f9-446d-aa26-306cc683bc70','+966554444455','keycloak',2),(661,'+966',NULL,1684468568992,NULL,'newwclubowner@mailinator.com','New Club Owner','MALE',NULL,NULL,NULL,NULL,NULL,NULL,'534334443',21,'ffe2c473-a581-4fd5-92e7-642ef72384a2',NULL,_binary '\0','ACTIVE',NULL,1684468568992,'df9399f9-c75f-44a3-8e9b-eb39d1068ec2','+966534334443','keycloak',2),(662,'+966',NULL,1684468705766,NULL,'requiredclubowner@mailinator.com','Action Required Club owner','MALE',NULL,NULL,NULL,NULL,NULL,NULL,'575666555',220,'e38e2872-d469-401c-ae60-8173166d212d',NULL,_binary '\0','ACTIVE',NULL,1684468705766,'8ae81396-4576-4e7c-8cf1-904b9f512591','+966575666555','keycloak',2),(663,'+966',NULL,1684468929778,NULL,'takenclubowner@mailinator.com','Action taken club owner','MALE',NULL,NULL,NULL,NULL,NULL,NULL,'543135454',17,'e38e2872-d469-401c-ae60-8173166d212d',NULL,_binary '\0','ACTIVE',NULL,1684468929778,'0cedb2b3-ce59-485a-bff6-8df4dd56a064','+966543135454','keycloak',2),(667,'+966','faeb2d88-a266-43a8-a5e5-944e135093f6',1684558792227,'1_STCS_CUST','usermangone@mailinator.com','usermang one','MALE','EMPLOYEE',NULL,'f94e0251-62d1-4aa4-bc55-c4334d3fa114','block\n','user management two',1684669117115,'566663777',2,'299efe80-4476-4d06-a837-53b2a7c4b49c',NULL,_binary '\0','ACTIVE','faeb2d88-a266-43a8-a5e5-944e135093f6',1684558792227,'b633c8d7-8d8f-47bb-814e-52be584008b1','+966566663777','keycloak',6),(669,'+966','faeb2d88-a266-43a8-a5e5-944e135093f6',1684559477356,'1_STCS_CUST','usermangtwo@mailinator.com','user management two','MALE','EMPLOYEE',NULL,'f94e0251-62d1-4aa4-bc55-c4334d3fa114',NULL,NULL,NULL,'566688888',2,'e450f47f-f7a8-4220-b0cb-d45e8b9000fb',NULL,_binary '\0','ACTIVE','faeb2d88-a266-43a8-a5e5-944e135093f6',1684559477356,'65cf8989-e9b6-4613-ac84-b455820606c8','+966566688888','keycloak',6),(671,'+966','faeb2d88-a266-43a8-a5e5-944e135093f6',1684559983317,'1_STCS_CUST','profilemang@mailinator.com','profilemang','MALE','EMPLOYEE',NULL,'f94e0251-62d1-4aa4-bc55-c4334d3fa114',NULL,NULL,NULL,'566677788',2,'a5f59474-bdf8-4a4a-9418-9a8aafef074e',NULL,_binary '\0','ACTIVE','faeb2d88-a266-43a8-a5e5-944e135093f6',1684559983317,'ff1c0df7-e907-4456-bd94-665fa8315a4e','+966566677788','keycloak',6),(673,'+966','faeb2d88-a266-43a8-a5e5-944e135093f6',1684560722641,'1_STCS_CUST','requestsettings@mailinator.com','requestsettings','MALE','EMPLOYEE',NULL,'f94e0251-62d1-4aa4-bc55-c4334d3fa114',NULL,NULL,NULL,'566556555',NULL,'ac4a030f-eb70-47ed-b3d1-16d6b7110150',NULL,_binary '\0','ACTIVE','faeb2d88-a266-43a8-a5e5-944e135093f6',1684560722641,'0fc78a0b-7428-4eaa-8b75-67813ab8cb7e','+966566556555','keycloak',6),(675,'+966','faeb2d88-a266-43a8-a5e5-944e135093f6',1684561287907,'1_STCS_CUST','vieworg@mailinator.com','view org','MALE','EMPLOYEE',NULL,'f94e0251-62d1-4aa4-bc55-c4334d3fa114',NULL,NULL,NULL,'566555666',2,'c62ca080-8228-4811-8a68-6347975b32c7',NULL,_binary '\0','ACTIVE','faeb2d88-a266-43a8-a5e5-944e135093f6',1684561287907,'503b77b8-7db7-4b8e-b4b8-7d974872d2b7','+966566555666','keycloak',6),(677,'+966','faeb2d88-a266-43a8-a5e5-944e135093f6',1684562047201,'1_STCS_CUST','requestmang@mailinator.com','request management reassign and list all','MALE','EMPLOYEE',NULL,'f94e0251-62d1-4aa4-bc55-c4334d3fa114',NULL,NULL,NULL,'566663333',NULL,'d05ea7f6-d115-46ef-9d04-e50baa279c3d',NULL,_binary '\0','ACTIVE','faeb2d88-a266-43a8-a5e5-944e135093f6',1684562047201,'a54a01a7-2342-4317-bbf0-d2798a04ee1e','+966566663333','keycloak',6),(679,'+966','faeb2d88-a266-43a8-a5e5-944e135093f6',1684562613617,'1_STCS_CUST','requestmangtwo@mailinator.com','request managemdent submit and list users','FEMALE','VENDOR',NULL,'f94e0251-62d1-4aa4-bc55-c4334d3fa114',NULL,NULL,NULL,'566655557',2,'3fc66aa2-2ac8-462c-becb-f1e3bbf618ff',NULL,_binary '\0','ACTIVE','b633c8d7-8d8f-47bb-814e-52be584008b1',1684668950108,'5285fdc1-424c-43b5-bcc7-9d3ac996cc99','+966566655557','keycloak',6),(680,'+221',NULL,1684660336400,NULL,'uno@mailinator.com','uno club owner account','MALE',NULL,NULL,NULL,NULL,NULL,NULL,'577999395',NULL,'e38e2872-d469-401c-ae60-8173166d212d',NULL,_binary '\0','ACTIVE',NULL,1684660336400,'5b11ce4a-4341-4eab-9798-be1e84996ca8','+966577999399','keycloak',2),(692,'+966',NULL,1684661568343,'1_STCS_CUST','refd@mailinator.com','referee','MALE',NULL,NULL,'f94e0251-62d1-4aa4-bc55-c4334d3fa114',NULL,NULL,NULL,'553213214',57,'2441ea00-05a9-49fd-aa0f-68ea4dc838e2','',_binary '\0','ACTIVE',NULL,1684661568343,'58e0d2b7-0b35-4aa4-b57e-1f350cdcaea8','+966553213215','keycloak',5),(693,'+966',NULL,1684661910046,'1_STCS_CUST','playerdd@mailinator.com','playerd','FEMALE',NULL,NULL,'f94e0251-62d1-4aa4-bc55-c4334d3fa114',NULL,NULL,NULL,'554324325',168,'7939ff23-9066-4393-bd64-940c0d4d5a77',NULL,_binary '\0','ACTIVE',NULL,1684661910046,'284b9bee-67a3-478d-ba8f-4f65e3cc4d57','+966554324325','keycloak',3),(694,'+20',NULL,1684663432880,NULL,'aclubowner2022@mailinator.com','aclub','MALE',NULL,NULL,NULL,'test','admin@esports.sa',1684666238415,'1000049394',3,'e38e2872-d469-401c-ae60-8173166d212d',NULL,_binary '\0','ACTIVE',NULL,1684663432880,'0e670138-b350-4897-93ee-e863c1ebdc05','+201000049394','keycloak',2),(695,'+20',NULL,1684663754890,'1_STCS_CUST','omarclubadmin@mailinator.com','Omar Club Admin','MALE',NULL,NULL,NULL,NULL,NULL,NULL,'1000736554',2,'067b2bf5-7c61-46b8-a094-85b31c3c32b6','',_binary '\0','ACTIVE',NULL,1684663754890,'8e531eae-5d34-4004-ba6d-c79e9988df94','+201000736554','keycloak',8),(696,'+20',NULL,1684663815981,'1_STCS_CUST','ayaplayer@mailinator.com','ayaplayer','MALE',NULL,NULL,'f94e0251-62d1-4aa4-bc55-c4334d3fa114',NULL,NULL,NULL,'1006363828',3,'7939ff23-9066-4393-bd64-940c0d4d5a77',NULL,_binary '\0','ACTIVE',NULL,1684663815981,'8148ac30-fe0e-445f-b3ef-7f50a267f2ac','+201006363828','keycloak',3),(697,'+966',NULL,1684664229495,'1_STCS_CUST','content_account@mailinator.com','content  account yasmine emad','FEMALE',NULL,NULL,NULL,NULL,NULL,NULL,'539999300',NULL,'8be48ff7-0752-4e4e-b4ce-3ff0a1236153','esports/237168a3-2f9c-4e90-bfe5-2f3d5aa3813c__1600px_COLOURBOX39672248 (1).jpg',_binary '\0','ACTIVE',NULL,1684664229495,'372cd430-7e73-4fa2-8919-aff6f2272602','+966539999300','keycloak',16),(698,'+966',NULL,1684664288689,'1_STCS_CUST','creator_account@mailinator.com','creator yasmine emad','FEMALE',NULL,NULL,NULL,NULL,NULL,NULL,'539303093',203,'8be48ff7-0752-4e4e-b4ce-3ff0a1236153',NULL,_binary '\0','ACTIVE',NULL,1684664288689,'89b095f0-22c9-4b38-a2ec-9048e9b14282','+966539303093','keycloak',16),(699,'+966',NULL,1684664355798,'1_STCS_CUST','content_creator@mailinator.com','content creator yasmine emad','FEMALE',NULL,NULL,NULL,NULL,NULL,NULL,'530393949',NULL,'8be48ff7-0752-4e4e-b4ce-3ff0a1236153','esports/7153780f-1b2c-408b-91d8-e0be7f790407__roc logo (1).jpeg',_binary '\0','ACTIVE',NULL,1684664355798,'809c51d5-71f4-449a-b221-1cd0ac9286d2','+966530393949','keycloak',16),(700,'+966',NULL,1684664375516,'1_STCS_CUST','Gamdev@mailtothis.com','GameDev',NULL,NULL,NULL,NULL,NULL,NULL,NULL,'554433556',NULL,'96abc0be-977a-471f-87c1-7ba4ea16cf7a','esports/639dbe35-c5d0-4f53-b4ba-9dab5fef6d5a__F356040C-9601-4626-84C7-0A1FEFB4E8EB.png',_binary '\0','ACTIVE',NULL,1684664375516,'2c1303e3-704e-4137-9002-8ab297eb1788','+966554433556','keycloak',17),(701,'+966',NULL,1684664410612,NULL,'clbd@mailinator.com','clbd','MALE',NULL,NULL,NULL,'test','admin@esports.sa',1684664994770,'554314356',168,'e38e2872-d469-401c-ae60-8173166d212d',NULL,_binary '\0','ACTIVE',NULL,1684664410612,'9edbe31b-b515-47c8-ab07-5e766127871e','+966554314356','keycloak',2),(702,'+966',NULL,1684665113362,NULL,'ossama@mailinator.com','Mohamed Ossama','MALE',NULL,NULL,NULL,NULL,NULL,NULL,'534343432',NULL,'e38e2872-d469-401c-ae60-8173166d212d',NULL,_binary '\0','ACTIVE',NULL,1684665113362,'6ba6a0dd-2ad7-4143-9f8b-4c337796cabf','+966534343432','keycloak',2),(703,'+966',NULL,1684665164285,'1_STCS_CUST','Analysttest@mailtothis.com','testanalyst',NULL,NULL,NULL,'f94e0251-62d1-4aa4-bc55-c4334d3fa114',NULL,NULL,NULL,'564664666',NULL,'8748c375-2541-400c-8648-6314909f9089',NULL,_binary '\0','ACTIVE',NULL,1684665164285,'24340c76-d4a7-4696-876c-2500b06ad7b4','+966564664666','keycloak',9),(704,'+966',NULL,1684665298706,'1_STCS_CUST','Testgamedev@mailtothis.com','testgame',NULL,NULL,NULL,'f94e0251-62d1-4aa4-bc55-c4334d3fa114',NULL,NULL,NULL,'554444333',NULL,'96abc0be-977a-471f-87c1-7ba4ea16cf7a',NULL,_binary '\0','ACTIVE',NULL,1684665298706,'a21fa39d-3752-4470-ba5b-dffd8606be1f','+966554444333','keycloak',17),(705,'+966',NULL,1684665414876,NULL,'bclub@mailinator.com','Bassem Club','MALE',NULL,NULL,NULL,NULL,NULL,NULL,'534377404',2,'e38e2872-d469-401c-ae60-8173166d212d',NULL,_binary '\0','ACTIVE',NULL,1684665414876,'881c6e23-2e78-4210-bba2-26e3712c19c7','+966534377404','keycloak',2),(707,'+20',NULL,1684667735774,'1_STCS_CUST','ext@mailinator.com','ext','MALE',NULL,NULL,NULL,NULL,NULL,NULL,'1007663537',2,'067b2bf5-7c61-46b8-a094-85b31c3c32b6',NULL,_binary '\0','ACTIVE',NULL,1684667735774,'64e79595-e0b0-4b70-946f-4fd1d951f3a3','+201007663537','keycloak',8),(708,'+966',NULL,1684668087307,'1_STCS_CUST','Content_reg@mailinator.com','content reg yasmine emad',NULL,NULL,NULL,NULL,NULL,NULL,NULL,'533030949',NULL,'8be48ff7-0752-4e4e-b4ce-3ff0a1236153',NULL,_binary '\0','ACTIVE',NULL,1684668087307,'7304c2f9-ad1e-4118-9d27-45bef94b47f0','+966533030949','keycloak',16),(709,'+966',NULL,1684668236627,'1_STCS_CUST','Creator_reg@mailinator.com','creator reg yasmine emad',NULL,NULL,NULL,NULL,NULL,NULL,NULL,'539398485',NULL,'8be48ff7-0752-4e4e-b4ce-3ff0a1236153',NULL,_binary '\0','ACTIVE',NULL,1684668236627,'5d3b01df-06ba-492a-9002-ecdca4e909ee','+966539398485','keycloak',16),(710,'+966',NULL,1684668563883,NULL,'ahmednabhan.999@gmail.com','testahmedclub','MALE',NULL,NULL,NULL,NULL,NULL,NULL,'545355355',57,'e38e2872-d469-401c-ae60-8173166d212d',NULL,_binary '\0','ACTIVE',NULL,1684668563883,'18fecb58-fce3-428c-ab9e-1b61b7c91dbf','+966545355355','keycloak',2),(711,'+966','b633c8d7-8d8f-47bb-814e-52be584008b1',1684668986572,'1_STCS_CUST','netwtest@mailinator.com','newtest','MALE','EMPLOYEE',NULL,'f94e0251-62d1-4aa4-bc55-c4334d3fa114',NULL,NULL,NULL,'577776666',2,'3d520dd9-c05d-4319-b73b-9e812dbcf299',NULL,_binary '\0','ACTIVE','b633c8d7-8d8f-47bb-814e-52be584008b1',1684668986572,'2dcc85b7-8a81-4462-bbf2-b42d1ab8c0a3','+966577776666','keycloak',6),(713,'+20','93a265f1-26c7-459e-9a37-5ecee4ed5148',1684669764825,'1_STCS_CUST','relone@mailinator.com','relone','MALE','EMPLOYEE',NULL,'f94e0251-62d1-4aa4-bc55-c4334d3fa114','e','karim admin',1684669886848,'1014950720',203,'e8a8c155-725e-4dbf-96ef-ebb275576277',NULL,_binary '\0','ACTIVE','93a265f1-26c7-459e-9a37-5ecee4ed5148',1684669764825,'4e28272e-f15a-4fc7-bdfc-05582ba42ae0','+201014950720','keycloak',6),(715,'+20',NULL,1684669903515,'1_STCS_CUST','hh@clubadmin.com','asdasdadsa','MALE',NULL,NULL,NULL,NULL,NULL,NULL,'1019992512',57,'067b2bf5-7c61-46b8-a094-85b31c3c32b6',NULL,_binary '\0','ACTIVE',NULL,1684669903515,'4c74b80a-f2d9-41b2-85a8-8081c382a16c','+201019992512','keycloak',8),(716,'+966',NULL,1684671009073,'1_STCS_CUST','P@mailinator.com','player yasmine','FEMALE',NULL,NULL,'f94e0251-62d1-4aa4-bc55-c4334d3fa114',NULL,NULL,NULL,'595494949',NULL,'7939ff23-9066-4393-bd64-940c0d4d5a77',NULL,_binary '\0','ACTIVE',NULL,1684671009073,'9e3716e7-a95b-4137-ae42-9834057ba078','+966595494949','keycloak',3),(717,'+966',NULL,1684671085199,'1_STCS_CUST','S@mailinator.com','streamer yasmine','FEMALE',NULL,NULL,'f94e0251-62d1-4aa4-bc55-c4334d3fa114',NULL,NULL,NULL,'539348857',NULL,'a7872392-502a-4cfc-8188-aaab6820fbb4','esports/f6746d82-0939-4ba1-a26f-b4b76ae49c09__pexels-yelena-odintsova-13979148.jpg',_binary '\0','ACTIVE',NULL,1684671085199,'c57931f5-7b1d-460b-a590-17d3a04f3a58','+966539348857','keycloak',15),(718,'+966',NULL,1684673075529,NULL,'snclubstage@mailinator.com','stage salwa club','MALE',NULL,NULL,NULL,'بصرف النظر عن عد الكلمات والأحرف ، يمكن أن يساعدك محررنا على الإنترنت في تحسين اختيار الكلمات وأسلوب الكتابة ، ويساعدك اختياريًا على اكتشاف الأخطاء النحوية والسرق اختبار كلمات معينة الأدبية. للتحقق من عدد الكلمات ، ما عليك سوى وضع المؤشر في مربع النص','salwa stage',1687346572162,'554499888',NULL,'e38e2872-d469-401c-ae60-8173166d212d',NULL,_binary '\0','ACTIVE',NULL,1684673075529,'2c5e8cde-e8c1-44bf-8ca4-176359c04994','+966554499888','keycloak',2),(722,'+20','91da6a14-5341-4ff6-a42a-03db730bcd8b',1684676782391,'1_STCS_CUST','salwastage@mailinator.com','salwa stage','MALE','EMPLOYEE',NULL,'f94e0251-62d1-4aa4-bc55-c4334d3fa114',NULL,NULL,NULL,'1116665255',NULL,'659bdce7-b2e6-4a70-983c-600d5992d393',NULL,_binary '\0','ACTIVE','91da6a14-5341-4ff6-a42a-03db730bcd8b',1684676782391,'984a5e7a-8cae-4358-a7b6-b4c5444199b9','+201116665255','keycloak',6),(723,'+20',NULL,1684682013300,'1_STCS_CUST','qwe@wqeqwewq.com','qwe','FEMALE',NULL,NULL,'f94e0251-62d1-4aa4-bc55-c4334d3fa114',NULL,NULL,NULL,'1117934693',NULL,'2441ea00-05a9-49fd-aa0f-68ea4dc838e2',NULL,_binary '\0','ACTIVE',NULL,1684682013300,'ee1dce36-3f93-4a22-b3bd-548d63dbd095','+201117934693','keycloak',5),(724,'+966',NULL,1684685603578,NULL,'appcoo@mailinator.com','ehabco','MALE',NULL,NULL,NULL,NULL,NULL,NULL,'544333222',3,'e38e2872-d469-401c-ae60-8173166d212d',NULL,_binary '\0','ACTIVE',NULL,1684685603578,'a3ae9219-d8e0-426b-92fa-2711b2de43bf','+966544333222','keycloak',2),(725,'+20',NULL,1684749137696,NULL,'newclubadmin@mailinator.com','NewClub','MALE',NULL,NULL,NULL,'kda failed','karim admin',1684749415182,'1073653748',203,'e38e2872-d469-401c-ae60-8173166d212d',NULL,_binary '\0','ACTIVE',NULL,1684749137696,'be0952e0-e013-4364-83a9-adab3980b838','+201073653748','keycloak',2),(726,'+966','faeb2d88-a266-43a8-a5e5-944e135093f6',1684749252618,'1_STCS_CUST','stagesalwa@mailinator.com','stage salwa','MALE','EMPLOYEE',NULL,'f94e0251-62d1-4aa4-bc55-c4334d3fa114',NULL,NULL,NULL,'556777555',13,'659bdce7-b2e6-4a70-983c-600d5992d393',NULL,_binary '\0','ACTIVE','faeb2d88-a266-43a8-a5e5-944e135093f6',1684749252618,'eb9432a0-5b2c-4cb2-b087-74cc80e4d11d','+966556777555','keycloak',6),(727,'+966',NULL,1684756431500,'1_STCS_CUST','kcoach@mailinator.com','coach karim','MALE',NULL,NULL,'f94e0251-62d1-4aa4-bc55-c4334d3fa114',NULL,NULL,NULL,'554321123',NULL,'afce018e-db73-4491-918a-fdc3f260351c',NULL,_binary '\0','ACTIVE',NULL,1684756431500,'45013eda-67d2-439e-906a-fef17d42567d','+966554321123','keycloak',4),(728,'+966',NULL,1684831686361,NULL,'sefteststc11@hotmail.com','ownereer','MALE',NULL,NULL,NULL,NULL,NULL,NULL,'554674671',NULL,'e38e2872-d469-401c-ae60-8173166d212d',NULL,_binary '\0','ACTIVE',NULL,1684831686361,'34ea0a57-1fcb-4198-96d2-52ef7c3ee5dd','+966554674671','keycloak',2),(729,'+966','faeb2d88-a266-43a8-a5e5-944e135093f6',1685368449395,'1_STCS_CUST','It4@saudiesports.sa','hamed','MALE','EMPLOYEE',NULL,'f94e0251-62d1-4aa4-bc55-c4334d3fa114',NULL,NULL,NULL,'532343448',NULL,'3d520dd9-c05d-4319-b73b-9e812dbcf299',NULL,_binary '\0','ACTIVE','faeb2d88-a266-43a8-a5e5-944e135093f6',1685368449395,'c6cfb2ef-09b7-4dc8-bb6d-1489af9afbde','+966532343448','keycloak',6),(730,'+966','faeb2d88-a266-43a8-a5e5-944e135093f6',1685368732703,'1_STCS_CUST','samehhmohammed@gmailc.om','sameh','MALE','EMPLOYEE',NULL,'f94e0251-62d1-4aa4-bc55-c4334d3fa114','test','admin@esports.sa',1685368929054,'544037975',57,'78c8722a-f9ca-402e-90ae-1ba1bf06b706',NULL,_binary '\0','DISABLED','faeb2d88-a266-43a8-a5e5-944e135093f6',1685368732703,'544153b0-a3e3-45dc-9c74-50866d468ad2','+966544037975','keycloak',6),(731,'+966','faeb2d88-a266-43a8-a5e5-944e135093f6',1685368784056,'1_STCS_CUST','samehhmohammed@gmail.om','sameh test','MALE','EMPLOYEE',NULL,'f94e0251-62d1-4aa4-bc55-c4334d3fa114','test','admin@esports.sa',1685368914129,'500037975',57,'c77efd68-9e5e-4469-84f8-c4c333e2a3cc',NULL,_binary '\0','DISABLED','faeb2d88-a266-43a8-a5e5-944e135093f6',1685368784056,'078414dd-1139-46c2-8762-2da086a34820','+966500037975','keycloak',6),(732,'+966','faeb2d88-a266-43a8-a5e5-944e135093f6',1685368868804,'1_STCS_CUST','samehhmohammed@gmail.com','sameh test','MALE','EMPLOYEE',NULL,'f94e0251-62d1-4aa4-bc55-c4334d3fa114','tst','admin@esports.sa',1685369001272,'544997075',57,'c77efd68-9e5e-4469-84f8-c4c333e2a3cc',NULL,_binary '\0','ACTIVE','faeb2d88-a266-43a8-a5e5-944e135093f6',1685368868804,'75ade22c-a53f-461a-8426-07949b89829c','+966544997075','keycloak',6),(733,'+966','faeb2d88-a266-43a8-a5e5-944e135093f6',1685369099498,'1_STCS_CUST','samehhmohammed_@gmail.com','test sam','MALE','EMPLOYEE',NULL,'f94e0251-62d1-4aa4-bc55-c4334d3fa114','test','admin@esports.sa',1685369198800,'544037706',57,'c77efd68-9e5e-4469-84f8-c4c333e2a3cc',NULL,_binary '\0','DISABLED','faeb2d88-a266-43a8-a5e5-944e135093f6',1685369099498,'4a4dd1bd-c4a1-4a76-a6e8-1db977d5703f','+966544037706','keycloak',6),(735,'+966','faeb2d88-a266-43a8-a5e5-944e135093f6',1685618075436,'1_STCS_CUST','sefteststcupdate@hotmail.com','ssalwaaa','MALE','EMPLOYEE',NULL,'f94e0251-62d1-4aa4-bc55-c4334d3fa114',NULL,NULL,NULL,'556664344',8,'659bdce7-b2e6-4a70-983c-600d5992d393',NULL,_binary '\0','ACTIVE','faeb2d88-a266-43a8-a5e5-944e135093f6',1685618578471,'1312014a-0cfd-4d3e-9b69-5c80df3902f3','+966556664344','keycloak',6),(737,'+966',NULL,1685955847267,'1_STCS_CUST','qweqwe@qwewqe.com','qwe',NULL,NULL,NULL,'f94e0251-62d1-4aa4-bc55-c4334d3fa114',NULL,NULL,NULL,'556466466',NULL,'afce018e-db73-4491-918a-fdc3f260351c',NULL,_binary '\0','ACTIVE',NULL,1685955847267,'a6684234-399b-49a0-9fee-a1ef3d0e2463','+966556466466','keycloak',4),(738,'+966',NULL,1686478421781,'1_STCS_CUST','mohamed.morad1001@outlook.com','mail stage',NULL,NULL,NULL,'f94e0251-62d1-4aa4-bc55-c4334d3fa114',NULL,NULL,NULL,'546564564',2,'7939ff23-9066-4393-bd64-940c0d4d5a77',NULL,_binary '\0','ACTIVE',NULL,1686478421781,'d1050d49-e807-4124-990c-ba187492aadd','+966546564564','keycloak',3),(739,'+20',NULL,1687334249704,NULL,'ayaclub@mailinator.com','ayaclub','MALE',NULL,NULL,NULL,NULL,NULL,NULL,'1086543663',203,'e38e2872-d469-401c-ae60-8173166d212d',NULL,_binary '\0','ACTIVE',NULL,1687334249704,'294c496a-8327-47bd-99d8-200603adfdd5','+201086543663','keycloak',2),(740,'+966',NULL,1687340641478,'1_STCS_CUST','StageRefeereeSalwa@mailinator.com','Stage Refeeree Salwa','FEMALE',NULL,NULL,'f94e0251-62d1-4aa4-bc55-c4334d3fa114',NULL,NULL,NULL,'556565654',203,'2441ea00-05a9-49fd-aa0f-68ea4dc838e2','esports/41f250dc-4f18-48f2-800d-be45ae350ea4__logo - OTHER.jpg',_binary '\0','ACTIVE',NULL,1687340641478,'58dcf329-22c7-45e2-b227-43b1bc5667f6','+966556565654','keycloak',5),(741,'+966',NULL,1687341666093,NULL,'nzycj64@mailinator.com','wtxFQ','FEMALE',NULL,NULL,NULL,NULL,NULL,NULL,'564976352',168,'ffe2c473-a581-4fd5-92e7-642ef72384a2',NULL,_binary '\0','ACTIVE',NULL,1687341666093,'c41feb94-2aab-4bc7-9691-259409b73b42','+966564976352','keycloak',2),(742,'+966',NULL,1687342038640,'1_STCS_CUST','xxobd6@mailinator.com','zmRUk','MALE',NULL,NULL,'f94e0251-62d1-4aa4-bc55-c4334d3fa114',NULL,NULL,NULL,'568809214',168,'7939ff23-9066-4393-bd64-940c0d4d5a77',NULL,_binary '\0','ACTIVE',NULL,1687342038640,'6602f0e6-2d67-4c8b-98c9-b80298599f94','+966568809214','keycloak',3),(743,'+966',NULL,1687342539396,NULL,'clbown@mailinator.com','clbbbb','MALE',NULL,NULL,NULL,NULL,NULL,NULL,'552342341',NULL,'e38e2872-d469-401c-ae60-8173166d212d',NULL,_binary '\0','ACTIVE',NULL,1687342539396,'2c4e9cb2-a819-4a19-95e7-d6411578e9b1','+966552342341','keycloak',2),(744,'+966',NULL,1687344964594,NULL,'sanity@mailinator.com','sanity','MALE',NULL,NULL,NULL,NULL,NULL,NULL,'566666367',NULL,'e38e2872-d469-401c-ae60-8173166d212d',NULL,_binary '\0','ACTIVE',NULL,1687344964594,'440415d7-859c-4127-a71a-e9df63fb9aaa','+966566666367','keycloak',2),(745,'+966',NULL,1687346050679,NULL,'nyiks29@mailinator.com','KkRxB','MALE',NULL,NULL,NULL,NULL,NULL,NULL,'561871960',58,'e38e2872-d469-401c-ae60-8173166d212d',NULL,_binary '\0','ACTIVE',NULL,1687346050679,'35825d92-1fe7-4d39-afe0-de4e62c6d8c5','+966561871960','keycloak',2),(747,'+966',NULL,1687346553691,NULL,'cxwpf24@mailinator.com','KDcGD','MALE',NULL,NULL,NULL,NULL,NULL,NULL,'562953272',58,'ffe2c473-a581-4fd5-92e7-642ef72384a2',NULL,_binary '\0','ACTIVE',NULL,1687346553691,'a0fb0dac-40d6-4c3b-b912-6828fd2f86fd','+966562953272','keycloak',2),(749,'+966',NULL,1687347438204,NULL,'akkug33@mailinator.com','cTyjw','FEMALE',NULL,NULL,NULL,NULL,NULL,NULL,'561999142',168,'ffe2c473-a581-4fd5-92e7-642ef72384a2',NULL,_binary '\0','ACTIVE',NULL,1687347438204,'af59b628-c6c0-4bbd-9937-65a954af6569','+966561999142','keycloak',2),(750,'+966',NULL,1687347519729,'1_STCS_CUST','evwte5@mailinator.com','XxFwy','MALE',NULL,NULL,'f94e0251-62d1-4aa4-bc55-c4334d3fa114',NULL,NULL,NULL,'569179108',168,'7939ff23-9066-4393-bd64-940c0d4d5a77',NULL,_binary '\0','ACTIVE',NULL,1687347519729,'b593804b-40fa-49b4-9e1e-5b5058ea133d','+966569179108','keycloak',3),(751,'+966',NULL,1687347597402,'1_STCS_CUST','edlqc14@mailinator.com','aHVpb','MALE',NULL,NULL,'f94e0251-62d1-4aa4-bc55-c4334d3fa114',NULL,NULL,NULL,'564566119',168,'afce018e-db73-4491-918a-fdc3f260351c',NULL,_binary '\0','ACTIVE',NULL,1687347597402,'9544fbda-e4c6-4370-ac6c-df8240292b3e','+966564566119','keycloak',4),(752,'+966',NULL,1687347675454,'1_STCS_CUST','jkhns31@mailinator.com','aeeYT','MALE',NULL,NULL,'f94e0251-62d1-4aa4-bc55-c4334d3fa114',NULL,NULL,NULL,'563644320',168,'2441ea00-05a9-49fd-aa0f-68ea4dc838e2',NULL,_binary '\0','ACTIVE',NULL,1687347675454,'dd4e4cf1-564e-4da7-91c2-1c37813ffaf3','+966563644320','keycloak',5),(753,'+966',NULL,1687347753213,'1_STCS_CUST','stimm92@mailinator.com','xhXXf','MALE',NULL,NULL,NULL,NULL,NULL,NULL,'563440899',168,'96bde3de-3ac8-4880-816f-4fb64ea10cd4',NULL,_binary '\0','ACTIVE',NULL,1687347753213,'5ae13e3b-7dbd-45b2-bdf4-9f8287be56eb','+966563440899','keycloak',7),(754,'+966',NULL,1687347830836,'1_STCS_CUST','rctiu33@mailinator.com','odKuN','MALE',NULL,NULL,'29ba628f-a208-4da6-958a-c7764c413729',NULL,NULL,NULL,'568403036',168,'067b2bf5-7c61-46b8-a094-85b31c3c32b6',NULL,_binary '\0','ACTIVE',NULL,1687347830836,'b17ee44a-080f-4e14-9876-eb4c1a5f4000','+966568403036','keycloak',8),(755,'+966',NULL,1687347907748,'1_STCS_CUST','pjnug0@mailinator.com','oJzwP','MALE',NULL,NULL,'f94e0251-62d1-4aa4-bc55-c4334d3fa114',NULL,NULL,NULL,'562237630',168,'8748c375-2541-400c-8648-6314909f9089',NULL,_binary '\0','ACTIVE',NULL,1687347907748,'d6ea3af4-7860-408b-8c8a-c47c95c7f23a','+966562237630','keycloak',9),(756,'+966',NULL,1687347984299,'1_STCS_CUST','hpvgl54@mailinator.com','WcdFA','MALE',NULL,NULL,NULL,NULL,NULL,NULL,'565150604',168,'bf77c59d-03a8-45c7-b502-68a080c93b3d',NULL,_binary '\0','ACTIVE',NULL,1687347984299,'4cb5559a-d780-4a06-a655-258baf465f38','+966565150604','keycloak',10),(757,'+966',NULL,1687348061614,'1_STCS_CUST','emtsy50@mailinator.com','ehcuT','MALE',NULL,NULL,NULL,NULL,NULL,NULL,'561483671',168,'03513693-bc32-4269-af79-b4abe571dffb',NULL,_binary '\0','ACTIVE',NULL,1687348061614,'08246fd9-30b8-4859-a5a9-7da849f4b026','+966561483671','keycloak',11),(758,'+966',NULL,1687348139226,'1_STCS_CUST','voshr94@mailinator.com','jPFoL','MALE',NULL,NULL,NULL,'nn','admin@saudiesports.sa',1690712455215,'563761820',168,'8199a7b1-5c52-4d20-b57e-3432f81a5534',NULL,_binary '\0','ACTIVE',NULL,1687348139226,'67bb9cce-e3b1-44e3-8802-3b5bf749996f','+966563761820','keycloak',12),(759,'+966',NULL,1687348216998,'1_STCS_CUST','okcfy55@mailinator.com','OFEMx','MALE',NULL,NULL,NULL,NULL,NULL,NULL,'562848791',168,'96bde3de-3ac8-4880-816f-4fb64ea10cd4',NULL,_binary '\0','ACTIVE',NULL,1687348216998,'f56d738a-8499-4a7c-8cb9-1cd15402c9a7','+966562848791','keycloak',7),(760,'+966',NULL,1687348294228,'1_STCS_CUST','lhtqo37@mailinator.com','hDEtd','MALE',NULL,NULL,NULL,NULL,NULL,NULL,'569296913',168,'795b19ff-8bd6-4e4f-9759-d2db0eb71f6f',NULL,_binary '\0','ACTIVE',NULL,1687348294228,'acf302a1-2e53-4899-b7a5-b77f06f7d453','+966569296913','keycloak',13),(761,'+966',NULL,1687348370536,'1_STCS_CUST','yzojs98@mailinator.com','TplFM','MALE',NULL,NULL,NULL,NULL,NULL,NULL,'567327349',168,'e65a07f2-e908-4fea-94f9-00f47b9ba6f7',NULL,_binary '\0','ACTIVE',NULL,1687348370536,'d1adab64-1f3f-4e87-9d10-f15030a8dbbb','+966567327349','keycloak',14),(762,'+966',NULL,1687348447379,'1_STCS_CUST','jxgit78@mailinator.com','VqwUP','MALE',NULL,NULL,'f94e0251-62d1-4aa4-bc55-c4334d3fa114',NULL,NULL,NULL,'564139579',168,'a7872392-502a-4cfc-8188-aaab6820fbb4',NULL,_binary '\0','ACTIVE',NULL,1687348447379,'b4bc5684-63e1-46b3-bd93-574780375f6e','+966564139579','keycloak',15),(763,'+966',NULL,1687348525445,'1_STCS_CUST','hzunn21@mailinator.com','GwJSU','MALE',NULL,NULL,NULL,NULL,NULL,NULL,'569634042',168,'8be48ff7-0752-4e4e-b4ce-3ff0a1236153',NULL,_binary '\0','ACTIVE',NULL,1687348525445,'fc60290c-ccd7-4449-9c20-9b94a33d1c93','+966569634042','keycloak',16),(764,'+966',NULL,1687348601916,'1_STCS_CUST','sosba50@mailinator.com','MxNzU','MALE',NULL,NULL,'f94e0251-62d1-4aa4-bc55-c4334d3fa114',NULL,NULL,NULL,'569671663',168,'96abc0be-977a-471f-87c1-7ba4ea16cf7a',NULL,_binary '\0','ACTIVE',NULL,1687348601916,'1f9b4374-a836-4a18-b0bd-b66768ac6039','+966569671663','keycloak',17),(765,'+966',NULL,1687348629225,NULL,'zsnvp49@mailinator.com','XxlgP','MALE',NULL,NULL,NULL,NULL,NULL,NULL,'564192165',58,'ffe2c473-a581-4fd5-92e7-642ef72384a2',NULL,_binary '\0','ACTIVE',NULL,1687348629225,'6321efc0-23db-46ab-8804-cca9da7d204b','+966564192165','keycloak',2),(766,'+966',NULL,1687348775839,NULL,'vdydb64@mailinator.com','LsCcb','MALE',NULL,NULL,NULL,'hh','SFE admin',1690810798743,'565322019',NULL,'e38e2872-d469-401c-ae60-8173166d212d',NULL,_binary '\0','ACTIVE',NULL,1687348775839,'6a0b9489-7499-49e7-8356-7be497758dcc','+966565322019','keycloak',2),(768,'+966',NULL,1687349002688,NULL,'ibdoe88@mailinator.com','eoUDc','FEMALE',NULL,NULL,NULL,NULL,NULL,NULL,'565197342',168,'ffe2c473-a581-4fd5-92e7-642ef72384a2',NULL,_binary '\0','ACTIVE',NULL,1687349002688,'a123bb40-dc9f-4759-ad55-b393acc44498','+966565197342','keycloak',2),(770,'+966',NULL,1687349238526,NULL,'jxfml28@mailinator.com','bogUD','FEMALE',NULL,NULL,NULL,NULL,NULL,NULL,'561312464',168,'ffe2c473-a581-4fd5-92e7-642ef72384a2',NULL,_binary '\0','ACTIVE',NULL,1687349238526,'0aa283ac-edd6-4160-be73-8320e4c46c14','+966561312464','keycloak',2),(771,'+966',NULL,1687349821945,'1_STCS_CUST','refereestg@mailinator.com','referee','MALE',NULL,NULL,'f94e0251-62d1-4aa4-bc55-c4334d3fa114',NULL,NULL,NULL,'553221233',NULL,'2441ea00-05a9-49fd-aa0f-68ea4dc838e2',NULL,_binary '\0','ACTIVE',NULL,1687349821945,'384eebed-134d-4b97-980a-8d2316659fc8','+966553221233','keycloak',5),(772,'+966',NULL,1687349969541,'1_STCS_CUST','playerstg@mailinator.com','player stagee','FEMALE',NULL,NULL,'f94e0251-62d1-4aa4-bc55-c4334d3fa114',NULL,NULL,NULL,'554644643',9,'7939ff23-9066-4393-bd64-940c0d4d5a77','',_binary '\0','ACTIVE',NULL,1687349969541,'6d1fe2a2-61f2-4e1e-b913-d0e9844557d4','+966554644643','keycloak',3),(773,'+966',NULL,1687350420816,'1_STCS_CUST','salwacontent@mailinator.com','سلوي عبد الغفار سامي','MALE',NULL,NULL,NULL,NULL,NULL,NULL,'556788999',13,'8be48ff7-0752-4e4e-b4ce-3ff0a1236153','esports/94e99cfe-283d-41e2-8fe8-67890f7b15c0__alhilal esports (1) (1).png',_binary '\0','ACTIVE',NULL,1687350420816,'7a796460-490c-4cc4-8dd0-fffd10d29f4d','+966556788999','keycloak',16),(774,'+966',NULL,1687350673944,'1_STCS_CUST','coachsalwastage@mailinator.com','salwa stage coach','FEMALE',NULL,NULL,'f94e0251-62d1-4aa4-bc55-c4334d3fa114',NULL,NULL,NULL,'512233344',8,'afce018e-db73-4491-918a-fdc3f260351c',NULL,_binary '\0','ACTIVE',NULL,1687350673944,'11c9c418-aefc-436f-a730-b876b4786235','+966512233344','keycloak',4),(775,'+966',NULL,1687350971605,'1_STCS_CUST','sanityplayer@mailinator.com','sanity player',NULL,NULL,NULL,'f94e0251-62d1-4aa4-bc55-c4334d3fa114',NULL,NULL,NULL,'534234333',2,'7939ff23-9066-4393-bd64-940c0d4d5a77',NULL,_binary '\0','ACTIVE',NULL,1687350971605,'3df82db5-03e4-446f-923d-9f60cb273931','+966534234333','keycloak',3),(777,'+966','93a265f1-26c7-459e-9a37-5ecee4ed5148',1687351485102,'1_STCS_CUST','stguser@mailinator.com','stage user','MALE','EMPLOYEE',NULL,'f94e0251-62d1-4aa4-bc55-c4334d3fa114',NULL,NULL,NULL,'553633633',8,'47f86776-2aa2-4e4b-96ac-f03c05a3e125',NULL,_binary '\0','ACTIVE','93a265f1-26c7-459e-9a37-5ecee4ed5148',1687351514315,'a66544f5-3c12-4640-87bf-302adc739bb0','+966553633633','keycloak',6),(778,'+966','93a265f1-26c7-459e-9a37-5ecee4ed5148',1687351566512,'1_STCS_CUST','staguser@mailinator.com','stguser','MALE','EMPLOYEE',NULL,'f94e0251-62d1-4aa4-bc55-c4334d3fa114',NULL,NULL,NULL,'553733733',8,'47f86776-2aa2-4e4b-96ac-f03c05a3e125',NULL,_binary '\0','ACTIVE','93a265f1-26c7-459e-9a37-5ecee4ed5148',1687351566512,'4f72df9b-cb27-49c3-b209-4d287648a284','+966553733733','keycloak',6),(779,'+966','93a265f1-26c7-459e-9a37-5ecee4ed5148',1687351780256,'1_STCS_CUST','sefteststcupdate3@hotmail.com','outlook','MALE','EMPLOYEE',NULL,'f94e0251-62d1-4aa4-bc55-c4334d3fa114',NULL,NULL,NULL,'552722722',8,'47f86776-2aa2-4e4b-96ac-f03c05a3e125',NULL,_binary '\0','ACTIVE','faeb2d88-a266-43a8-a5e5-944e135093f6',1687356226377,'976968ff-61bc-42d4-aba2-96646ab761bb','+966552722722','keycloak',6),(780,'+966',NULL,1687354204616,'1_STCS_CUST','sanityplayer2@mailinator.com','sanity player two',NULL,NULL,NULL,'f94e0251-62d1-4aa4-bc55-c4334d3fa114',NULL,NULL,NULL,'543532345',2,'7939ff23-9066-4393-bd64-940c0d4d5a77',NULL,_binary '\0','ACTIVE',NULL,1687354204616,'eead7e1c-98c0-4608-8930-41a55f79ad47','+966543532345','keycloak',3),(781,'+966',NULL,1687354289194,'1_STCS_CUST','sanity_c@mailinator.com','sanity coach',NULL,NULL,NULL,'f94e0251-62d1-4aa4-bc55-c4334d3fa114',NULL,NULL,NULL,'543534533',203,'afce018e-db73-4491-918a-fdc3f260351c',NULL,_binary '\0','ACTIVE',NULL,1687354289194,'9803b1d2-a88d-491f-a9b8-db660ad50a9c','+966543534533','keycloak',4),(783,'+966',NULL,1687425992173,'1_STCS_CUST','Salwa_ms1985@live.com','salwa nabil stage ply','FEMALE',NULL,NULL,'f94e0251-62d1-4aa4-bc55-c4334d3fa114',NULL,NULL,NULL,'556676767',8,'7939ff23-9066-4393-bd64-940c0d4d5a77','esports/40c58371-faf1-4b9d-bc39-19fddf756163__Screenshot 2022-11-24 122207.png',_binary '\0','ACTIVE',NULL,1687425992173,'86262fe1-8881-4cea-b6ca-f1aefd9b02d4','+966556676767','keycloak',3),(784,'+966',NULL,1687426467429,'1_STCS_CUST','Salwa.qc@gmail.com','salwa coach stage','MALE',NULL,NULL,'f94e0251-62d1-4aa4-bc55-c4334d3fa114',NULL,NULL,NULL,'556687878',NULL,'afce018e-db73-4491-918a-fdc3f260351c',NULL,_binary '\0','ACTIVE',NULL,1687426467429,'f4eb2777-cf94-481a-bffd-f1f66f0b7e38','+966556687878','keycloak',4),(785,'+966',NULL,1687432655485,NULL,'vjldu18@mailinator.com','Vhced','MALE',NULL,NULL,NULL,NULL,NULL,NULL,'563049359',58,'ffe2c473-a581-4fd5-92e7-642ef72384a2',NULL,_binary '\0','ACTIVE',NULL,1687432655485,'4254a550-7669-4214-a45a-d9fa3a6ef211','+966563049359','keycloak',2),(786,'+966',NULL,1688545484577,'1_STCS_CUST','riadhplayer@riadh.com','riadh bel haj salah','MALE',NULL,NULL,'f94e0251-62d1-4aa4-bc55-c4334d3fa114',NULL,NULL,NULL,'532773522',NULL,'7939ff23-9066-4393-bd64-940c0d4d5a77',NULL,_binary '\0','ACTIVE',NULL,1688545484577,'e80224a5-2e67-4533-87d3-de2a0f469d69','+966532773522','keycloak',3),(787,NULL,NULL,NULL,'1_STCS_CUST','admin@saudiesports.sa','SFE admin',NULL,NULL,NULL,'f94e0251-62d1-4aa4-bc55-c4334d3fa114',NULL,NULL,NULL,'+966554254232',NULL,NULL,'',_binary '','ACTIVE',NULL,1690303788425,'c1c9ad75-7dd5-45d6-9cb2-7ab6ad1b2515','+966554254232','keycloak',1),(789,'+20','c1c9ad75-7dd5-45d6-9cb2-7ab6ad1b2515',1690365698159,'1_STCS_CUST','ossama200@mailinator.com','Ossama','MALE','EMPLOYEE',NULL,'f94e0251-62d1-4aa4-bc55-c4334d3fa114',NULL,NULL,NULL,'1008007054',57,'3d520dd9-c05d-4319-b73b-9e812dbcf299',NULL,_binary '\0','ACTIVE','c1c9ad75-7dd5-45d6-9cb2-7ab6ad1b2515',1690365698160,'9db6983f-9934-468e-8b3a-fccdd734d2a0','+201008007054','keycloak',6),(790,'+20','c1c9ad75-7dd5-45d6-9cb2-7ab6ad1b2515',1690365848493,'1_STCS_CUST','ossama300@mailinator.com','Ossama','MALE','EMPLOYEE',NULL,'68222630-f673-4682-8106-1be72fa4ceca',NULL,NULL,NULL,'1008007055',57,'3d520dd9-c05d-4319-b73b-9e812dbcf299',NULL,_binary '\0','ACTIVE','c1c9ad75-7dd5-45d6-9cb2-7ab6ad1b2515',1690365848493,'35201c34-4fcf-4f0a-9d78-a378213eaf82','+201008007055','keycloak',6),(791,'+20',NULL,1690368120212,'1_STCS_CUST','ossama1@mailinator.com','Mohamed Ossama','MALE',NULL,NULL,'f94e0251-62d1-4aa4-bc55-c4334d3fa114',NULL,NULL,NULL,'1155110355',NULL,'7939ff23-9066-4393-bd64-940c0d4d5a77',NULL,_binary '\0','ACTIVE',NULL,1690368120212,'9bc256b7-93fe-4706-a066-1e371e9b1cdc','+201155110355','keycloak',3),(792,'+966','c1c9ad75-7dd5-45d6-9cb2-7ab6ad1b2515',1690368353639,'1_STCS_CUST','cerdutakki@gufum.com','Khalid','MALE','EMPLOYEE',NULL,'68222630-f673-4682-8106-1be72fa4ceca',NULL,NULL,NULL,'533953333',57,'3d520dd9-c05d-4319-b73b-9e812dbcf299',NULL,_binary '\0','ACTIVE','c1c9ad75-7dd5-45d6-9cb2-7ab6ad1b2515',1690368353639,'5e7e7f72-911a-42ed-9ea6-488ea1391c69','+966533953333','keycloak',6),(793,'+20','c1c9ad75-7dd5-45d6-9cb2-7ab6ad1b2515',1690368805232,'1_STCS_CUST','ossama500@mailinator.com','Ossama','MALE','EMPLOYEE',NULL,'f94e0251-62d1-4aa4-bc55-c4334d3fa114','blcosj','yasmine emad mohamed steps',1690791982762,'1155110399',57,'3d520dd9-c05d-4319-b73b-9e812dbcf299',NULL,_binary '\0','DISABLED','c1c9ad75-7dd5-45d6-9cb2-7ab6ad1b2515',1690368805232,'1c1e752c-7d9e-48f1-87db-31f037daae32','+201155110399','keycloak',6),(794,'+966',NULL,1690373945226,'1_STCS_CUST','stage_p@mailinator.com','new player','MALE',NULL,NULL,'f94e0251-62d1-4aa4-bc55-c4334d3fa114',NULL,NULL,NULL,'594848575',NULL,'7939ff23-9066-4393-bd64-940c0d4d5a77',NULL,_binary '\0','ACTIVE',NULL,1690373945226,'dbb34b04-5177-4620-be7b-c0fcddfd5d79','+966594848575','keycloak',3),(796,'+966','c1c9ad75-7dd5-45d6-9cb2-7ab6ad1b2515',1690376072216,'1_STCS_CUST','salwastagejuly@mailinator.com','سلوي استيج يويليو','FEMALE','VENDOR',NULL,'f94e0251-62d1-4aa4-bc55-c4334d3fa114',NULL,NULL,NULL,'554432112',NULL,'b593c1f4-0b05-4f7d-a883-617aad6ab92b',NULL,_binary '\0','ACTIVE','c1c9ad75-7dd5-45d6-9cb2-7ab6ad1b2515',1690376072216,'17bbd9d5-7f13-4c8b-9468-1b62f447ea83','+966554432112','keycloak',6),(797,'+966','c1c9ad75-7dd5-45d6-9cb2-7ab6ad1b2515',1690712929918,'1_STCS_CUST','mahmoud-internal@mailinator.com','Mahmoud Internal','MALE','EMPLOYEE',NULL,'29ba628f-a208-4da6-958a-c7764c413729','sss','admin@saudiesports.sa',1690713353964,'550996666',4,'fae37fee-673c-4896-92c0-534a4329b73f',NULL,_binary '\0','ACTIVE','c1c9ad75-7dd5-45d6-9cb2-7ab6ad1b2515',1690713192215,'513b78d9-605a-4733-9d09-a51e6a97b312','+966550996666','keycloak',6),(799,'+20','c1c9ad75-7dd5-45d6-9cb2-7ab6ad1b2515',1690719686640,'1_STCS_CUST','ossama100@mailinator.com','Mohamed Ossama','MALE','EMPLOYEE',NULL,'f94e0251-62d1-4aa4-bc55-c4334d3fa114','block','SFE admin',1690810753961,'1005003322',57,'3d520dd9-c05d-4319-b73b-9e812dbcf299',NULL,_binary '\0','ACTIVE','c1c9ad75-7dd5-45d6-9cb2-7ab6ad1b2515',1690719686640,'c8cb05f3-2908-4bb7-8173-e4c7204967cd','+201005003322','keycloak',6),(800,'+966','c1c9ad75-7dd5-45d6-9cb2-7ab6ad1b2515',1690792158315,'1_STCS_CUST','super_user@mailinator.com','super user','MALE','EMPLOYEE',NULL,'29ba628f-a208-4da6-958a-c7764c413729','fkrkkr','admin@saudiesports.sa',1690792168944,'544837474',3,'659bdce7-b2e6-4a70-983c-600d5992d393',NULL,_binary '\0','DISABLED','c1c9ad75-7dd5-45d6-9cb2-7ab6ad1b2515',1690792158315,'8df2935b-f2e7-4049-bb70-e58cb72f61b7','+966544837474','keycloak',6),(801,'+966',NULL,1690794692654,'1_STCS_CUST','mahmoud.aboelsou.d.p@gmail.com','Coach Mahmoud','MALE',NULL,NULL,'f94e0251-62d1-4aa4-bc55-c4334d3fa114','block','SFE admin',1690810703467,'566567888',NULL,'afce018e-db73-4491-918a-fdc3f260351c',NULL,_binary '\0','DISABLED',NULL,1690794692654,'24ced40d-0b17-4a1f-8d7c-5c4729ebde4d','+966566567888','keycloak',4),(802,'+966',NULL,1690805971385,'1_STCS_CUST','ggggg@ggg.com','jjjjjj','MALE',NULL,NULL,'f94e0251-62d1-4aa4-bc55-c4334d3fa114','blocked member by me','yasmine emad haggag',1691565877446,'565567888',NULL,'2441ea00-05a9-49fd-aa0f-68ea4dc838e2',NULL,_binary '\0','DISABLED',NULL,1690805971385,'193e40f3-b965-48f6-b256-762a9f6dcbdd','+966565567888','keycloak',5),(803,'+966','c1c9ad75-7dd5-45d6-9cb2-7ab6ad1b2515',1690807131924,'1_STCS_CUST','gggg@ddd.com','gggggg','MALE','EMPLOYEE',NULL,'29ba628f-a208-4da6-958a-c7764c413729','hhhhh','admin@saudiesports.sa',1690807145375,'565556666',203,'659bdce7-b2e6-4a70-983c-600d5992d393',NULL,_binary '\0','DISABLED','c1c9ad75-7dd5-45d6-9cb2-7ab6ad1b2515',1690807131924,'e912896e-7983-445e-949f-77cba654673d','+966565556666','keycloak',6),(804,'+20','c1c9ad75-7dd5-45d6-9cb2-7ab6ad1b2515',1690813464329,'1_STCS_CUST','ossama11@mailinator.com','ossama','MALE','EMPLOYEE',NULL,'f94e0251-62d1-4aa4-bc55-c4334d3fa114',NULL,NULL,NULL,'1002133119',57,'3d520dd9-c05d-4319-b73b-9e812dbcf299',NULL,_binary '\0','ACTIVE','c1c9ad75-7dd5-45d6-9cb2-7ab6ad1b2515',1690813464329,'a0615c1b-6ed7-45e7-99a9-df59e7923638','+201002133119','keycloak',6),(805,'+966','09b95855-2dba-476e-a078-f6241c00ff06',1690871237071,'1_STCS_CUST','yasmeen_emad_p@outlook.com','yas','MALE','EMPLOYEE',NULL,'f94e0251-62d1-4aa4-bc55-c4334d3fa114','bolcke','yasmine emad eldeen',1690957911483,'530309494',8,'c77efd68-9e5e-4469-84f8-c4c333e2a3cc',NULL,_binary '\0','DISABLED','09b95855-2dba-476e-a078-f6241c00ff06',1690871420848,'7bc20522-cb60-4844-93bc-04ce33747be4','+966530309494','keycloak',6),(806,'+966','09b95855-2dba-476e-a078-f6241c00ff06',1690871455045,'1_STCS_CUST','yasmeen_emad_l@outlook.com','yas stage','MALE','EMPLOYEE',NULL,'f94e0251-62d1-4aa4-bc55-c4334d3fa114','blocked user by me','yasmine emad haggag',1691565858452,'549393484',NULL,'c77efd68-9e5e-4469-84f8-c4c333e2a3cc',NULL,_binary '\0','DISABLED','09b95855-2dba-476e-a078-f6241c00ff06',1690873740193,'2131b653-d86f-4ac5-8738-c640be044fcd','+966549393484','keycloak',6),(807,'+966',NULL,1690873267957,'1_STCS_CUST','pp_stage@mailinator.com','player stage',NULL,NULL,NULL,'f94e0251-62d1-4aa4-bc55-c4334d3fa114',NULL,NULL,NULL,'539398483',NULL,'7939ff23-9066-4393-bd64-940c0d4d5a77',NULL,_binary '\0','ACTIVE',NULL,1690873267957,'af9a89fd-98b7-4884-8b08-97d647296ae5','+966539398483','keycloak',3),(808,'+966',NULL,1690873456448,NULL,'owner_stage@mailinator.com','club owner stage','MALE',NULL,NULL,NULL,NULL,NULL,NULL,'539384875',6,'e38e2872-d469-401c-ae60-8173166d212d',NULL,_binary '\0','ACTIVE',NULL,1690873456448,'dbbcd966-a24e-4caa-842d-c7cf38217632','+966539384875','keycloak',2),(809,'+966','09b95855-2dba-476e-a078-f6241c00ff06',1690873761452,'1_STCS_CUST','yasmeen_emad@outlook.com','new','MALE','EMPLOYEE',NULL,'f94e0251-62d1-4aa4-bc55-c4334d3fa114',NULL,NULL,NULL,'539394848',NULL,'8168e46d-8d63-45e3-92a1-7b230f18ba39',NULL,_binary '\0','ACTIVE','09b95855-2dba-476e-a078-f6241c00ff06',1690873959009,'10f4dc94-f00d-4e11-ab15-487777ca731e','+966539394848','keycloak',6),(810,'+966',NULL,1690886984431,NULL,'testlicense@mailinator.com','test license','MALE',NULL,NULL,NULL,'block club','yasmine emad haggag',1691565945645,'554555455',16,'e38e2872-d469-401c-ae60-8173166d212d',NULL,_binary '\0','DISABLED',NULL,1690886984431,'6321b2e2-40bf-4a27-bb94-8f7d738764c6','+966554555455','keycloak',2),(811,'+966',NULL,1692169691477,'1_STCS_CUST','marwa.codmin@mailinator.com','marwa coadmin','MALE',NULL,NULL,'29ba628f-a208-4da6-958a-c7764c413729',NULL,NULL,NULL,'567879876',NULL,'067b2bf5-7c61-46b8-a094-85b31c3c32b6',NULL,_binary '\0','ACTIVE',NULL,1692169691477,'eca879c7-e356-4d77-99aa-7d6fb43d49ef','+966567879876','keycloak',8),(812,'+966','09b95855-2dba-476e-a078-f6241c00ff06',1692523837326,'1_STCS_CUST','sefteststc@hotmail.com','test sn','MALE','EMPLOYEE',NULL,'f94e0251-62d1-4aa4-bc55-c4334d3fa114',NULL,NULL,NULL,'556588876',NULL,'659bdce7-b2e6-4a70-983c-600d5992d393',NULL,_binary '\0','ACTIVE','09b95855-2dba-476e-a078-f6241c00ff06',1692523837326,'6da814df-4162-40da-ad0a-634a98f61f5d','+966556588876','keycloak',6);
/*!40000 ALTER TABLE `user_attributes_mapping` ENABLE KEYS */;
UNLOCK TABLES;

--
-- Table structure for table `user_registration_request`
--

DROP TABLE IF EXISTS `user_registration_request`;
/*!40101 SET @saved_cs_client     = @@character_set_client */;
/*!50503 SET character_set_client = utf8mb4 */;
CREATE TABLE `user_registration_request` (
  `system_id` varchar(255) NOT NULL,
  `created_at` datetime(6) DEFAULT NULL,
  `updated_at` datetime(6) DEFAULT NULL,
  `email` varchar(255) DEFAULT NULL,
  `first_name` varchar(255) DEFAULT NULL,
  `last_name` varchar(255) DEFAULT NULL,
  `password` varchar(255) DEFAULT NULL,
  `status` varchar(255) DEFAULT NULL,
  `username` varchar(255) DEFAULT NULL,
  PRIMARY KEY (`system_id`)
) ENGINE=InnoDB DEFAULT CHARSET=utf8mb4 COLLATE=utf8mb4_0900_ai_ci;
/*!40101 SET character_set_client = @saved_cs_client */;

--
-- Dumping data for table `user_registration_request`
--

LOCK TABLES `user_registration_request` WRITE;
/*!40000 ALTER TABLE `user_registration_request` DISABLE KEYS */;
/*!40000 ALTER TABLE `user_registration_request` ENABLE KEYS */;
UNLOCK TABLES;

--
-- Table structure for table `user_types`
--

DROP TABLE IF EXISTS `user_types`;
/*!40101 SET @saved_cs_client     = @@character_set_client */;
/*!50503 SET character_set_client = utf8mb4 */;
CREATE TABLE `user_types` (
  `id` int NOT NULL AUTO_INCREMENT,
  `code` varchar(255) DEFAULT NULL,
  `name` varchar(255) DEFAULT NULL,
  `name_ar` varchar(255) DEFAULT NULL,
  PRIMARY KEY (`id`)
) ENGINE=InnoDB AUTO_INCREMENT=18 DEFAULT CHARSET=utf8mb4 COLLATE=utf8mb4_0900_ai_ci;
/*!40101 SET character_set_client = @saved_cs_client */;

--
-- Dumping data for table `user_types`
--

LOCK TABLES `user_types` WRITE;
/*!40000 ALTER TABLE `user_types` DISABLE KEYS */;
INSERT INTO `user_types` VALUES (1,'ADMIN','Admin','ادمن'),(2,'CLUB_OWNER','Club Owner','مالك النادى'),(3,'PLAYER','Player','لاعب'),(4,'COACH','Coach','مدرب'),(5,'REFEREE','Referee','حكم'),(6,'INTERNAL','Internal','داخلى'),(7,'TEAM_MANAGER','Team Manager','مدير الفريق'),(8,'CLUB_ADMIN','Club Admin','أدمن النادى'),(9,'ANALYST','Analyst','محلل'),(10,'CASTER','Caster','معلق'),(11,'HOST','Host','مضيف'),(12,'MEDIA_OUTLET','Media Outlet','جهة إعلامية'),(13,'VIDEO_EDITOR','Video Editor','مضيف'),(14,'GRAPHIC_DESIGNER','Graphic Designer','مصمم جرافيك'),(15,'STREAMER','Streamer','ستريمر'),(16,'CONTENT_CREATOR','Content Creator','صانع محتوى'),(17,'GAME_DEVELOPER','Game Developer','مصمم العاب');
/*!40000 ALTER TABLE `user_types` ENABLE KEYS */;
UNLOCK TABLES;
SET @@SESSION.SQL_LOG_BIN = @MYSQLDUMP_TEMP_LOG_BIN;
/*!40103 SET TIME_ZONE=@OLD_TIME_ZONE */;

/*!40101 SET SQL_MODE=@OLD_SQL_MODE */;
/*!40014 SET FOREIGN_KEY_CHECKS=@OLD_FOREIGN_KEY_CHECKS */;
/*!40014 SET UNIQUE_CHECKS=@OLD_UNIQUE_CHECKS */;
/*!40101 SET CHARACTER_SET_CLIENT=@OLD_CHARACTER_SET_CLIENT */;
/*!40101 SET CHARACTER_SET_RESULTS=@OLD_CHARACTER_SET_RESULTS */;
/*!40101 SET COLLATION_CONNECTION=@OLD_COLLATION_CONNECTION */;
/*!40111 SET SQL_NOTES=@OLD_SQL_NOTES */;

-- Dump completed on 2023-08-21 15:04:20
